bpm	110
1	0.600	0	0	0	0	0	0
1	0.600	0	0	0	0	0	0
1	0.600	0	0	0	0	0	0
1	0.600	0	0	0	0	0	0
2	0.600	4	0	5	0	0	1
2	0.050	0	1	0	5	0	1
2	0.600	0	0	0	0	0	1
2	0.250	0	1	0	5	0	1
2	0.100	4	0	5	0	0	1
2	0.050	0	1	0	5	0	1
2	0.100	0	1	0	5	0	1
2	0.050	0	1	0	5	0	1
2	0.050	0	1	0	5	0	1
2	0.050	0	1	0	5	0	1
2	0.100	0	1	0	5	0	1
2	0.050	0	1	0	5	0	1
2	0.100	0	1	0	5	0	1
2	0.100	0	1	0	5	0	1
2	0.050	0	1	0	5	0	1
2	0.100	0	1	0	5	0	1
3	0.100	0	1	0	5	0	1
3	0.050	0	1	0	5	0	1
3	0.100	0	1	0	5	0	1
3	0.100	0	1	0	5	0	1
3	0.050	0	1	0	5	0	1
3	0.100	0	1	0	5	0	1
3	0.100	1	1	5	5	0	1
3	0.100	1	0	5	0	0	1
3	0.100	4	1	5	5	0	1
3	0.100	0	0	0	0	1	1
3	0.300	0	1	0	5	1	1
3	0.300	0	0	0	0	1	1
3	0.100	0	1	0	5	0	1
3	0.150	0	0	0	0	1	1
3	0.400	5	0	5	0	0	0
3	0.250	4	0	5	0	0	0
4	0.250	0	1	0	5	0	0
4	0.350	0	0	0	0	1	0
4	0.050	0	1	0	5	0	0
4	0.300	0	0	0	0	1	0
4	0.300	0	0	0	0	1	0
4	0.350	4	0	5	0	0	0
4	0.250	5	1	5	5	0	0
4	0.050	0	0	0	0	0	1
4	0.350	1	1	5	5	0	1
4	0.150	0	1	0	5	0	1
5	0.050	0	1	0	5	0	1
5	0.050	0	1	0	5	0	1
5	0.100	0	1	0	5	0	1
5	0.100	0	1	0	5	0	1
5	0.050	5	0	5	0	0	0
5	0.050	0	1	0	5	0	0
5	0.050	1	1	5	5	0	0
5	0.100	1	0	5	0	0	0
5	0.100	4	1	5	5	0	0
5	0.050	0	1	0	5	0	0
5	0.100	0	1	0	5	0	0
5	0.050	0	1	0	5	0	0
5	0.050	0	1	0	5	0	0
5	0.050	0	1	0	5	0	0
5	0.100	1	1	5	5	0	0
5	0.100	1	0	5	0	0	0
5	0.050	5	1	5	5	0	0
5	0.050	3	0	5	0	0	0
5	0.050	0	1	0	5	0	0
5	0.100	0	1	0	5	0	0
5	0.050	0	1	0	5	0	0
5	0.050	0	1	0	5	0	0
5	0.050	0	1	0	5	0	0
5	0.050	0	1	0	5	0	0
5	0.050	0	1	0	5	0	0
5	0.100	0	1	0	5	0	0
5	0.050	2	1	5	5	1	0
5	0.200	0	1	0	5	0	0
5	0.100	0	0	0	0	1	0
5	0.100	0	1	0	5	0	0
5	0.100	5	0	5	0	0	0
5	0.050	6	0	5	0	0	0
5	0.050	0	5	0	5	0	0
6	0.050	0	0	0	0	0	1
6	0.150	0	1	0	5	0	1
6	0.200	0	1	0	5	0	1
6	0.200	3	0	5	0	0	1
6	0.050	0	1	0	5	0	1
6	0.150	0	1	0	5	0	1
6	0.150	0	1	0	5	0	1
6	0.100	0	1	0	5	0	1
6	0.200	1	0	5	0	0	1
6	0.250	0	1	0	5	0	1
6	0.350	0	0	0	0	1	1
6	0.050	1	0	5	0	0	1
6	0.250	0	0	0	0	1	1
6	0.200	0	5	0	5	0	0
7	0.100	0	5	0	5	0	1
7	0.350	1	0	5	0	0	1
7	0.250	0	4	0	5	0	1
7	0.300	1	0	5	0	0	1
7	0.300	0	1	0	5	0	1
7	0.150	1	0	5	0	0	1
7	0.150	0	1	0	5	0	1
7	0.100	0	1	0	5	0	1
7	0.050	0	1	0	5	0	1
7	0.100	0	1	0	5	0	1
7	0.100	0	1	0	5	0	1
7	0.200	0	0	0	0	1	1
8	0.350	0	0	0	0	1	1
8	0.150	0	5	0	5	0	0
8	0.150	0	0	0	0	0	1
8	0.300	1	0	5	0	0	1
8	0.200	0	1	0	5	0	1
8	0.100	0	1	0	5	0	1
8	0.100	0	1	0	5	0	1
8	0.100	0	1	0	5	0	1
8	0.050	0	1	0	5	0	1
8	0.050	5	0	5	0	0	0
8	0.050	5	1	5	5	0	1
8	0.100	0	1	0	5	0	1
8	0.100	0	1	0	5	0	1
8	0.050	0	1	0	5	0	1
8	0.100	0	1	0	5	0	1
8	0.150	1	0	5	0	0	1
8	0.050	0	0	0	0	1	1
8	0.250	0	1	0	5	0	1
9	0.100	0	0	0	0	1	1
9	0.200	0	0	0	0	1	1
9	0.300	0	0	0	0	0	1
9	0.150	0	1	0	5	0	1
9	0.150	1	0	5	0	0	1
9	0.050	0	4	0	5	0	1
9	0.300	1	0	5	0	0	1
9	0.150	0	1	0	5	0	1
9	0.100	0	1	0	5	0	1
9	0.200	1	0	5	0	0	1
9	0.150	0	1	0	5	0	1
9	0.050	0	1	0	5	0	1
9	0.100	0	1	0	5	0	1
9	0.100	3	0	5	0	0	1
9	0.050	0	0	0	0	1	1
9	0.150	0	1	0	5	0	1
10	0.150	0	0	0	0	1	1
10	0.050	0	1	0	5	0	1
10	0.200	1	0	5	0	0	1
10	0.050	1	0	5	0	0	1
10	0.150	0	0	0	0	1	1
10	0.200	0	0	0	0	1	1
10	0.250	0	1	0	5	0	1
10	0.150	1	0	5	0	0	1
10	0.100	0	0	0	0	1	1
10	0.050	0	1	0	5	0	1
10	0.100	0	1	0	5	0	1
10	0.100	0	1	0	5	0	1
10	0.050	0	1	0	5	0	1
10	0.050	0	1	0	5	0	1
10	0.050	0	1	0	5	0	1
10	0.050	1	1	5	5	0	1
10	0.100	1	0	5	0	0	1
10	0.050	1	0	5	0	0	1
10	0.050	1	0	5	0	0	1
10	0.100	1	1	5	5	0	1
10	0.050	1	0	5	0	0	1
10	0.100	1	1	5	5	0	1
10	0.100	1	0	5	0	0	1
11	0.150	0	1	0	5	0	1
11	0.050	0	0	0	0	1	1
11	0.150	1	0	5	0	0	1
11	0.150	5	1	5	5	1	1
11	0.150	0	1	0	5	0	1
11	0.150	0	0	0	0	0	1
11	0.050	5	0	5	0	0	0
11	0.300	0	1	0	5	0	0
11	0.300	1	0	5	0	0	0
11	0.150	0	1	0	5	0	0
11	0.100	0	1	0	5	0	0
11	0.200	1	0	5	0	0	0
11	0.100	3	0	5	0	0	0
11	0.150	0	3	0	5	0	0
11	0.150	0	1	0	5	0	0
12	0.350	3	0	5	0	0	0
12	0.300	0	0	0	0	0	1
12	0.250	0	1	0	5	0	1
12	0.350	0	1	0	5	0	1
12	0.600	0	1	0	5	0	1
12	0.100	0	1	0	5	0	1
12	0.100	0	1	0	5	0	1
12	0.100	0	1	0	5	0	1
12	0.100	0	1	0	5	0	1
12	0.050	0	1	0	5	0	1
12	0.100	0	1	0	5	0	1
13	0.100	0	1	0	5	0	1
13	0.050	0	1	0	5	0	1
13	0.100	0	1	0	5	0	1
13	0.050	0	1	0	5	0	1
13	0.100	0	1	0	5	0	1
13	0.100	0	1	0	5	0	1
13	0.050	0	1	0	5	0	1
13	0.100	0	1	0	5	0	1
13	0.050	0	1	0	5	0	1
13	0.500	0	0	0	0	1	1
13	0.350	0	0	0	0	1	1
13	0.300	0	0	0	0	1	1
13	0.450	0	5	0	5	0	0
14	0.150	5	0	5	0	0	1
14	0.300	0	1	0	5	0	1
14	0.050	4	0	5	0	0	1
14	0.250	0	1	0	5	0	1
14	0.300	1	0	5	0	0	1
14	0.350	0	1	0	5	0	1
14	0.250	0	0	0	0	1	1
14	0.300	0	0	0	0	1	1
14	0.050	4	1	5	5	0	1
15	0.550	0	0	0	0	0	1
15	0.300	0	1	0	5	0	1
15	0.300	1	0	5	0	0	1
15	0.300	0	1	0	5	0	1
15	0.250	5	1	5	5	0	0
15	0.050	4	0	5	0	0	0
15	0.200	0	1	0	5	0	0
15	0.350	0	1	0	5	0	0
16	0.550	0	0	0	0	0	1
16	0.350	4	0	5	0	0	1
16	0.300	0	1	0	5	0	1
16	0.300	1	0	5	0	0	1
16	0.300	5	1	5	5	0	1
16	0.050	4	0	5	0	0	1
16	0.250	0	1	0	5	0	1
16	0.300	1	0	5	0	0	1
17	0.350	0	1	0	5	0	1
17	0.250	5	0	5	0	0	0
17	0.350	4	1	5	5	0	0
17	0.300	0	1	0	5	0	0
17	0.250	2	0	5	0	0	0
17	0.050	0	1	0	5	0	0
17	0.250	2	0	5	0	0	0
17	0.300	2	0	5	0	0	0
17	0.300	0	5	0	5	0	1
18	0.050	4	1	5	5	0	1
18	0.600	0	0	0	0	0	0
18	0.250	5	1	5	5	0	0
18	0.050	4	0	5	0	0	0
18	0.300	0	1	0	5	0	0
18	0.300	1	0	5	0	0	0
18	0.250	0	5	0	5	0	1
18	0.050	4	1	5	5	0	1
18	0.250	0	1	0	5	0	1
18	0.300	5	1	5	5	0	1
19	0.300	0	1	0	5	0	1
19	0.300	5	1	5	5	0	0
19	0.300	0	1	0	5	0	0
19	0.250	5	0	5	0	0	0
19	0.050	5	0	5	0	0	1
19	0.550	5	0	5	0	0	0
19	0.050	5	0	5	0	0	0
19	0.550	5	0	5	0	0	0
19	0.050	5	0	5	0	0	1
20	0.600	5	0	5	0	0	0
20	0.600	5	0	5	0	0	0
20	0.600	5	0	5	0	0	0
20	0.600	0	0	0	0	0	1
21	0.050	5	1	5	5	0	1
21	0.150	0	1	0	5	0	1
21	0.050	0	1	0	5	0	1
21	0.100	0	1	0	5	0	1
21	0.100	0	1	0	5	0	1
21	0.100	0	1	0	5	0	1
21	0.050	0	1	0	5	0	1
21	0.100	0	1	0	5	0	1
21	0.100	0	1	0	5	0	1
21	0.050	0	1	0	5	0	1
21	0.100	0	1	0	5	0	1
21	0.050	0	1	0	5	0	1
21	0.100	0	1	0	5	0	1
21	0.100	0	1	0	5	0	1
21	0.050	0	1	0	5	0	1
21	0.100	0	1	0	5	0	1
21	0.050	0	1	0	5	0	1
21	0.100	0	1	0	5	0	1
21	0.100	0	1	0	5	0	1
21	0.100	0	1	0	5	0	1
21	0.050	0	1	0	5	0	1
21	0.100	0	1	0	5	0	1
21	0.050	0	1	0	5	0	1
21	0.100	0	1	0	5	0	1
21	0.100	0	1	0	5	0	1
21	0.050	0	1	0	5	0	1
21	0.100	0	1	0	5	0	1
21	0.100	0	1	0	5	0	1
22	0.150	0	0	0	0	1	1
22	0.250	0	0	0	0	1	1
22	0.200	5	0	5	0	0	0
22	0.100	5	0	5	0	0	0
22	0.050	0	0	0	0	0	1
22	0.250	0	1	0	5	0	1
22	0.300	4	0	5	0	0	1
22	0.150	0	1	0	5	0	1
22	0.100	0	1	0	5	0	1
22	0.150	1	0	5	0	0	1
22	0.150	0	1	0	5	0	1
22	0.300	1	0	5	0	0	1
22	0.100	0	5	0	5	0	0
22	0.150	0	5	0	5	0	0
23	0.050	0	0	0	0	0	1
23	0.300	0	0	0	0	1	1
23	0.350	0	0	0	0	1	1
23	0.250	0	0	0	0	1	1
23	0.200	0	5	0	5	0	0
23	0.100	0	5	0	5	0	0
23	0.050	0	0	0	0	0	1
23	0.250	1	0	5	0	0	1
23	0.250	0	1	0	5	0	1
23	0.100	0	1	0	5	0	1
23	0.100	0	1	0	5	0	1
23	0.100	0	1	0	5	0	1
23	0.050	0	1	0	5	0	1
23	0.100	0	1	0	5	0	1
23	0.100	0	1	0	5	0	1
24	0.100	0	1	0	5	1	1
24	0.350	0	0	0	0	1	1
24	0.150	5	0	5	0	0	0
24	0.150	0	5	0	5	0	1
24	0.300	1	0	5	0	0	1
24	0.350	1	0	5	0	0	1
24	0.100	1	0	5	0	0	1
24	0.150	0	1	0	5	0	1
24	0.150	1	0	5	0	0	1
24	0.100	1	0	5	0	0	1
24	0.300	0	1	0	5	0	1
25	0.300	0	0	0	0	1	1
25	0.300	0	0	0	0	1	1
25	0.200	0	5	0	5	0	0
25	0.100	0	5	0	5	0	0
25	0.050	0	0	0	0	0	1
25	0.250	1	0	5	0	0	1
25	0.350	1	0	5	0	0	1
25	0.150	0	1	0	5	0	1
25	0.100	0	1	0	5	0	1
25	0.150	1	0	5	0	0	1
25	0.150	0	1	0	5	0	1
25	0.300	1	0	5	0	0	1
26	0.350	0	1	0	5	0	1
26	0.300	3	0	5	0	0	1
26	0.150	0	5	0	5	0	0
26	0.150	0	0	0	0	0	1
26	0.250	0	1	0	5	0	1
26	0.350	0	1	0	5	0	1
26	0.300	0	1	0	5	0	1
26	0.150	1	0	5	0	0	1
26	0.150	0	1	0	5	0	1
26	0.150	1	0	5	0	0	1
27	0.150	0	1	0	5	0	1
27	0.150	1	0	5	0	0	1
27	0.150	0	1	0	5	0	1
27	0.300	1	0	5	0	0	1
27	0.300	0	1	0	5	0	1
27	0.300	4	0	5	0	0	1
27	0.250	0	1	0	5	0	1
27	0.050	0	1	0	5	0	1
27	0.100	0	1	0	5	0	1
27	0.050	0	1	0	5	0	1
27	0.150	1	0	5	0	0	1
27	0.050	1	0	5	0	0	1
27	0.100	1	0	5	0	0	1
27	0.050	1	0	5	0	0	1
27	0.100	1	0	5	0	0	1
27	0.050	1	0	5	0	0	1
27	0.050	1	0	5	0	0	1
28	0.600	0	0	0	0	0	1
28	0.150	0	0	0	0	1	1
28	0.200	0	5	0	5	0	0
28	0.100	0	5	0	5	0	0
28	0.050	0	0	0	0	0	1
28	0.300	1	0	5	0	0	1
28	0.300	0	1	0	5	0	1
28	0.300	1	0	5	0	0	1
28	0.300	0	1	0	5	0	1
29	0.300	1	0	5	0	0	1
29	0.300	0	1	0	5	0	1
29	0.300	6	0	5	0	0	1
29	0.150	0	1	0	5	0	1
29	0.150	0	1	0	5	0	1
29	0.150	0	1	0	5	0	1
29	0.150	0	1	0	5	0	1
29	0.300	6	0	5	0	0	1
29	0.300	0	1	0	5	0	1
29	0.300	0	1	0	5	0	1
30	0.600	6	0	5	0	1	1
30	0.300	6	0	5	0	0	1
30	0.150	6	0	5	0	0	1
30	0.150	0	1	0	5	0	1
30	0.300	6	0	5	0	0	1
30	0.300	6	0	5	0	0	1
30	0.250	6	0	5	0	0	1
30	0.050	0	4	0	5	0	1
30	0.300	0	4	0	5	0	1
31	0.300	6	0	5	0	0	1
31	0.300	6	0	5	0	1	1
31	0.300	6	0	5	0	0	1
31	0.150	0	6	0	5	0	1
31	0.150	0	1	0	5	0	1
31	0.300	6	0	5	0	0	1
31	0.300	6	0	5	0	0	1
31	0.250	6	0	5	0	0	1
31	0.350	0	4	0	5	0	1
32	0.300	0	4	0	5	0	1
32	0.300	6	0	5	0	1	1
32	0.250	6	0	5	0	0	1
32	0.200	0	6	0	5	0	1
32	0.200	6	0	5	0	0	1
32	0.250	0	1	0	5	0	1
32	0.300	6	0	5	0	0	1
32	0.300	6	0	5	0	0	1
32	0.300	0	1	0	5	0	1
33	0.300	6	0	5	0	0	1
33	0.300	6	0	5	0	1	1
33	0.100	0	5	0	5	0	0
33	0.150	0	0	0	0	0	1
33	0.050	6	0	5	0	0	1
33	0.150	6	0	5	0	0	1
33	0.150	6	0	5	0	0	1
33	0.300	6	1	5	5	0	1
33	0.300	6	0	5	0	0	1
33	0.300	6	0	5	0	0	1
33	0.300	6	1	5	5	0	1
34	0.300	6	0	5	0	0	1
34	0.100	0	1	0	5	0	1
34	0.200	6	0	5	0	1	1
34	0.150	0	5	0	5	0	0
34	0.100	6	0	5	0	0	0
34	0.050	0	5	0	5	0	0
34	0.150	6	0	5	0	0	0
34	0.200	6	0	5	0	0	0
34	0.250	6	5	5	5	0	0
34	0.300	6	1	5	5	0	0
34	0.150	0	5	0	5	0	0
34	0.100	6	0	5	0	0	0
34	0.050	0	0	0	0	0	1
34	0.300	6	0	5	0	0	1
35	0.250	0	5	0	5	0	0
35	0.050	6	0	5	0	0	0
35	0.300	6	0	5	0	1	0
35	0.150	0	5	0	5	0	0
35	0.100	0	0	0	0	0	1
35	0.050	6	0	5	0	0	1
35	0.150	6	0	5	0	0	1
35	0.150	6	0	5	0	0	1
35	0.200	0	5	0	5	0	0
35	0.050	0	5	0	5	0	0
35	0.050	6	0	5	0	0	1
35	0.300	6	0	5	0	0	1
35	0.250	6	0	5	0	0	1
35	0.050	0	1	0	5	0	1
35	0.300	0	4	0	5	0	1
36	0.250	0	5	0	5	0	0
36	0.050	2	0	5	0	0	0
36	0.300	6	0	5	0	1	0
36	0.250	0	5	0	5	0	1
36	0.050	6	0	5	0	0	1
36	0.150	6	0	5	0	0	1
36	0.100	6	0	5	0	0	1
36	0.350	6	5	5	5	0	0
36	0.300	6	1	5	5	0	0
36	0.300	6	5	5	5	0	1
36	0.300	0	4	0	5	0	1
37	0.300	0	5	0	5	0	0
37	0.050	4	0	5	0	0	0
37	0.300	6	0	5	0	0	0
37	0.250	6	5	5	5	1	1
37	0.300	6	1	5	5	0	1
37	0.300	6	5	5	5	0	1
37	0.300	6	0	5	0	0	1
37	0.300	3	5	5	5	0	0
37	0.300	3	0	5	0	0	0
38	0.100	3	0	5	0	0	0
38	0.100	3	0	5	0	0	0
38	0.050	0	5	0	5	0	1
38	0.050	3	0	5	0	0	1
38	0.250	0	0	0	0	1	1
38	0.050	6	0	5	0	0	1
38	0.250	6	0	5	0	0	1
38	0.200	6	0	5	0	0	1
38	0.100	6	0	5	0	0	1
38	0.350	6	5	5	5	0	0
38	0.300	6	1	5	5	0	0
38	0.300	6	5	5	5	0	1
38	0.300	0	4	0	5	0	1
39	0.250	0	5	0	5	0	0
39	0.050	2	0	5	0	0	0
39	0.300	6	0	5	0	0	0
39	0.250	6	5	5	5	0	1
39	0.350	6	1	5	5	0	1
39	0.250	6	5	5	5	0	0
39	0.050	0	0	0	0	0	1
39	0.300	6	0	5	0	0	1
39	0.300	5	1	5	5	0	0
39	0.300	4	0	5	0	0	0
40	0.150	0	4	0	5	0	0
40	0.100	4	5	5	5	0	0
40	0.200	4	0	5	0	0	0
40	0.100	8	0	5	0	1	0
40	0.200	0	5	0	5	0	0
40	0.100	0	5	0	5	0	0
40	0.050	6	0	5	0	0	0
40	0.300	6	0	5	0	0	0
40	0.150	0	5	0	5	0	0
40	0.150	5	1	5	5	0	0
40	0.300	6	0	5	0	0	0
40	0.300	2	5	5	5	0	0
40	0.100	2	0	5	0	0	0
40	0.050	2	0	5	0	0	0
40	0.100	2	0	5	0	0	0
40	0.050	2	0	5	0	0	0
41	0.250	2	5	5	5	0	0
41	0.350	0	8	0	5	1	0
41	0.250	0	0	0	0	0	1
41	0.050	6	0	5	0	0	1
41	0.450	0	5	0	5	0	0
41	0.150	5	1	5	5	0	0
41	0.300	6	0	5	0	0	0
41	0.250	0	0	0	0	0	1
41	0.050	7	5	5	5	0	0
41	0.300	0	8	0	5	0	0
42	0.300	0	8	0	5	0	1
42	0.300	0	8	0	5	1	1
42	0.150	0	5	0	5	0	0
42	0.150	6	5	5	5	0	0
42	0.300	6	0	5	0	0	0
42	0.150	0	1	0	5	0	0
42	0.150	6	5	5	5	0	0
42	0.100	6	0	5	0	0	0
42	0.050	6	0	5	0	0	0
42	0.150	0	4	0	5	0	0
42	0.300	6	5	5	5	0	0
42	0.300	6	1	5	5	0	0
43	0.300	6	0	5	0	0	1
43	0.300	0	8	0	5	1	1
43	0.150	0	5	0	5	0	0
43	0.150	6	0	5	0	1	1
43	0.300	6	0	5	0	0	1
43	0.150	0	4	0	5	0	1
43	0.150	6	5	5	5	0	1
43	0.150	6	0	5	0	0	1
43	0.150	0	1	0	5	0	1
43	0.300	6	5	5	5	0	1
43	0.300	6	0	5	0	0	1
44	0.300	6	0	5	0	0	1
44	0.300	7	6	5	5	1	1
44	0.250	0	0	0	0	0	1
44	0.050	7	5	5	5	0	0
44	0.350	0	8	0	5	0	0
44	0.100	1	0	5	0	0	0
44	0.150	7	5	5	5	0	0
44	0.150	0	8	0	5	0	0
44	0.150	0	4	0	5	0	0
44	0.250	0	5	0	5	0	1
44	0.050	0	8	0	5	0	1
44	0.250	0	1	0	5	0	1
45	0.300	0	0	0	0	0	1
45	0.050	6	0	5	0	0	1
45	0.300	6	0	5	0	1	1
45	0.300	6	0	5	0	1	1
45	0.300	6	0	5	0	0	1
45	0.200	0	5	0	5	0	0
45	0.050	0	0	0	0	0	1
45	0.300	0	1	0	5	0	1
45	0.350	6	0	5	0	0	1
45	0.100	0	4	0	5	0	1
45	0.150	2	0	5	0	0	1
46	0.150	2	0	5	0	0	1
46	0.150	5	1	5	5	0	0
46	0.300	8	0	5	0	1	0
46	0.300	6	5	5	5	0	1
46	0.350	6	0	5	0	0	1
46	0.300	6	1	5	5	0	1
46	0.250	0	5	0	5	0	1
46	0.050	6	0	5	0	0	1
46	0.300	6	0	5	0	0	1
46	0.200	0	5	0	5	0	0
46	0.050	0	0	0	0	0	1
47	0.050	4	0	5	0	0	1
47	0.300	6	0	5	0	0	1
47	0.300	6	0	5	0	1	1
47	0.250	0	5	0	5	0	0
47	0.050	6	0	5	0	0	1
47	0.300	6	0	5	0	0	1
47	0.300	6	1	5	5	0	1
47	0.300	0	5	0	5	0	1
47	0.050	6	0	5	0	0	1
47	0.250	6	0	5	0	0	1
47	0.250	0	0	0	0	0	1
48	0.050	6	0	5	0	0	1
48	0.300	6	0	5	0	0	1
48	0.150	0	1	0	5	0	1
48	0.050	0	1	0	5	0	1
48	0.050	7	1	5	5	1	1
48	0.050	0	5	0	5	0	1
48	0.300	6	0	5	0	0	1
48	0.150	0	1	0	5	0	1
48	0.450	6	1	5	5	0	1
48	0.250	0	5	0	5	0	0
48	0.050	6	5	5	5	0	1
48	0.300	6	0	5	0	0	1
49	0.300	6	1	5	5	0	1
49	0.550	0	5	0	5	0	0
49	0.050	0	0	0	0	0	1
49	0.300	0	1	0	5	0	1
49	0.100	0	1	0	5	0	1
49	0.050	0	1	0	5	0	1
49	0.150	0	1	0	5	0	1
49	0.150	0	1	0	5	0	1
49	0.150	0	1	0	5	0	1
49	0.150	4	0	5	0	0	1
49	0.150	0	1	0	5	0	1
49	0.300	4	0	5	0	0	1
50	0.300	0	4	0	5	0	1
50	0.250	1	0	5	0	0	1
50	0.350	6	0	5	0	1	1
50	0.050	6	0	5	0	0	1
50	0.200	0	5	0	5	0	0
50	0.050	6	0	5	0	0	1
50	0.300	6	0	5	0	0	1
50	0.300	5	1	5	5	0	1
50	0.300	6	0	5	0	0	1
50	0.150	0	5	0	5	0	0
50	0.100	0	5	0	5	0	0
50	0.050	6	0	5	0	0	1
51	0.300	0	4	0	5	0	1
51	0.300	6	0	5	0	0	1
51	0.300	6	0	5	0	1	1
51	0.300	6	0	5	0	0	1
51	0.300	6	0	5	0	0	1
51	0.300	6	1	5	5	0	1
51	0.150	0	5	0	5	0	0
51	0.150	6	0	5	0	0	1
51	0.300	6	0	5	0	0	1
52	0.300	6	1	5	5	0	1
52	0.300	6	0	5	0	0	1
52	0.300	8	5	5	5	0	1
52	0.250	0	5	0	5	0	0
52	0.050	6	0	5	0	0	0
52	0.300	6	0	5	0	0	0
52	0.300	0	1	0	5	0	0
52	0.050	6	0	5	0	0	0
52	0.250	0	0	0	0	0	1
52	0.050	6	0	5	0	0	1
53	0.300	6	0	5	0	0	1
53	0.250	0	5	0	5	0	1
53	0.050	1	0	5	0	0	1
53	0.300	6	0	5	0	0	1
53	0.250	0	0	0	0	0	1
53	0.050	6	0	5	0	0	1
53	0.250	0	0	0	0	1	1
53	0.050	6	0	5	0	0	1
53	0.300	6	0	5	0	0	1
53	0.250	0	0	0	0	0	1
53	0.050	6	0	5	0	0	1
53	0.300	6	1	5	5	0	1
54	0.250	6	0	5	0	0	1
54	0.300	6	1	5	5	0	1
54	0.250	0	5	0	5	0	1
54	0.200	0	1	0	5	0	1
54	0.050	0	1	0	5	0	1
54	0.050	0	1	0	5	0	1
54	0.050	1	1	5	5	1	1
54	0.300	0	1	0	5	1	1
54	0.300	0	0	0	0	0	1
54	0.050	1	0	5	0	0	1
54	0.250	0	1	0	5	0	1
54	0.050	0	1	0	5	0	1
54	0.250	1	0	5	0	0	1
55	0.300	0	1	0	5	0	1
55	0.150	5	0	5	0	0	0
55	0.150	1	1	5	5	0	1
55	0.300	5	1	5	5	0	1
55	0.150	0	1	0	5	0	1
55	0.050	0	1	0	5	0	1
55	0.100	0	1	0	5	1	1
55	0.300	1	0	5	0	1	1
55	0.150	0	5	0	5	0	0
55	0.150	1	0	5	0	0	1
55	0.300	1	0	5	0	0	1
56	0.600	1	0	5	0	0	1
56	0.200	0	5	0	5	0	0
56	0.050	0	0	0	0	0	1
56	0.050	1	1	5	5	0	1
56	0.250	5	1	5	5	0	1
56	0.350	0	1	0	5	0	1
56	0.300	4	0	5	0	0	1
56	0.250	0	0	0	0	0	1
56	0.300	0	1	0	5	0	1
56	0.050	0	0	0	0	1	1
57	0.250	5	0	5	0	0	1
57	0.050	4	1	5	5	0	1
57	0.300	0	1	0	5	0	1
57	0.300	1	0	5	0	0	1
57	0.200	0	5	0	5	0	0
57	0.350	0	5	0	5	0	1
57	0.050	1	0	5	0	0	1
57	0.300	5	1	5	5	0	1
57	0.050	8	0	5	0	0	1
57	0.050	8	0	5	0	0	1
57	0.150	0	5	0	5	0	0
57	0.050	1	0	5	0	0	0
57	0.300	4	1	5	5	0	0
58	0.300	4	1	5	5	0	0
58	0.250	5	0	5	0	0	0
58	0.050	0	1	0	5	0	0
58	0.300	2	1	5	5	0	0
58	0.250	0	5	0	5	0	0
58	0.050	2	0	5	0	0	0
58	0.250	0	0	0	0	0	1
58	0.050	0	8	0	5	1	1
58	0.300	1	0	5	0	0	1
58	0.300	1	0	5	0	0	1
58	0.300	4	1	5	5	0	1
59	0.300	0	1	0	5	0	1
59	0.300	1	0	5	0	0	1
59	0.250	0	5	0	5	0	0
59	0.050	1	0	5	0	0	1
59	0.300	1	0	5	0	0	1
59	0.250	0	0	0	0	0	1
59	0.050	8	0	5	0	1	1
59	0.150	0	5	0	5	0	0
59	0.100	0	5	0	5	0	0
59	0.050	1	0	5	0	0	1
59	0.550	0	5	0	5	0	1
59	0.050	4	1	5	5	0	1
60	0.300	5	1	5	5	0	1
60	0.200	5	0	5	0	0	0
60	0.100	0	1	0	5	0	0
60	0.250	5	0	5	0	0	0
60	0.050	1	1	5	5	0	1
60	0.300	0	1	0	5	0	1
60	0.250	5	0	5	0	0	0
60	0.050	1	8	5	5	1	1
60	0.200	0	5	0	5	0	0
60	0.050	0	0	0	0	1	0
60	0.050	1	0	5	0	0	0
60	0.300	1	0	5	0	0	0
60	0.300	0	1	0	5	0	1
61	0.300	1	0	5	0	0	1
61	0.250	0	1	0	5	0	1
61	0.300	5	1	5	5	0	1
61	0.050	8	0	5	0	0	1
61	0.050	8	0	5	0	0	1
61	0.100	0	5	0	5	0	0
61	0.100	1	0	5	0	0	0
61	0.300	0	4	0	5	0	1
61	0.250	0	0	0	0	1	1
61	0.050	1	0	5	0	0	1
61	0.250	0	5	0	5	0	1
61	0.050	1	0	5	0	0	1
61	0.150	0	5	0	5	0	0
61	0.100	1	0	5	0	0	0
62	0.300	1	0	5	0	0	0
62	0.300	0	1	0	5	0	0
62	0.350	2	4	5	5	0	0
62	0.300	0	1	0	5	0	0
62	0.300	1	1	5	5	0	0
62	0.150	0	5	0	5	0	0
62	0.100	0	5	0	5	0	0
62	0.050	1	0	5	0	1	1
62	0.300	1	0	5	0	0	1
63	0.300	0	1	0	5	1	1
63	0.100	5	0	5	0	0	0
63	0.100	5	5	5	5	0	0
63	0.050	5	5	5	5	0	0
63	0.050	1	0	5	0	0	1
63	0.300	1	0	5	0	0	1
63	0.300	5	1	5	5	0	1
63	0.150	5	0	5	0	0	0
63	0.150	0	1	0	5	0	0
63	0.300	2	0	5	0	1	0
63	0.250	0	5	0	5	0	0
63	0.050	1	0	5	0	0	1
63	0.300	1	0	5	0	0	1
64	0.300	0	1	0	5	0	1
64	0.200	5	0	5	0	0	0
64	0.100	0	1	0	5	0	0
64	0.300	0	1	0	5	0	0
64	0.150	5	0	5	0	0	0
64	0.050	5	5	5	5	0	0
64	0.100	5	0	5	0	0	0
64	0.050	0	1	0	5	0	1
64	0.300	0	1	0	5	0	1
64	0.300	2	0	5	0	1	1
64	0.300	0	1	0	5	0	1
65	0.300	0	1	0	5	0	1
65	0.300	0	1	0	5	0	1
65	0.250	0	5	0	5	0	0
65	0.050	1	0	5	0	0	1
65	0.150	0	5	0	5	0	0
65	0.150	1	0	5	0	0	0
65	0.300	4	1	5	5	0	1
65	0.300	0	1	0	5	0	1
65	0.100	5	0	5	0	0	0
65	0.200	5	1	5	5	0	1
65	0.200	5	0	5	0	0	0
65	0.100	0	1	0	5	0	0
66	0.100	0	1	0	5	0	0
66	0.050	0	1	0	5	0	0
66	0.150	1	0	5	0	0	0
66	0.150	0	1	0	5	0	0
66	0.150	1	0	5	0	0	0
66	0.200	0	4	0	5	0	0
66	0.150	1	0	5	0	0	0
66	0.550	1	0	5	0	0	0
66	0.300	2	0	5	0	0	0
66	0.300	2	0	5	0	1	0
66	0.250	0	5	0	5	0	0
66	0.050	2	0	5	0	0	1
67	0.300	2	0	5	0	0	1
67	0.300	1	1	5	5	0	1
67	0.300	0	1	0	5	1	1
67	0.300	1	0	5	0	0	1
67	0.300	1	1	5	5	0	1
67	0.300	0	1	0	5	0	1
67	0.150	1	0	5	0	0	1
67	0.150	2	0	5	0	1	1
67	0.250	0	5	0	5	0	0
67	0.050	2	0	5	0	0	1
68	0.300	2	0	5	0	0	1
68	0.300	2	1	5	5	0	1
68	0.150	0	5	0	5	0	0
68	0.100	2	0	5	0	0	0
68	0.050	0	0	0	0	0	1
68	0.300	2	0	5	0	0	1
68	0.150	0	5	0	5	0	0
68	0.100	2	5	5	5	0	0
68	0.050	0	0	0	0	0	1
68	0.250	2	0	5	0	0	1
68	0.150	0	1	0	5	0	1
68	0.100	0	1	0	5	0	1
68	0.050	2	1	5	5	1	1
68	0.050	0	1	0	5	0	1
68	0.100	0	5	0	5	0	0
68	0.150	2	0	5	0	0	1
69	0.300	2	0	5	0	0	1
69	0.300	2	1	5	5	0	1
69	0.300	2	0	5	0	0	1
69	0.300	2	0	5	0	0	1
69	0.150	0	5	0	5	0	0
69	0.150	2	0	5	0	0	1
69	0.300	2	0	5	0	0	1
69	0.100	0	1	0	5	0	1
69	0.100	0	1	0	5	0	1
69	0.050	0	1	0	5	0	1
69	0.050	2	0	5	0	1	1
69	0.050	0	1	0	5	0	1
69	0.250	2	0	5	0	0	1
70	0.300	2	0	5	0	0	1
70	0.300	2	1	5	5	0	1
70	0.300	2	0	5	0	0	1
70	0.300	2	0	5	0	0	1
70	0.300	2	0	5	0	0	1
70	0.300	2	0	5	0	0	1
70	0.150	0	1	0	5	0	1
70	0.150	0	8	0	5	1	1
70	0.300	0	8	0	5	0	1
71	0.300	0	8	0	5	0	1
71	0.300	7	1	5	5	0	1
71	0.350	0	8	0	5	0	1
71	0.600	0	8	0	5	0	1
71	0.250	0	8	0	5	0	1
71	0.150	1	0	5	0	0	1
71	0.150	0	0	0	0	1	1
71	0.050	8	0	5	0	0	1
71	0.250	8	0	5	0	0	1
72	0.150	8	0	5	0	0	1
72	0.150	8	0	5	0	0	1
72	0.300	7	1	5	5	0	1
72	0.100	0	1	0	5	0	1
72	0.200	0	8	0	5	0	1
72	0.300	0	8	0	5	0	1
72	0.300	0	8	0	5	0	1
72	0.350	0	8	0	5	0	1
72	0.100	1	0	5	0	0	1
72	0.100	1	0	5	0	0	1
72	0.050	7	1	5	5	1	1
72	0.300	0	8	0	5	0	1
73	0.300	0	8	0	5	0	1
73	0.300	7	1	5	5	0	1
73	0.300	0	8	0	5	0	1
73	0.300	0	8	0	5	0	1
73	0.300	0	8	0	5	0	1
73	0.050	0	0	0	0	0	1
73	0.600	0	8	0	5	1	1
73	0.250	0	0	0	0	0	1
74	0.350	0	8	0	5	0	1
74	0.300	7	1	5	5	0	1
74	0.300	0	8	0	5	0	1
74	0.150	0	5	0	5	0	0
74	0.100	0	0	0	0	0	1
74	0.050	0	8	0	5	0	1
74	0.300	7	6	5	5	0	1
74	0.300	7	0	5	0	0	1
74	0.250	0	0	0	0	1	1
74	0.050	7	0	5	0	0	1
74	0.250	0	0	0	0	0	1
75	0.050	7	0	5	0	0	1
75	0.300	7	0	5	0	0	1
75	0.300	7	1	5	5	0	1
75	0.300	0	8	0	5	0	1
75	0.300	0	8	0	5	0	1
75	0.300	7	4	5	5	0	1
75	0.300	0	8	0	5	0	1
75	0.300	0	8	0	5	1	1
76	0.300	0	8	0	5	0	1
76	0.300	0	8	0	5	0	1
76	0.350	7	1	5	5	0	1
76	0.300	0	8	0	5	0	1
76	0.300	0	8	0	5	0	1
76	0.300	7	4	5	5	0	1
76	0.300	7	4	5	5	0	1
77	0.300	0	8	0	5	1	1
77	0.250	0	0	0	0	0	1
77	0.050	0	8	0	5	0	1
77	0.300	0	8	0	5	0	1
77	0.250	7	1	5	5	0	1
77	0.300	0	8	0	5	0	1
77	0.150	0	5	0	5	0	0
77	0.150	0	8	0	5	0	1
77	0.300	7	4	5	5	0	1
77	0.300	7	4	5	5	0	1
78	0.300	0	8	0	5	1	1
78	0.300	0	8	0	5	0	1
78	0.300	0	8	0	5	0	1
78	0.300	0	1	0	5	0	1
78	0.300	0	8	0	5	0	1
78	0.300	0	8	0	5	0	1
78	0.150	0	5	0	5	0	0
78	0.150	4	0	5	0	0	1
78	0.300	4	0	5	0	0	1
79	0.250	0	0	0	0	1	1
79	0.050	8	0	5	0	0	1
79	0.300	8	0	5	0	0	1
79	0.300	8	0	5	0	0	1
79	0.300	7	1	5	5	0	1
79	0.300	7	8	5	5	0	1
79	0.300	0	8	0	5	0	1
79	0.300	0	4	0	5	0	1
79	0.300	0	4	0	5	0	1
80	0.300	0	0	0	0	1	1
80	0.250	0	0	0	0	0	1
80	0.050	0	8	0	5	0	1
80	0.600	0	1	0	5	0	1
80	0.300	0	8	0	5	0	1
80	0.250	0	0	0	0	0	1
80	0.050	0	8	0	5	0	1
80	0.300	7	4	5	5	0	1
80	0.300	0	4	0	5	0	1
81	0.300	0	8	0	5	1	1
81	0.300	0	0	0	0	0	1
81	0.350	0	8	0	5	0	1
81	0.250	0	1	0	5	0	1
81	0.350	0	8	0	5	0	1
81	0.550	0	4	0	5	0	1
81	0.050	0	0	0	0	0	1
81	0.250	0	4	0	5	0	1
82	0.300	0	0	0	0	1	1
82	0.300	0	0	0	0	0	1
82	0.600	0	1	0	5	0	1
82	0.300	0	0	0	0	0	1
82	0.550	0	4	0	5	0	1
82	0.350	0	4	0	5	0	1
83	0.300	0	0	0	0	0	1
83	0.300	0	1	0	5	0	1
83	0.600	0	0	0	0	0	1
83	0.350	0	0	0	0	0	1
83	0.550	0	4	0	5	0	1
83	0.300	0	4	0	5	0	1
84	0.300	0	0	0	0	1	1
84	0.300	0	0	0	0	0	1
84	0.600	0	1	0	5	0	1
84	0.300	0	0	0	0	0	1
84	0.600	0	4	0	5	0	1
84	0.300	0	4	0	5	0	1
85	0.250	0	0	0	0	1	1
85	0.300	0	0	0	0	0	1
85	0.600	0	1	0	5	0	1
85	0.350	0	0	0	0	0	1
85	0.600	0	4	0	5	0	1
85	0.300	0	4	0	5	0	1
86	0.300	0	0	0	0	1	1
86	0.300	0	0	0	0	0	1
86	0.600	0	1	0	5	0	1
86	0.300	0	0	0	0	0	1
86	0.600	0	4	0	5	0	1
86	0.300	0	4	0	5	0	1
87	0.250	0	0	0	0	1	1
87	0.350	0	0	0	0	1	1
87	0.250	0	0	0	0	0	1
87	0.300	0	1	0	5	0	1
87	0.350	0	1	0	5	0	1
87	0.100	0	1	0	5	0	1
87	0.150	0	1	0	5	0	1
87	0.150	0	1	0	5	0	1
87	0.150	0	1	0	5	0	1
87	0.300	0	1	0	5	0	1
88	0.300	0	0	0	0	1	1
88	0.300	0	0	0	0	0	1
88	0.600	0	0	0	0	0	1
88	0.050	0	1	0	5	0	1
88	0.300	0	0	0	0	0	1
88	0.050	0	8	0	5	0	1
88	0.550	0	4	0	5	0	1
89	0.300	0	4	0	5	0	1
89	0.300	0	0	0	0	1	1
89	0.300	0	0	0	0	0	1
89	0.600	0	1	0	5	0	1
89	0.300	0	0	0	0	0	1
89	0.600	0	0	0	0	0	1
90	0.050	0	4	0	5	0	1
90	0.250	0	4	0	5	0	1
90	0.350	0	0	0	0	1	1
90	0.300	0	0	0	0	0	1
90	0.550	0	1	0	5	0	1
90	0.300	0	0	0	0	0	1
90	0.600	0	4	0	5	0	1
91	0.300	0	4	0	5	0	1
91	0.300	0	0	0	0	1	1
91	0.250	0	0	0	0	0	1
91	0.600	0	0	0	0	0	1
91	0.050	0	1	0	5	0	1
91	0.300	0	0	0	0	0	1
91	0.600	0	4	0	5	0	1
92	0.300	0	4	0	5	0	1
92	0.300	0	0	0	0	1	1
92	0.300	0	0	0	0	0	1
92	0.550	0	1	0	5	0	1
92	0.350	0	0	0	0	0	1
92	0.600	0	0	0	0	0	1
93	0.050	0	4	0	5	0	1
93	0.250	0	4	0	5	0	1
93	0.300	0	0	0	0	1	1
93	0.300	0	0	0	0	0	1
93	0.600	0	1	0	5	0	1
93	0.300	0	0	0	0	0	1
93	0.600	0	0	0	0	0	1
94	0.050	0	4	0	5	0	1
94	0.250	0	4	0	5	0	1
94	0.300	0	0	0	0	1	1
94	0.300	0	0	0	0	0	1
94	0.600	0	1	0	5	0	1
94	0.300	0	0	0	0	0	1
94	0.600	0	4	0	5	0	1
95	0.300	0	4	0	5	0	1
95	0.250	0	0	0	0	1	1
95	0.300	0	0	0	0	0	1
95	0.600	0	1	0	5	0	1
95	0.300	0	0	0	0	0	1
95	0.600	0	0	0	0	0	1
95	0.050	0	4	0	5	0	1
96	0.300	0	4	0	5	0	1
96	0.300	0	0	0	0	1	1
96	0.250	0	0	0	0	0	1
96	0.600	0	1	0	5	0	1
96	0.300	0	0	0	0	0	1
96	0.600	0	0	0	0	0	1
96	0.050	0	4	0	5	0	1
97	0.250	0	4	0	5	0	1
97	0.350	0	0	0	0	1	1
97	0.250	0	0	0	0	0	1
97	0.600	0	0	0	0	0	1
97	0.050	0	1	0	5	0	1
97	0.300	0	0	0	0	0	1
97	0.600	0	4	0	5	0	1
98	0.300	0	4	0	5	0	1
98	0.300	0	0	0	0	1	1
98	0.300	0	0	0	0	0	1
98	0.600	0	1	0	5	0	1
98	0.300	0	0	0	0	0	1
98	0.600	0	4	0	5	0	1
99	0.300	0	4	0	5	0	1
99	0.250	0	0	0	0	1	1
99	0.350	0	0	0	0	0	1
99	0.600	0	1	0	5	0	1
99	0.150	0	5	0	5	0	0
99	0.150	0	0	0	0	0	1
99	0.050	0	8	0	5	0	1
99	0.250	0	8	0	5	0	1
99	0.300	0	4	0	5	0	1
100	0.300	0	4	0	5	0	1
100	0.300	0	0	0	0	0	1
100	0.600	0	0	0	0	0	1
100	0.300	0	1	0	5	0	1
100	0.300	0	0	0	0	1	1
100	0.600	0	1	0	5	0	1
101	0.300	0	1	0	5	0	1
101	0.300	0	0	0	0	1	1
101	0.300	0	0	0	0	0	1
101	0.600	0	1	0	5	0	1
101	0.300	0	0	0	0	0	1
101	0.050	0	8	0	5	0	1
101	0.500	0	0	0	0	0	1
101	0.050	0	4	0	5	0	1
102	0.300	0	4	0	5	0	1
102	0.300	0	0	0	0	1	1
102	0.300	0	0	0	0	0	1
102	0.550	0	1	0	5	0	1
102	0.300	0	0	0	0	0	1
102	0.600	0	4	0	5	0	1
103	0.300	0	4	0	5	0	1
103	0.300	0	0	0	0	1	1
103	0.300	0	0	0	0	0	1
103	0.600	0	1	0	5	0	1
103	0.300	0	0	0	0	0	1
103	0.600	0	4	0	5	0	1
104	0.300	0	4	0	5	0	1
104	0.300	0	0	0	0	1	1
104	0.300	0	0	0	0	0	1
104	0.600	0	1	0	5	0	1
104	0.300	0	0	0	0	0	1
104	0.600	0	4	0	5	0	1
105	0.300	0	4	0	5	0	1
105	0.350	0	0	0	0	1	1
105	0.250	0	0	0	0	0	1
105	0.600	0	0	0	0	0	1
105	0.050	0	1	0	5	0	1
105	0.300	0	0	0	0	0	1
106	0.600	0	4	0	5	0	1
106	0.300	0	4	0	5	0	1
106	0.300	0	0	0	0	1	1
106	0.300	0	0	0	0	0	1
106	0.600	0	1	0	5	0	1
106	0.250	0	0	0	0	0	1
107	0.600	0	0	0	0	0	1
107	0.050	0	4	0	5	0	1
107	0.300	0	4	0	5	0	1
107	0.300	0	0	0	0	1	1
107	0.300	0	8	0	5	0	1
107	0.600	0	1	0	5	0	1
108	0.300	0	0	0	0	0	1
108	0.600	0	4	0	5	0	1
108	0.300	0	4	0	5	0	1
108	0.300	0	0	0	0	1	1
108	0.300	0	0	0	0	0	1
108	0.550	0	1	0	5	0	1
109	0.350	0	0	0	0	0	1
109	0.600	0	4	0	5	0	1
109	0.300	0	4	0	5	0	1
109	0.300	0	0	0	0	1	1
109	0.300	0	0	0	0	0	1
110	0.600	0	1	0	5	0	1
110	0.300	0	0	0	0	0	1
110	0.050	0	8	0	5	0	1
110	0.550	0	4	0	5	0	1
110	0.300	0	4	0	5	0	1
110	0.300	0	0	0	0	1	1
110	0.300	0	0	0	0	0	1
111	0.550	0	1	0	5	0	1
111	0.350	0	0	0	0	0	1
111	0.600	0	4	0	5	0	1
111	0.300	0	4	0	5	0	1
111	0.300	0	0	0	0	1	1
111	0.300	0	0	0	0	0	1
112	0.600	0	1	0	5	0	1
112	0.300	0	0	0	0	0	1
112	0.600	0	0	0	0	0	1
112	0.300	0	4	0	5	0	1
112	0.300	0	0	0	0	1	1
112	0.300	0	0	0	0	0	1
113	0.550	0	1	0	5	0	1
113	0.350	0	0	0	0	0	1
113	0.550	0	0	0	0	0	1
113	0.050	0	4	0	5	0	1
113	0.300	0	4	0	5	0	1
113	0.250	0	0	0	0	1	1
113	0.300	0	0	0	0	0	1
114	0.600	0	1	0	5	0	1
114	0.300	0	0	0	0	0	1
114	0.600	0	4	0	5	0	1
114	0.300	0	4	0	5	0	1
114	0.300	0	0	0	0	1	1
114	0.300	0	0	0	0	0	1
115	0.550	0	1	0	5	0	1
115	0.350	0	0	0	0	0	1
115	0.600	0	4	0	5	0	1
115	0.300	0	4	0	5	0	1
115	0.300	0	0	0	0	1	1
115	0.300	0	0	0	0	0	1
116	0.600	0	1	0	5	0	1
116	0.300	0	0	0	0	0	1
116	0.600	0	0	0	0	0	1
116	0.050	0	0	0	0	0	1
116	0.200	0	4	0	5	0	1
116	0.350	0	4	0	5	0	1
116	0.050	0	0	0	0	1	1
117	0.300	0	0	0	0	0	1
117	0.600	0	1	0	5	0	1
117	0.300	0	0	0	0	0	1
117	0.600	0	0	0	0	0	1
117	0.050	0	4	0	5	0	1
117	0.300	0	4	0	5	0	1
117	0.250	0	0	0	0	1	1
118	0.300	0	0	0	0	0	1
118	0.600	0	1	0	5	0	1
118	0.300	0	0	0	0	0	1
118	0.600	0	0	0	0	0	1
118	0.050	0	4	0	5	0	1
118	0.250	0	4	0	5	1	1
118	0.300	0	0	0	0	1	1
119	0.050	0	0	0	0	0	1
119	0.600	0	0	0	0	0	1
119	0.250	0	1	0	5	0	1
119	0.300	0	0	0	0	0	1
119	0.600	0	0	0	0	0	1
119	0.050	0	4	0	5	0	1
119	0.250	0	4	0	5	0	1
119	0.300	0	0	0	0	1	1
120	0.300	0	0	0	0	0	1
120	0.600	0	1	0	5	0	1
120	0.250	0	0	0	0	0	1
120	0.100	0	8	0	5	0	1
120	0.500	0	4	0	5	0	1
120	0.300	0	4	0	5	0	1
120	0.300	0	0	0	0	1	1
121	0.300	0	0	0	0	0	1
121	0.600	0	1	0	5	0	1
121	0.300	0	0	0	0	0	1
121	0.600	0	4	0	5	0	1
121	0.300	0	4	0	5	1	1
121	0.300	0	5	0	5	1	1
122	0.350	0	1	0	5	0	1
122	0.550	0	1	0	5	0	1
122	0.300	0	0	0	0	0	1
122	0.100	0	8	0	5	0	1
122	0.550	0	4	0	5	0	1
122	0.300	0	4	0	5	0	1
123	0.300	0	0	0	0	1	1
123	0.300	0	0	0	0	0	1
123	0.550	0	1	0	5	0	1
123	0.350	0	0	0	0	0	1
123	0.600	0	4	0	5	0	1
123	0.300	0	4	0	5	0	1
124	0.300	0	0	0	0	1	1
124	0.300	0	0	0	0	0	1
124	0.550	0	1	0	5	0	1
124	0.300	0	0	0	0	0	1
124	0.600	0	0	0	0	0	1
124	0.050	0	4	0	5	0	1
124	0.300	0	4	0	5	0	1
125	0.300	0	0	0	0	1	1
125	0.300	0	0	0	0	0	1
125	0.550	0	1	0	5	0	1
125	0.350	0	0	0	0	0	1
125	0.550	0	0	0	0	0	1
125	0.050	0	4	0	5	0	1
125	0.300	0	4	0	5	0	1
126	0.250	0	0	0	0	1	1
126	0.300	0	0	0	0	0	1
126	0.600	0	1	0	5	0	1
126	0.300	0	0	0	0	0	1
126	0.600	0	4	0	5	0	1
126	0.300	0	4	0	5	0	1
127	0.300	0	0	0	0	1	1
127	0.300	0	0	0	0	0	1
127	0.600	0	1	0	5	0	1
127	0.300	0	0	0	0	0	1
127	0.600	0	4	0	5	0	1
127	0.300	0	4	0	5	0	1
128	0.350	0	0	0	0	1	1
128	0.300	0	0	0	0	0	1
128	0.600	0	1	0	5	0	1
128	0.300	0	0	0	0	0	1
128	0.050	0	8	0	5	0	1
128	0.250	0	8	0	5	0	1
128	0.250	0	0	0	0	0	1
128	0.050	0	4	0	5	0	1
128	0.250	0	4	0	5	0	1
129	0.350	0	0	0	0	1	1
129	0.300	0	0	0	0	0	1
129	0.600	0	1	0	5	0	1
129	0.300	0	0	0	0	0	1
129	0.300	0	8	0	5	0	1
129	0.300	0	4	0	5	0	1
130	0.300	0	4	0	5	0	1
130	0.300	0	0	0	0	0	1
130	0.350	0	1	0	5	0	1
130	0.550	0	0	0	0	0	1
130	0.300	0	1	0	5	0	1
130	0.300	0	1	0	5	0	1
130	0.150	0	1	0	5	0	1
130	0.150	0	1	0	5	0	1
131	0.300	0	1	0	5	0	1
131	0.300	0	0	0	0	1	1
131	0.300	0	0	0	0	0	1
131	0.550	0	1	0	5	0	1
131	0.350	0	0	0	0	0	1
131	0.550	0	4	0	5	0	1
132	0.300	0	4	0	5	0	1
132	0.350	0	0	0	0	1	1
132	0.300	0	0	0	0	0	1
132	0.550	0	1	0	5	0	1
132	0.300	0	0	0	0	0	1
132	0.300	0	8	0	5	0	1
132	0.300	0	4	0	5	0	1
133	0.300	0	4	0	5	0	1
133	0.300	0	0	0	0	0	1
133	0.600	0	0	0	0	0	1
133	0.300	0	1	0	5	0	1
133	0.300	0	0	0	0	0	1
133	0.600	0	4	0	5	0	1
134	0.300	0	4	0	5	0	1
134	0.300	0	0	0	0	1	1
134	0.300	0	0	0	0	0	1
134	0.600	0	1	0	5	0	1
134	0.300	0	0	0	0	0	1
134	0.050	0	8	0	5	0	1
134	0.550	0	4	0	5	0	1
135	0.300	0	4	0	5	0	1
135	0.300	0	0	0	0	1	1
135	0.300	0	0	0	0	0	1
135	0.600	0	0	0	0	0	1
135	0.050	0	1	0	5	0	1
135	0.250	0	0	0	0	0	1
135	0.600	0	0	0	0	0	1
136	0.050	0	4	0	5	0	1
136	0.250	0	4	0	5	0	1
136	0.300	0	0	0	0	1	1
136	0.300	0	0	0	0	0	1
136	0.600	0	1	0	5	0	1
136	0.300	0	0	0	0	0	1
136	0.350	0	8	0	5	0	1
136	0.250	0	0	0	0	0	1
137	0.050	0	4	0	5	0	1
137	0.250	0	4	0	5	0	1
137	0.300	0	0	0	0	0	1
137	0.600	0	0	0	0	0	1
137	0.300	0	1	0	5	0	1
137	0.300	0	0	0	0	0	1
137	0.050	0	8	0	5	0	1
137	0.250	0	1	0	5	0	1
137	0.150	0	1	0	5	0	1
137	0.150	0	1	0	5	0	1
138	0.150	0	1	0	5	0	1
138	0.150	0	1	0	5	0	1
138	0.150	0	1	0	5	0	1
138	0.200	0	0	0	0	1	1
138	0.250	0	0	0	0	0	1
138	0.600	0	0	0	0	0	1
138	0.050	0	1	0	5	0	1
138	0.300	0	0	0	0	0	1
138	0.050	0	8	0	5	0	1
139	0.550	0	4	0	5	0	1
139	0.300	0	4	0	5	0	1
139	0.300	0	0	0	0	1	1
139	0.300	0	0	0	0	0	1
139	0.600	0	1	0	5	0	1
139	0.300	0	0	0	0	0	1
140	0.500	0	5	0	5	0	0
140	0.050	0	0	0	0	0	1
140	0.050	4	0	5	0	0	1
140	0.300	4	0	5	0	0	1
140	0.300	0	0	0	0	1	1
140	0.300	0	0	0	0	0	1
140	0.550	1	0	5	0	0	1
140	0.300	0	0	0	0	0	1
140	0.050	8	0	5	0	0	1
141	0.050	8	0	5	0	0	1
141	0.200	8	0	5	0	0	1
141	0.300	0	4	0	5	0	1
141	0.300	4	0	5	0	0	1
141	0.300	0	0	0	0	0	1
141	0.350	0	1	0	5	0	1
141	0.600	0	0	0	0	0	1
141	0.300	0	1	0	5	0	1
142	0.450	0	1	0	5	0	1
142	0.150	1	0	5	0	0	1
142	0.250	0	1	0	5	0	1
142	0.350	0	0	0	0	1	1
142	0.300	0	0	0	0	0	1
142	0.600	0	1	0	5	0	1
142	0.250	0	0	0	0	0	1
143	0.100	8	0	5	0	0	1
143	0.500	0	0	0	0	0	1
143	0.050	4	0	5	0	0	1
143	0.300	0	4	0	5	0	1
143	0.300	0	0	0	0	1	1
143	0.300	0	0	0	0	0	1
143	0.550	0	1	0	5	0	1
143	0.300	0	0	0	0	0	1
144	0.600	4	0	5	0	0	1
144	0.300	0	4	0	5	0	1
144	0.350	0	0	0	0	1	1
144	0.250	0	0	0	0	0	1
144	0.600	0	1	0	5	0	1
144	0.300	0	0	0	0	0	1
145	0.600	4	0	5	0	0	1
145	0.300	0	4	0	5	0	1
145	0.350	0	0	0	0	1	1
145	0.300	0	0	0	0	0	1
145	0.600	0	1	0	5	0	1
146	0.300	0	0	0	0	0	1
146	0.050	8	0	5	0	0	1
146	0.250	8	0	5	0	0	1
146	0.300	0	0	0	0	0	1
146	0.300	4	0	5	0	0	1
146	0.350	0	0	0	0	1	1
146	0.250	0	0	0	0	0	1
146	0.600	0	1	0	5	0	1
147	0.300	0	0	0	0	0	1
147	0.050	8	0	5	0	0	1
147	0.250	8	0	5	0	0	1
147	0.300	0	4	0	5	0	1
147	0.300	4	0	5	0	0	1
147	0.300	0	0	0	0	0	1
147	0.350	0	1	0	5	0	1
148	0.600	0	0	0	0	1	1
148	0.300	0	0	0	0	1	1
148	0.250	0	0	0	0	0	1
148	0.300	0	1	0	5	0	1
148	0.300	1	0	5	0	0	1
148	0.300	0	0	0	0	1	1
148	0.300	0	0	0	0	0	1
149	0.550	4	0	5	0	0	1
149	0.350	0	0	0	0	1	1
149	0.250	0	0	0	0	0	1
149	0.350	0	1	0	5	0	1
149	0.300	1	0	5	0	0	1
149	0.300	0	0	0	0	1	1
149	0.300	0	0	0	0	0	1
150	0.300	0	1	0	5	0	1
150	0.400	4	0	5	0	0	1
150	0.150	0	1	0	5	0	1
150	0.150	4	0	5	0	0	1
150	0.150	0	1	0	5	0	1
150	0.200	1	0	5	0	0	1
150	0.100	1	0	5	0	0	1
150	0.300	3	0	5	0	0	1
150	0.300	0	0	0	0	1	1
150	0.300	0	5	0	5	0	1
151	0.600	0	1	0	5	0	1
151	0.300	0	0	0	0	0	1
151	0.050	0	8	0	5	0	1
151	0.550	4	0	5	0	0	1
151	0.300	0	4	0	5	0	1
151	0.300	0	0	0	0	1	1
151	0.300	0	0	0	0	0	1
152	0.050	8	0	5	0	0	1
152	0.550	0	1	0	5	0	1
152	0.300	0	0	0	0	0	1
152	0.600	0	0	0	0	0	1
152	0.050	4	0	5	0	0	1
152	0.250	0	4	0	5	0	1
152	0.350	0	0	0	0	1	1
153	0.300	0	0	0	0	0	1
153	0.600	0	1	0	5	0	1
153	0.300	0	0	0	0	0	1
153	0.050	8	0	5	0	0	1
153	0.250	8	0	5	0	0	1
153	0.300	0	4	0	5	0	1
153	0.300	4	0	5	0	0	1
153	0.300	0	0	0	0	1	1
154	0.350	0	0	0	0	0	1
154	0.600	0	1	0	5	0	1
154	0.250	0	0	0	0	0	1
154	0.300	8	0	5	0	0	1
154	0.300	0	4	0	5	0	1
154	0.300	4	0	5	0	0	1
154	0.300	0	0	0	0	0	1
155	0.600	0	0	0	0	0	1
155	0.250	0	1	0	5	0	1
155	0.300	0	0	0	0	0	1
155	0.050	8	0	5	0	0	1
155	0.550	4	0	5	0	0	1
155	0.300	0	4	0	5	0	1
155	0.350	0	0	0	0	1	1
156	0.300	0	0	0	0	0	1
156	0.600	0	1	0	5	0	1
156	0.250	0	0	0	0	0	1
156	0.100	8	0	5	0	0	1
156	0.500	0	4	0	5	0	1
156	0.300	4	0	5	0	0	1
156	0.350	0	0	0	0	1	1
157	0.300	0	0	0	0	0	1
157	0.550	0	1	0	5	0	1
157	0.300	0	0	0	0	0	1
157	0.300	8	0	5	0	0	1
157	0.300	0	4	0	5	0	1
157	0.300	4	0	5	0	0	1
157	0.350	0	0	0	0	1	1
158	0.250	0	0	0	0	0	1
158	0.600	0	1	0	5	0	1
158	0.300	0	0	0	0	0	1
158	0.050	8	0	5	0	0	1
158	0.250	8	0	5	0	0	1
158	0.300	0	4	0	5	0	1
158	0.300	4	0	5	0	0	1
158	0.300	0	0	0	0	1	1
159	0.300	0	0	0	0	0	1
159	0.600	0	1	0	5	0	1
159	0.300	0	0	0	0	0	1
159	0.300	8	0	5	0	0	1
159	0.300	0	4	0	5	1	1
159	0.300	4	0	5	0	0	1
159	0.300	0	0	0	0	1	1
160	0.350	0	0	0	0	1	1
160	0.500	0	1	0	5	0	1
160	0.300	0	0	0	0	0	1
160	0.600	0	0	0	0	0	1
160	0.050	4	0	5	0	0	1
160	0.300	0	4	0	5	0	1
160	0.300	0	0	0	0	1	1
161	0.300	0	0	0	0	0	1
161	0.600	0	1	0	5	0	1
161	0.350	0	0	0	0	0	1
161	0.600	4	0	5	0	0	1
161	0.300	0	4	0	5	0	1
162	0.300	0	0	0	0	1	1
162	0.300	0	0	0	0	0	1
162	0.600	0	1	0	5	0	1
162	0.300	0	0	0	0	0	1
162	0.600	4	0	5	0	0	1
162	0.300	0	4	0	5	0	1
163	0.300	0	0	0	0	1	1
163	0.300	0	0	0	0	0	1
163	0.600	0	1	0	5	0	1
163	0.300	0	0	0	0	0	1
163	0.050	8	0	5	0	0	1
163	0.550	4	0	5	0	0	1
163	0.300	0	4	0	5	0	1
164	0.250	0	0	0	0	1	1
164	0.350	0	0	0	0	0	1
164	0.550	0	1	0	5	0	1
164	0.300	0	0	0	0	0	1
164	0.600	0	0	0	0	0	1
164	0.050	4	0	5	0	0	1
164	0.300	0	4	0	5	0	1
165	0.300	0	0	0	0	1	1
165	0.300	0	0	0	0	0	1
165	0.600	0	1	0	5	0	1
165	0.300	0	0	0	0	0	1
165	0.050	8	0	5	0	0	1
165	0.550	4	0	5	0	0	1
165	0.300	0	4	0	5	0	1
166	0.300	0	0	0	0	1	1
166	0.300	0	0	0	0	0	1
166	0.600	0	1	0	5	0	1
166	0.300	0	0	0	0	0	1
166	0.050	8	0	5	0	0	1
166	0.500	0	0	0	0	0	1
166	0.050	4	0	5	0	0	1
166	0.250	0	4	0	5	0	1
167	0.300	0	0	0	0	1	1
167	0.300	0	0	0	0	0	1
167	0.600	0	1	0	5	0	1
167	0.300	0	0	0	0	0	1
167	0.050	8	0	5	0	0	1
167	0.250	8	0	5	0	0	1
167	0.300	0	4	0	5	0	1
167	0.300	4	0	5	0	0	1
168	0.300	0	0	0	0	0	1
168	0.050	0	0	0	0	1	1
168	0.600	0	0	0	0	0	1
168	0.200	0	1	0	5	0	1
168	0.350	0	0	0	0	0	1
168	0.600	0	0	0	0	0	1
168	0.050	4	0	5	0	0	1
169	0.300	0	4	0	5	0	1
169	0.300	0	0	0	0	1	1
169	0.300	0	0	0	0	0	1
169	0.600	0	1	0	5	0	1
169	0.300	0	0	0	0	0	1
169	0.600	4	0	5	0	0	1
170	0.300	0	4	0	5	0	1
170	0.300	0	0	0	0	1	1
170	0.300	0	0	0	0	0	1
170	0.600	0	1	0	5	0	1
170	0.300	0	0	0	0	0	1
170	0.600	4	0	5	0	0	1
171	0.300	0	4	0	5	0	1
171	0.250	0	0	0	0	1	1
171	0.300	0	0	0	0	0	1
171	0.600	0	0	0	0	0	1
171	0.050	0	1	0	5	0	1
171	0.300	0	0	0	0	0	1
171	0.250	8	0	5	0	0	1
171	0.350	0	4	0	5	0	1
172	0.250	4	0	5	0	0	1
172	0.350	0	0	0	0	1	1
172	0.300	0	0	0	0	0	1
172	0.600	0	1	0	5	0	1
172	0.250	0	0	0	0	0	1
172	0.600	4	0	5	0	0	1
173	0.300	0	4	0	5	0	1
173	0.350	0	0	0	0	1	1
173	0.250	0	0	0	0	0	1
173	0.600	0	1	0	5	0	1
173	0.300	0	0	0	0	0	1
173	0.050	8	0	5	0	0	1
173	0.250	8	0	5	0	0	1
173	0.300	0	4	0	5	0	1
174	0.300	4	0	5	0	0	1
174	0.350	0	0	0	0	1	1
174	0.250	0	0	0	0	0	1
174	0.600	0	0	0	0	0	1
174	0.050	0	1	0	5	0	1
174	0.250	0	0	0	0	0	1
174	0.050	8	0	5	0	0	1
175	0.600	4	0	5	0	0	1
175	0.300	0	4	0	5	0	1
175	0.250	0	0	0	0	1	1
175	0.300	0	0	0	0	0	1
175	0.600	0	1	0	5	0	1
175	0.300	0	0	0	0	0	1
176	0.100	8	0	5	0	0	1
176	0.200	8	0	5	0	0	1
176	0.300	0	4	0	5	0	1
176	0.300	4	0	5	0	0	1
176	0.350	0	0	0	0	1	1
176	0.600	0	0	0	0	0	1
176	0.250	0	1	0	5	0	1
176	0.300	0	0	0	0	0	1
177	0.600	4	0	5	0	0	1
177	0.300	0	4	0	5	0	1
177	0.350	0	0	0	0	1	1
177	0.250	0	0	0	0	0	1
177	0.600	0	0	0	0	0	1
177	0.050	0	1	0	5	0	1
177	0.250	0	0	0	0	0	1
178	0.100	8	0	5	0	0	1
178	0.200	8	0	5	0	0	1
178	0.300	0	0	0	0	0	1
178	0.050	0	4	0	5	0	1
178	0.250	4	0	5	0	0	1
178	0.350	0	0	0	0	1	1
178	0.600	0	0	0	0	0	1
178	0.300	0	1	0	5	0	1
179	0.300	0	0	0	0	0	1
179	0.600	4	0	5	0	0	1
179	0.300	0	4	0	5	0	1
179	0.300	0	0	0	0	1	1
179	0.300	0	0	0	0	0	1
179	0.600	0	1	0	5	0	1
180	0.300	0	0	0	0	0	1
180	0.600	4	0	5	0	0	1
180	0.300	0	4	0	5	0	1
180	0.300	0	0	0	0	1	1
180	0.300	0	0	0	0	0	1
180	0.550	0	1	0	5	0	1
181	0.300	0	0	0	0	0	1
181	0.600	4	0	5	0	0	1
181	0.300	0	4	0	5	0	1
181	0.300	0	0	0	0	1	1
181	0.300	0	0	0	0	0	1
181	0.600	0	1	0	5	0	1
182	0.300	0	0	0	0	0	1
182	0.050	8	0	5	0	0	1
182	0.250	8	0	5	0	0	1
182	0.300	0	4	0	5	0	1
182	0.300	4	0	5	0	0	1
182	0.350	0	0	0	0	1	1
182	0.250	0	0	0	0	0	1
182	0.600	0	1	0	5	0	1
183	0.300	0	0	0	0	0	1
183	0.600	4	0	5	0	0	1
183	0.300	0	4	0	5	0	1
183	0.300	0	0	0	0	1	1
183	0.300	0	0	0	0	0	1
183	0.600	0	1	0	5	0	1
184	0.350	0	0	0	0	0	1
184	0.250	8	0	5	0	0	1
184	0.300	0	0	0	0	0	1
184	0.050	0	4	0	5	0	1
184	0.250	4	0	5	0	0	1
184	0.300	0	0	0	0	0	1
184	0.050	0	0	0	0	1	1
184	0.350	0	1	0	5	0	1
185	0.550	0	0	0	0	0	1
185	0.350	4	0	5	0	0	1
185	0.550	4	0	5	0	0	1
185	0.300	0	4	0	5	0	1
185	0.350	0	0	0	0	1	1
185	0.250	0	0	0	0	0	1
186	0.600	0	1	0	5	0	1
186	0.300	0	0	0	0	0	1
186	0.600	4	0	5	0	0	1
186	0.300	0	4	0	5	0	1
186	0.350	0	0	0	0	1	1
186	0.250	0	0	0	0	0	1
187	0.550	0	1	0	5	0	1
187	0.350	0	0	0	0	0	1
187	0.550	4	0	5	0	0	1
187	0.050	0	0	0	0	0	1
187	0.250	0	4	0	5	0	1
187	0.350	0	0	0	0	1	1
187	0.250	0	0	0	0	0	1
188	0.600	0	0	0	0	0	1
188	0.050	0	1	0	5	0	1
188	0.250	0	0	0	0	0	1
188	0.300	8	0	5	0	0	1
188	0.300	0	4	0	5	0	1
188	0.300	4	0	5	0	0	1
188	0.350	0	0	0	0	1	1
189	0.300	0	0	0	0	0	1
189	0.600	0	1	0	5	0	1
189	0.250	0	0	0	0	0	1
189	0.100	8	0	5	0	0	1
189	0.500	0	0	0	0	0	1
189	0.050	4	0	5	0	0	1
189	0.300	0	4	0	5	0	1
189	0.300	0	0	0	0	1	1
190	0.300	0	0	0	0	0	1
190	0.550	0	1	0	5	0	1
190	0.300	0	0	0	0	0	1
190	0.100	8	0	5	0	0	1
190	0.500	0	0	0	0	0	1
190	0.050	4	0	5	0	0	1
190	0.300	0	4	0	5	0	1
190	0.300	0	0	0	0	1	1
191	0.300	0	0	0	0	0	1
191	0.550	0	1	0	5	0	1
191	0.350	0	0	0	0	0	1
191	0.550	0	0	0	0	0	1
191	0.050	4	0	5	0	0	1
191	0.250	0	4	0	5	0	1
191	0.300	0	0	0	0	1	1
192	0.300	0	0	0	0	0	1
192	0.600	0	1	0	5	0	1
192	0.300	0	0	0	0	0	1
192	0.300	8	0	5	0	0	1
192	0.300	0	4	0	5	0	1
192	0.300	4	0	5	0	0	1
192	0.300	0	0	0	0	0	1
193	0.050	0	0	0	0	1	1
193	0.600	0	0	0	0	0	1
193	0.200	0	1	0	5	0	1
193	0.300	0	0	0	0	0	1
193	0.600	0	0	0	0	0	1
193	0.050	4	0	5	0	0	1
193	0.300	0	4	0	5	0	1
193	0.300	0	0	0	0	1	1
194	0.300	0	0	0	0	0	1
194	0.600	0	1	0	5	0	1
194	0.300	0	0	0	0	0	1
194	0.050	8	0	5	0	0	1
194	0.250	8	0	5	0	0	1
194	0.300	0	4	0	5	0	1
194	0.300	4	0	5	0	0	1
195	0.350	0	0	0	0	1	1
195	0.300	0	0	0	0	0	1
195	0.600	0	1	0	5	0	1
195	0.300	0	0	0	0	0	1
195	0.600	4	0	5	0	0	1
196	0.300	0	4	0	5	0	1
196	0.250	0	0	0	0	1	1
196	0.300	0	0	0	0	0	1
196	0.600	0	0	0	0	0	1
196	0.050	0	1	0	5	0	1
196	0.250	0	0	0	0	0	1
196	0.600	0	0	0	0	0	1
196	0.050	4	0	5	0	0	1
197	0.300	0	4	0	5	0	1
197	0.250	0	0	0	0	1	1
197	0.350	0	0	0	0	0	1
197	0.550	0	1	0	5	0	1
197	0.300	0	0	0	0	0	1
197	0.600	0	0	0	0	0	1
197	0.050	4	0	5	0	0	1
198	0.250	0	4	0	5	0	1
198	0.300	0	0	0	0	1	1
198	0.300	0	0	0	0	0	1
198	0.600	0	1	0	5	0	1
198	0.300	0	0	0	0	0	1
198	0.300	8	0	5	0	0	1
198	0.300	0	0	0	0	0	1
198	0.050	0	4	0	5	0	1
199	0.250	4	0	5	0	0	1
199	0.350	0	0	0	0	1	1
199	0.300	0	0	0	0	0	1
199	0.600	0	1	0	5	0	1
199	0.250	0	0	0	0	0	1
199	0.050	8	0	5	0	0	1
199	0.300	8	0	5	0	0	1
199	0.300	0	4	0	5	0	1
200	0.250	4	0	5	0	0	1
200	0.350	0	0	0	0	1	1
200	0.300	0	0	0	0	0	1
200	0.600	0	1	0	5	0	1
200	0.300	0	0	0	0	0	1
200	0.300	8	0	5	0	0	1
200	0.250	0	0	0	0	0	1
200	0.050	0	4	0	5	0	1
201	0.300	4	0	5	0	0	1
201	0.300	0	0	0	0	1	1
201	0.300	0	0	0	0	0	1
201	0.550	0	1	0	5	0	1
201	0.300	0	0	0	0	0	1
201	0.050	8	0	5	0	0	1
201	0.250	8	0	5	0	0	1
201	0.300	0	4	0	5	0	1
202	0.300	4	0	5	0	0	1
202	0.300	0	0	0	0	1	1
202	0.600	0	0	0	0	0	1
202	0.250	0	1	0	5	0	1
202	0.300	0	0	0	0	0	1
202	0.600	0	0	0	0	0	1
202	0.050	4	0	5	0	0	1
203	0.300	0	4	0	5	0	1
203	0.300	0	0	0	0	1	1
203	0.300	0	0	0	0	0	1
203	0.600	0	1	0	5	0	1
203	0.300	0	0	0	0	0	1
203	0.300	8	0	5	0	0	1
203	0.300	0	4	0	5	0	1
204	0.300	4	0	5	0	0	1
204	0.300	0	0	0	0	1	1
204	0.300	0	0	0	0	0	1
204	0.600	0	1	0	5	0	1
204	0.300	0	0	0	0	0	1
204	0.050	8	0	5	0	0	1
204	0.250	8	0	5	0	0	1
205	0.350	0	4	0	5	0	1
205	0.250	4	0	5	0	0	1
205	0.350	0	0	0	0	1	1
205	0.300	0	0	0	0	0	1
205	0.600	0	1	0	5	0	1
205	0.300	0	0	0	0	0	1
205	0.050	8	0	5	0	0	1
206	0.250	8	0	5	0	0	1
206	0.300	0	4	0	5	0	1
206	0.300	4	0	5	0	0	1
206	0.300	0	0	0	0	1	1
206	0.350	0	0	0	0	0	1
206	0.600	0	1	0	5	0	1
206	0.250	0	0	0	0	0	1
206	0.050	8	0	5	0	0	1
207	0.550	8	0	5	0	0	1
207	0.350	8	0	5	0	0	1
207	0.300	0	0	0	0	1	1
207	0.300	0	0	0	0	0	1
207	0.550	0	1	0	5	0	1
207	0.300	0	0	0	0	0	1
208	0.350	0	1	0	5	0	1
208	0.250	4	0	5	0	0	1
208	0.300	0	1	0	5	0	1
208	0.300	1	0	5	0	0	1
208	0.300	0	1	0	5	0	1
208	0.300	1	0	5	0	0	1
208	0.300	0	4	0	5	0	1
208	0.300	1	0	5	0	0	1
209	0.300	0	1	0	5	0	1
209	0.300	1	0	5	0	0	1
209	0.300	2	0	5	0	0	1
209	0.300	0	0	0	0	1	1
209	0.300	0	0	0	0	0	1
209	0.550	0	1	0	5	0	1
209	0.300	0	0	0	0	0	1
210	0.600	0	0	0	0	0	1
210	0.050	0	4	0	5	0	1
210	0.250	4	0	5	0	0	1
210	0.300	0	0	0	0	1	1
210	0.350	0	0	0	0	0	1
210	0.550	0	1	0	5	0	1
210	0.300	0	0	0	0	0	1
211	0.300	8	0	5	0	0	1
211	0.300	0	4	0	5	0	1
211	0.300	4	0	5	0	0	1
211	0.350	0	0	0	0	1	1
211	0.300	0	0	0	0	0	1
211	0.550	0	1	0	5	0	1
212	0.350	0	0	0	0	0	1
212	0.600	4	0	5	0	0	1
212	0.300	0	4	0	5	0	1
212	0.250	0	0	0	0	1	1
212	0.300	0	0	0	0	0	1
212	0.600	0	1	0	5	0	1
213	0.350	0	0	0	0	0	1
213	0.300	8	0	5	0	0	1
213	0.300	0	4	0	5	0	1
213	0.300	4	0	5	0	0	1
213	0.300	0	0	0	0	1	1
213	0.600	0	0	0	0	0	1
214	0.300	0	1	0	5	0	1
214	0.300	0	0	0	0	0	1
214	0.050	8	0	5	0	0	1
214	0.550	0	0	0	0	0	1
214	0.050	4	0	5	0	0	1
214	0.300	0	4	0	5	0	1
214	0.300	0	0	0	0	1	1
214	0.300	0	0	0	0	0	1
215	0.550	0	1	0	5	0	1
215	0.300	0	0	0	0	0	1
215	0.300	8	0	5	0	0	1
215	0.300	0	4	0	5	0	1
215	0.300	4	0	5	0	0	1
215	0.300	0	0	0	0	0	1
215	0.050	0	0	0	0	1	1
216	0.600	0	0	0	0	0	1
216	0.200	0	1	0	5	0	1
216	0.300	0	0	0	0	0	1
216	0.050	8	0	5	0	0	1
216	0.550	0	0	0	0	0	1
216	0.050	4	0	5	0	0	1
216	0.300	0	4	0	5	0	1
216	0.250	0	0	0	0	1	1
217	0.300	0	0	0	0	0	1
217	0.600	0	0	0	0	0	1
217	0.050	0	1	0	5	0	1
217	0.300	0	0	0	0	0	1
217	0.300	8	0	5	0	0	1
217	0.300	0	4	0	5	0	1
217	0.300	4	0	5	0	0	1
218	0.300	0	0	0	0	1	1
218	0.300	0	0	0	0	0	1
218	0.600	0	1	0	5	0	1
218	0.300	0	0	0	0	0	1
218	0.600	4	0	5	0	0	1
218	0.300	0	4	0	5	0	1
219	0.300	0	0	0	0	1	1
219	0.300	0	0	0	0	0	1
219	0.600	0	1	0	5	0	1
219	0.300	0	0	0	0	0	1
219	0.050	8	0	5	0	0	1
219	0.250	8	0	5	0	0	1
219	0.300	0	4	0	5	0	1
219	0.300	4	0	5	0	0	1
220	0.300	0	0	0	0	1	1
220	0.600	0	0	0	0	0	1
220	0.200	0	1	0	5	0	1
220	0.300	0	0	0	0	0	1
220	0.050	8	0	5	0	0	1
220	0.600	0	0	0	0	0	1
220	0.050	4	0	5	0	0	1
220	0.250	0	4	0	5	0	1
221	0.300	0	0	0	0	1	1
221	0.300	0	0	0	0	0	1
221	0.600	0	0	0	0	0	1
221	0.050	0	1	0	5	0	1
221	0.300	0	0	0	0	0	1
221	0.600	0	0	0	0	0	1
221	0.050	4	0	5	0	0	1
222	0.250	0	4	0	5	0	1
222	0.300	0	0	0	0	1	1
222	0.300	0	0	0	0	0	1
222	0.600	0	1	0	5	0	1
222	0.250	0	0	0	0	0	1
222	0.050	8	0	5	0	0	1
222	0.600	4	0	5	0	0	1
223	0.300	0	4	0	5	0	1
223	0.300	0	0	0	0	1	1
223	0.300	0	0	0	0	0	1
223	0.600	0	1	0	5	0	1
223	0.250	0	0	0	0	0	1
223	0.100	8	0	5	0	0	1
223	0.200	8	0	5	0	0	1
223	0.300	0	0	0	0	0	1
223	0.050	0	4	0	5	0	1
224	0.300	4	0	5	0	0	1
224	0.300	0	0	0	0	1	1
224	0.600	0	0	0	0	0	1
224	0.250	0	1	0	5	0	1
224	0.300	0	0	0	0	0	1
224	0.600	0	0	0	0	0	1
224	0.050	4	0	5	0	0	1
225	0.250	0	4	0	5	0	1
225	0.300	0	0	0	0	1	1
225	0.300	0	0	0	0	0	1
225	0.600	0	1	0	5	0	1
225	0.300	0	0	0	0	0	1
225	0.050	8	0	5	0	0	1
225	0.300	8	0	5	0	0	1
225	0.250	0	4	0	5	0	1
225	0.050	0	0	0	0	0	1
226	0.250	4	0	5	0	0	1
226	0.350	0	0	0	0	1	1
226	0.300	0	0	0	0	0	1
226	0.600	0	1	0	5	0	1
226	0.300	0	0	0	0	0	1
226	0.300	8	0	5	0	0	1
226	0.300	0	4	0	5	0	1
227	0.300	4	0	5	0	0	1
227	0.300	0	0	0	0	1	1
227	0.250	0	0	0	0	0	1
227	0.600	0	1	0	5	0	1
227	0.300	0	0	0	0	0	1
227	0.350	8	0	5	0	0	1
227	0.300	0	4	0	5	0	1
228	0.300	4	0	5	0	0	1
228	0.250	0	5	0	5	0	0
228	0.050	0	0	0	0	1	0
228	0.250	8	0	5	0	0	0
228	0.600	0	0	0	0	0	0
228	0.050	0	1	0	5	0	0
228	0.150	5	0	5	0	0	0
228	0.100	0	0	0	0	0	1
228	0.050	8	0	5	0	0	1
228	0.300	0	1	0	5	0	1
228	0.250	4	0	5	0	0	1
229	0.600	0	0	0	0	0	1
229	0.350	0	1	0	5	0	1
229	0.050	4	0	5	0	0	1
229	0.100	0	1	0	5	0	1
229	0.150	1	0	5	0	0	1
229	0.600	0	1	0	5	0	1
229	0.050	4	0	5	0	0	1
229	0.100	0	1	0	5	0	1
229	0.200	0	1	0	5	0	1
230	0.300	2	0	5	0	0	1
230	0.500	0	0	0	0	1	1
230	0.300	0	0	0	0	0	1
230	0.600	0	1	0	5	0	1
230	0.300	0	0	0	0	0	1
230	0.100	0	8	0	5	0	1
231	0.550	0	4	0	5	0	1
231	0.300	0	4	0	5	0	1
231	0.250	0	0	0	0	1	1
231	0.350	0	0	0	0	0	1
231	0.550	0	1	0	5	0	1
231	0.300	0	0	0	0	0	1
232	0.350	0	8	0	5	0	1
232	0.300	4	0	5	0	0	1
232	0.300	0	4	0	5	0	1
232	0.300	0	0	0	0	0	1
232	0.600	0	0	0	0	0	1
232	0.300	0	1	0	5	0	1
232	0.250	5	0	5	0	0	1
233	0.600	4	0	5	0	0	1
233	0.600	0	0	0	0	0	1
233	0.600	0	1	0	5	0	1
233	0.050	4	0	5	0	0	1
233	0.500	0	0	0	0	0	1
234	0.350	0	1	0	5	0	1
234	0.050	4	0	5	0	0	1
234	0.250	0	0	0	0	0	1
234	0.600	6	0	5	0	1	1
234	0.600	0	0	0	0	0	1
234	0.350	6	1	5	5	0	1
235	0.300	0	0	0	0	0	1
235	0.250	6	0	5	0	0	1
235	0.150	6	0	5	0	0	1
235	0.150	0	4	0	5	0	1
235	0.250	0	4	0	5	0	1
235	0.350	6	0	5	0	1	1
235	0.600	0	0	0	0	0	1
235	0.250	6	1	5	5	0	1
236	0.300	0	0	0	0	0	1
236	0.300	6	0	5	0	0	1
236	0.150	6	0	5	0	0	1
236	0.100	0	0	0	0	0	1
236	0.050	0	4	0	5	0	1
236	0.250	0	4	0	5	0	1
236	0.300	6	0	5	0	1	1
236	0.200	0	6	0	5	0	1
236	0.100	0	5	0	5	0	1
236	0.550	6	0	5	0	0	1
236	0.050	0	1	0	5	0	1
237	0.250	0	0	0	0	0	1
237	0.300	6	0	5	0	0	1
237	0.350	0	4	0	5	0	1
237	0.300	0	4	0	5	0	1
237	0.400	6	0	5	0	1	1
237	0.250	0	5	0	5	0	0
237	0.050	0	0	0	0	0	1
238	0.600	0	0	0	0	0	1
238	0.050	6	1	5	5	0	1
238	0.250	0	5	0	5	0	0
238	0.050	0	0	0	0	0	1
238	0.300	6	0	5	0	0	1
238	0.150	6	0	5	0	0	1
238	0.150	0	4	0	5	0	1
238	0.250	0	4	0	5	0	1
238	0.300	6	0	5	0	1	1
238	0.300	0	5	0	5	0	0
239	0.050	0	0	0	0	0	1
239	0.600	6	1	5	5	0	1
239	0.250	0	5	0	5	0	1
239	0.350	6	0	5	0	0	1
239	0.150	6	0	5	0	0	1
239	0.100	0	0	0	0	0	1
239	0.050	0	4	0	5	0	1
239	0.250	0	4	0	5	0	1
239	0.350	6	0	5	0	1	1
239	0.250	0	5	0	5	0	0
240	0.050	0	0	0	0	0	1
240	0.600	6	1	5	5	0	1
240	0.250	0	5	0	5	0	1
240	0.350	6	0	5	0	0	1
240	0.150	6	0	5	0	0	1
240	0.150	0	4	0	5	0	1
240	0.250	0	4	0	5	0	1
240	0.300	6	0	5	0	1	1
240	0.250	0	5	0	5	0	0
240	0.050	0	0	0	0	0	1
241	0.600	6	1	5	5	0	1
241	0.250	0	5	0	5	0	0
241	0.050	0	0	0	0	0	1
241	0.300	6	0	5	0	0	1
241	0.150	6	0	5	0	0	1
241	0.150	0	4	0	5	0	1
241	0.250	0	4	0	5	0	1
241	0.300	6	0	5	0	1	1
241	0.100	6	0	5	0	0	1
241	0.200	0	5	0	5	0	0
241	0.050	0	0	0	0	0	1
242	0.600	6	1	5	5	0	1
242	0.300	6	5	5	5	0	1
242	0.300	0	4	0	5	0	1
242	0.300	0	4	0	5	0	1
242	0.300	2	0	5	0	0	1
242	0.350	0	6	0	5	1	1
242	0.200	6	5	5	5	0	0
242	0.050	0	0	0	0	0	1
243	0.600	6	1	5	5	0	1
243	0.250	6	5	5	5	0	0
243	0.050	0	0	0	0	0	1
243	0.300	6	0	5	0	0	1
243	0.150	6	0	5	0	0	1
243	0.150	0	4	0	5	0	1
243	0.250	0	4	0	5	0	1
243	0.350	6	0	5	0	1	1
243	0.050	6	0	5	0	0	1
243	0.250	0	0	0	0	0	1
244	0.600	6	1	5	5	0	1
244	0.300	6	0	5	0	0	1
244	0.050	0	0	0	0	0	1
244	0.300	6	0	5	0	0	1
244	0.300	0	1	0	5	0	1
244	0.150	4	0	5	0	0	1
244	0.100	0	1	0	5	0	1
244	0.200	0	1	0	5	0	1
244	0.100	8	0	5	0	0	1
244	0.050	0	0	0	0	1	1
245	0.300	6	0	5	0	0	1
245	0.600	0	0	0	0	0	1
245	0.050	6	1	5	5	0	1
245	0.250	0	5	0	5	0	0
245	0.050	0	0	0	0	0	1
245	0.300	6	0	5	0	0	1
245	0.150	6	0	5	0	0	1
245	0.150	0	4	0	5	0	1
245	0.250	0	4	0	5	0	1
245	0.300	6	0	5	0	1	1
246	0.250	7	5	5	5	0	1
246	0.350	0	8	0	5	0	1
246	0.250	0	8	0	5	0	1
246	0.300	0	8	0	5	0	1
246	0.300	0	8	0	5	0	1
246	0.300	0	8	0	5	0	1
246	0.300	0	8	0	5	0	1
246	0.350	6	0	5	0	1	1
247	0.050	6	0	5	0	0	1
247	0.200	0	0	0	0	0	1
247	0.050	0	6	0	5	0	1
247	0.600	6	1	5	5	0	1
247	0.250	0	0	0	0	0	1
247	0.050	6	0	5	0	0	1
247	0.250	6	0	5	0	0	1
247	0.200	6	0	5	0	0	1
247	0.050	0	5	0	5	0	0
247	0.050	4	0	5	0	0	0
247	0.300	4	0	5	0	0	0
247	0.300	6	0	5	0	1	0
248	0.250	6	0	5	0	0	0
248	0.050	0	5	0	5	0	1
248	0.600	6	1	5	5	0	1
248	0.250	6	5	5	5	0	0
248	0.050	0	0	0	0	0	1
248	0.300	6	0	5	0	0	1
248	0.150	6	0	5	0	0	1
248	0.100	0	0	0	0	0	1
248	0.050	0	4	0	5	0	1
248	0.250	0	4	0	5	0	1
248	0.300	6	0	5	0	1	1
249	0.250	6	0	5	0	0	1
249	0.050	0	5	0	5	0	1
249	0.600	0	0	0	0	0	1
249	0.050	6	1	5	5	0	1
249	0.300	0	0	0	0	0	1
249	0.300	6	0	5	0	0	1
249	0.150	6	0	5	0	0	1
249	0.150	0	4	0	5	0	1
249	0.300	0	4	0	5	0	1
250	0.300	6	0	5	0	1	1
250	0.200	0	6	0	5	0	1
250	0.100	0	5	0	5	0	1
250	0.600	0	0	0	0	0	1
250	0.050	6	1	5	5	0	1
250	0.250	0	5	0	5	0	0
250	0.050	6	0	5	0	0	1
250	0.300	6	0	5	0	0	1
250	0.300	6	4	5	5	0	1
251	0.300	0	4	0	5	0	1
251	0.300	6	0	5	0	1	1
251	0.250	6	5	5	5	0	0
251	0.050	0	0	0	0	0	1
251	0.600	6	1	5	5	0	1
251	0.250	0	5	0	5	0	0
251	0.050	0	0	0	0	0	1
251	0.300	6	0	5	0	0	1
251	0.250	6	0	5	0	0	1
251	0.050	0	4	0	5	0	1
252	0.300	0	4	0	5	0	1
252	0.300	6	0	5	0	1	1
252	0.250	0	5	0	5	0	0
252	0.050	0	0	0	0	0	1
252	0.600	6	1	5	5	0	1
252	0.250	6	0	5	0	0	1
252	0.050	0	0	0	0	0	1
252	0.300	6	0	5	0	0	1
252	0.300	0	4	0	5	0	1
253	0.300	0	4	0	5	0	1
253	0.300	6	0	5	0	1	1
253	0.250	0	5	0	5	0	0
253	0.050	0	0	0	0	0	1
253	0.600	6	1	5	5	0	1
253	0.300	6	5	5	5	0	1
253	0.300	6	0	5	0	0	1
253	0.300	0	4	0	5	0	1
254	0.300	0	4	0	5	0	1
254	0.300	6	0	5	0	1	1
254	0.250	0	5	0	5	0	0
254	0.050	0	0	0	0	0	1
254	0.600	6	1	5	5	0	1
254	0.300	0	5	0	5	0	1
254	0.300	6	0	5	0	0	1
254	0.300	0	4	0	5	0	1
255	0.300	0	4	0	5	0	1
255	0.300	0	8	0	5	1	1
255	0.250	0	5	0	5	0	0
255	0.050	0	0	0	0	0	1
255	0.600	7	1	5	5	0	1
255	0.300	0	5	0	5	0	1
255	0.350	0	8	0	5	0	1
255	0.250	7	4	5	5	0	1
256	0.300	0	4	0	5	0	1
256	0.300	0	8	0	5	0	1
256	0.050	0	0	0	0	1	1
256	0.300	0	0	0	0	0	1
256	0.550	7	1	5	5	0	1
256	0.300	0	5	0	5	0	1
256	0.300	0	8	0	5	0	1
256	0.250	0	5	0	5	0	0
256	0.050	4	0	5	0	0	1
257	0.300	4	0	5	0	0	1
257	0.300	8	0	5	0	1	1
257	0.300	0	0	0	0	0	1
257	0.600	7	1	5	5	0	1
257	0.300	0	0	0	0	0	1
257	0.300	0	8	0	5	0	1
257	0.250	0	5	0	5	0	0
257	0.050	7	5	5	5	0	1
258	0.300	0	4	0	5	0	1
258	0.300	0	8	0	5	1	1
258	0.300	0	5	0	5	0	1
258	0.600	7	1	5	5	0	1
258	0.300	0	0	0	0	0	1
258	0.300	0	8	0	5	0	1
258	0.250	0	8	0	5	0	1
258	0.050	4	0	5	0	0	1
259	0.300	4	0	5	0	0	1
259	0.300	0	0	0	0	1	1
259	0.250	0	5	0	5	0	0
259	0.050	0	0	0	0	0	1
259	0.600	7	1	5	5	0	1
259	0.300	0	0	0	0	0	1
259	0.300	0	8	0	5	0	1
259	0.250	0	8	0	5	0	1
259	0.050	4	0	5	0	0	1
260	0.300	4	0	5	0	0	1
260	0.300	8	0	5	0	1	1
260	0.300	0	5	0	5	0	1
260	0.600	7	1	5	5	0	1
260	0.250	0	5	0	5	0	0
260	0.050	0	0	0	0	0	1
260	0.300	0	8	0	5	0	1
260	0.250	0	8	0	5	0	1
260	0.050	4	0	5	0	0	1
261	0.300	4	0	5	0	0	1
261	0.300	8	0	5	0	1	1
261	0.300	0	5	0	5	0	1
261	0.600	7	1	5	5	0	1
261	0.300	0	5	0	5	0	1
261	0.300	0	8	0	5	0	1
261	0.250	0	5	0	5	0	0
261	0.050	7	4	5	5	0	1
262	0.300	0	4	0	5	0	1
262	0.300	0	8	0	5	1	1
262	0.350	0	0	0	0	0	1
262	0.550	7	1	5	5	0	1
262	0.250	0	5	0	5	0	0
262	0.050	0	0	0	0	0	1
262	0.300	2	4	5	5	0	1
262	0.300	2	4	5	5	0	1
263	0.600	0	8	0	5	1	1
263	0.300	0	5	0	5	0	1
263	0.550	0	1	0	5	0	1
263	0.050	0	8	0	5	0	1
263	0.250	0	0	0	0	0	1
263	0.350	0	8	0	5	0	1
263	0.250	0	8	0	5	0	1
263	0.050	4	0	5	0	0	1
264	0.300	4	0	5	0	0	1
264	0.300	8	0	5	0	1	1
264	0.300	0	0	0	0	0	1
264	0.550	7	1	5	5	0	1
264	0.300	0	0	0	0	0	1
264	0.350	0	8	0	5	0	1
264	0.250	7	4	5	5	0	1
265	0.300	0	4	0	5	0	1
265	0.350	0	8	0	5	1	1
265	0.300	0	0	0	0	0	1
265	0.550	7	1	5	5	0	1
265	0.350	0	0	0	0	0	1
265	0.300	0	8	0	5	0	1
265	0.250	7	4	5	5	0	1
266	0.050	0	0	0	0	0	1
266	0.250	0	4	0	5	0	1
266	0.350	0	8	0	5	1	1
266	0.300	0	0	0	0	0	1
266	0.600	7	1	5	5	0	1
266	0.300	7	5	5	5	0	1
266	0.300	2	4	5	5	0	1
267	0.300	0	4	0	5	0	1
267	0.050	2	0	5	0	0	1
267	0.550	0	8	0	5	0	1
267	0.050	0	0	0	0	1	1
267	0.250	0	5	0	5	0	0
267	0.050	0	0	0	0	0	1
267	0.550	0	1	0	5	0	1
267	0.300	0	0	0	0	0	1
267	0.300	0	8	0	5	0	1
268	0.250	0	5	0	5	0	0
268	0.050	7	4	5	5	0	1
268	0.300	0	4	0	5	0	1
268	0.300	0	0	0	0	1	1
268	0.050	0	8	0	5	0	1
268	0.250	0	5	0	5	0	1
268	0.600	7	1	5	5	0	1
268	0.300	0	0	0	0	0	1
268	0.300	0	8	0	5	0	1
269	0.300	7	4	5	5	0	1
269	0.300	0	4	0	5	0	1
269	0.300	0	8	0	5	1	1
269	0.300	0	0	0	0	0	1
269	0.600	0	0	0	0	0	1
269	0.050	7	1	5	5	0	1
269	0.250	7	5	5	5	0	1
269	0.300	0	8	0	5	0	1
270	0.300	7	5	5	5	0	1
270	0.300	0	4	0	5	0	1
270	0.300	0	8	0	5	1	1
270	0.350	0	0	0	0	0	1
270	0.550	0	1	0	5	0	1
270	0.300	7	5	5	5	0	1
270	0.300	7	4	5	5	0	1
271	0.300	0	4	0	5	0	1
271	0.250	2	0	5	0	0	1
271	0.300	0	8	0	5	0	1
271	0.050	0	0	0	0	1	1
271	0.200	0	5	0	5	0	0
271	0.050	0	0	0	0	0	1
271	0.600	7	1	5	5	0	1
271	0.300	0	0	0	0	0	1
271	0.300	0	8	0	5	0	1
272	0.250	0	5	0	5	0	0
272	0.050	4	0	5	0	0	1
272	0.050	8	0	5	0	0	1
272	0.300	0	4	0	5	0	1
272	0.250	0	0	0	0	1	1
272	0.050	8	0	5	0	0	1
272	0.300	0	0	0	0	0	1
272	0.300	8	0	5	0	0	1
272	0.300	7	1	5	5	0	1
272	0.250	0	0	0	0	0	1
273	0.350	7	4	5	5	0	1
273	0.300	7	4	5	5	0	1
273	0.600	0	8	0	5	1	1
273	0.300	0	0	0	0	0	1
273	0.600	7	1	5	5	0	1
274	0.300	0	0	0	0	0	1
274	0.300	0	8	0	5	0	1
274	0.300	7	4	5	5	0	1
274	0.300	0	4	0	5	0	1
274	0.300	8	5	5	5	0	1
274	0.300	8	0	5	0	0	1
274	0.300	0	1	0	5	0	1
274	0.300	8	0	5	0	0	1
275	0.300	2	0	5	0	0	1
275	0.250	0	2	0	5	0	1
275	0.300	2	0	5	0	0	1
275	0.600	7	0	5	0	1	1
275	0.250	0	5	0	5	0	0
275	0.050	0	0	0	0	0	1
275	0.600	7	1	5	5	0	1
276	0.300	0	1	0	5	0	1
276	0.300	0	8	0	5	0	1
276	0.300	7	4	5	5	0	1
276	0.300	0	4	0	5	0	1
276	0.300	0	8	0	5	1	1
276	0.300	0	0	0	0	0	1
276	0.600	7	1	5	5	0	1
277	0.300	0	0	0	0	0	1
277	0.300	0	8	0	5	0	1
277	0.300	7	4	5	5	0	1
277	0.300	0	4	0	5	0	1
277	0.300	0	8	0	5	0	1
277	0.050	0	0	0	0	1	1
277	0.300	0	0	0	0	0	1
278	0.600	7	1	5	5	0	1
278	0.300	0	5	0	5	0	1
278	0.350	0	8	0	5	0	1
278	0.250	7	4	5	5	0	1
278	0.300	0	4	0	5	0	1
278	0.300	0	8	0	5	1	1
278	0.150	0	5	0	5	0	0
278	0.150	0	5	0	5	0	1
279	0.600	0	0	0	0	0	1
279	0.050	7	1	5	5	0	1
279	0.250	0	5	0	5	0	1
279	0.300	0	8	0	5	0	1
279	0.300	0	8	0	5	0	1
279	0.300	2	4	5	5	0	1
279	0.300	0	8	0	5	1	1
279	0.250	0	5	0	5	0	0
279	0.050	0	0	0	0	0	1
280	0.600	7	1	5	5	0	1
280	0.300	0	0	0	0	0	1
280	0.300	0	8	0	5	0	1
280	0.300	7	4	5	5	0	1
280	0.300	0	4	0	5	0	1
280	0.300	0	8	0	5	1	1
280	0.300	0	5	0	5	0	1
281	0.600	7	1	5	5	0	1
281	0.250	0	0	0	0	0	1
281	0.350	0	8	0	5	0	1
281	0.250	0	8	0	5	0	1
281	0.050	4	0	5	0	0	1
281	0.250	4	0	5	0	0	1
281	0.350	8	0	5	0	1	1
281	0.300	0	5	0	5	0	1
282	0.600	7	1	5	5	0	1
282	0.250	0	0	0	0	0	1
282	0.350	0	8	0	5	0	1
282	0.250	0	8	0	5	0	1
282	0.050	4	0	5	0	0	1
282	0.250	4	0	5	0	0	1
282	0.350	8	0	5	0	1	1
282	0.250	0	5	0	5	0	1
283	0.600	0	0	0	0	0	1
283	0.050	7	1	5	5	0	1
283	0.250	0	0	0	0	0	1
283	0.350	7	4	5	5	0	1
283	0.300	7	4	5	5	0	1
283	0.300	2	0	5	0	0	1
283	0.300	0	8	0	5	1	1
283	0.250	0	5	0	5	0	1
284	0.600	7	1	5	5	0	1
284	0.350	0	0	0	0	0	1
284	0.600	7	4	5	5	0	1
284	0.300	0	4	0	5	0	1
284	0.300	0	8	0	5	1	1
285	0.300	0	0	0	0	0	1
285	0.600	7	1	5	5	0	1
285	0.250	0	0	0	0	0	1
285	0.350	0	8	0	5	0	1
285	0.250	7	4	5	5	0	1
285	0.300	0	4	0	5	0	1
285	0.350	0	8	0	5	1	1
286	0.300	0	0	0	0	0	1
286	0.600	7	1	5	5	0	1
286	0.250	0	0	0	0	0	1
286	0.350	0	8	0	5	0	1
286	0.250	7	4	5	5	0	1
286	0.300	0	4	0	5	0	1
286	0.300	0	8	0	5	1	1
287	0.300	0	5	0	5	0	0
287	0.050	0	0	0	0	0	1
287	0.300	0	8	0	5	0	1
287	0.300	7	1	5	5	0	1
287	0.250	0	5	0	5	0	0
287	0.050	0	0	0	0	0	1
287	0.250	0	8	0	5	0	1
287	0.300	7	4	5	5	0	1
287	0.600	0	0	0	0	1	1
288	0.050	0	8	0	5	0	1
288	0.250	0	5	0	5	0	0
288	0.050	0	0	0	0	0	1
288	0.600	7	1	5	5	0	1
288	0.250	0	0	0	0	0	1
288	0.350	0	8	0	5	0	1
288	0.250	7	5	5	5	0	1
288	0.350	0	4	0	5	0	1
289	0.300	0	8	0	5	1	1
289	0.350	0	0	0	0	0	1
289	0.550	7	1	5	5	0	1
289	0.300	0	0	0	0	0	1
289	0.300	0	8	0	5	0	1
289	0.300	7	4	5	5	0	1
289	0.300	0	4	0	5	0	1
290	0.250	0	8	0	5	0	1
290	0.050	0	0	0	0	1	1
290	0.150	0	8	0	5	0	1
290	0.150	0	5	0	5	0	1
290	0.600	7	1	5	5	0	1
290	0.300	0	0	0	0	0	1
290	0.300	0	8	0	5	0	1
290	0.250	0	8	0	5	0	1
290	0.050	4	0	5	0	0	1
290	0.300	4	0	5	0	0	1
291	0.300	0	0	0	0	1	1
291	0.050	8	0	5	0	0	1
291	0.250	0	0	0	0	0	1
291	0.600	7	1	5	5	0	1
291	0.300	7	5	5	5	0	1
291	0.300	7	4	5	5	0	1
291	0.300	0	4	0	5	0	1
291	0.300	2	0	5	0	0	1
292	0.300	0	8	0	5	1	1
292	0.250	0	5	0	5	0	0
292	0.050	0	0	0	0	0	1
292	0.600	7	1	5	5	0	1
292	0.300	0	5	0	5	0	1
292	0.300	0	8	0	5	0	1
292	0.300	7	4	5	5	0	1
292	0.300	0	4	0	5	0	1
293	0.300	0	8	0	5	1	1
293	0.250	0	5	0	5	0	0
293	0.050	0	0	0	0	0	1
293	0.600	7	1	5	5	0	1
293	0.300	7	5	5	5	0	1
293	0.300	7	4	5	5	0	1
293	0.300	0	4	0	5	0	1
293	0.300	0	8	0	5	0	1
294	0.250	0	0	0	0	1	1
294	0.050	0	8	0	5	0	1
294	0.250	0	0	0	0	0	1
294	0.600	7	1	5	5	0	1
294	0.300	0	0	0	0	0	1
294	0.350	0	8	0	5	0	1
294	0.250	7	4	5	5	0	1
294	0.300	0	4	0	5	0	1
295	0.300	0	8	0	5	0	1
295	0.050	0	0	0	0	1	1
295	0.250	0	5	0	5	0	1
295	0.300	0	8	0	5	0	1
295	0.300	7	1	5	5	0	1
295	0.300	0	0	0	0	0	1
295	0.300	0	8	0	5	0	1
295	0.300	7	4	5	5	0	1
295	0.300	0	4	0	5	0	1
296	0.300	0	8	0	5	1	1
296	0.300	0	5	0	5	0	1
296	0.600	7	1	5	5	0	1
296	0.250	0	5	0	5	0	0
296	0.050	0	0	0	0	0	1
296	0.350	0	8	0	5	0	1
296	0.250	0	5	0	5	0	1
296	0.050	0	8	0	5	0	1
297	0.600	0	8	0	5	1	1
297	0.250	0	5	0	5	0	0
297	0.050	0	0	0	0	0	1
297	0.600	7	1	5	5	0	1
297	0.300	0	0	0	0	0	1
297	0.350	0	8	0	5	0	1
297	0.250	7	4	5	5	0	1
298	0.300	0	4	0	5	0	1
298	0.300	0	8	0	5	1	1
298	0.250	0	5	0	5	0	0
298	0.050	0	0	0	0	0	1
298	0.600	7	1	5	5	0	1
298	0.300	0	5	0	5	0	1
298	0.300	0	8	0	5	0	1
298	0.300	7	5	5	5	0	1
299	0.300	0	4	0	5	0	1
299	0.300	0	8	0	5	1	1
299	0.300	0	5	0	5	0	1
299	0.600	7	1	5	5	0	1
299	0.300	7	5	5	5	0	1
299	0.300	7	4	5	5	0	1
299	0.300	0	8	0	5	0	1
300	0.600	0	8	0	5	1	1
300	0.300	0	0	0	0	0	1
300	0.600	7	1	5	5	0	1
300	0.300	0	0	0	0	0	1
300	0.300	0	8	0	5	0	1
300	0.300	7	4	5	5	0	1
301	0.300	0	4	0	5	0	1
301	0.300	0	8	0	5	1	1
301	0.300	0	0	0	0	0	1
301	0.600	7	1	5	5	0	1
301	0.250	0	0	0	0	0	1
301	0.350	0	8	0	5	0	1
301	0.250	0	8	0	5	0	1
301	0.050	4	0	5	0	0	1
302	0.250	4	0	5	0	0	1
302	0.300	0	0	0	0	1	1
302	0.050	8	0	5	0	0	1
302	0.250	0	5	0	5	0	1
302	0.600	0	0	0	0	0	1
302	0.050	7	1	5	5	0	1
302	0.300	0	0	0	0	0	1
302	0.300	0	8	0	5	0	1
302	0.300	7	4	5	5	0	1
303	0.300	0	4	0	5	0	1
303	0.300	0	8	0	5	1	1
303	0.300	0	5	0	5	0	1
303	0.600	0	0	0	0	0	1
303	0.050	7	1	5	5	0	1
303	0.250	0	8	0	5	0	1
303	0.300	7	4	5	5	0	1
303	0.300	8	5	5	5	0	0
304	0.050	0	0	0	0	0	1
304	0.550	0	0	0	0	1	1
304	0.050	8	0	5	0	0	1
304	0.250	0	5	0	5	0	1
304	0.600	7	1	5	5	0	1
304	0.300	0	0	0	0	0	1
304	0.300	0	8	0	5	0	1
304	0.300	0	8	0	5	0	1
305	0.050	4	0	5	0	0	1
305	0.300	4	0	5	0	0	1
305	0.250	0	0	0	0	1	1
305	0.050	8	0	5	0	0	1
305	0.250	8	0	5	0	0	1
305	0.050	0	5	0	5	0	1
305	0.600	7	1	5	5	0	1
305	0.300	0	8	0	5	0	1
305	0.300	0	8	0	5	0	1
305	0.150	0	5	0	5	0	0
305	0.100	0	0	0	0	0	1
306	0.050	7	4	5	5	0	1
306	0.300	0	4	0	5	0	1
306	0.250	0	0	0	0	1	1
306	0.050	0	8	0	5	0	1
306	0.200	0	5	0	5	0	0
306	0.050	0	0	0	0	0	1
306	0.550	0	1	0	5	0	1
306	0.050	0	8	0	5	0	1
306	0.250	0	0	0	0	0	1
306	0.350	0	8	0	5	0	1
306	0.250	0	8	0	5	0	1
306	0.050	4	0	5	0	0	1
307	0.250	4	0	5	0	0	1
307	0.300	8	0	5	0	1	1
307	0.300	0	0	0	0	0	1
307	0.600	7	1	5	5	0	1
307	0.250	0	5	0	5	0	0
307	0.050	0	8	0	5	0	1
307	0.300	7	4	5	5	0	1
307	0.300	4	5	5	5	0	0
307	0.050	0	0	0	0	0	1
308	0.250	8	0	5	0	1	1
308	0.300	8	0	5	0	1	1
308	0.250	0	5	0	5	0	0
308	0.050	0	0	0	0	0	1
308	0.350	8	0	5	0	0	1
308	0.250	7	1	5	5	0	1
308	0.300	0	5	0	5	0	1
308	0.300	0	8	0	5	0	1
308	0.300	7	4	5	5	0	1
309	0.300	0	4	0	5	0	1
309	0.300	0	8	0	5	1	1
309	0.300	0	5	0	5	0	1
309	0.600	7	1	5	5	0	1
309	0.300	0	0	0	0	0	1
309	0.300	0	8	0	5	0	1
309	0.300	0	8	0	5	0	1
310	0.050	4	0	5	0	0	1
310	0.250	4	0	5	0	1	1
310	0.300	8	0	5	0	1	1
310	0.250	0	5	0	5	0	0
310	0.050	0	0	0	0	0	1
310	0.600	7	1	5	5	0	1
310	0.300	0	0	0	0	0	1
310	0.300	0	8	0	5	0	1
310	0.300	0	8	0	5	0	1
311	0.050	4	0	5	0	0	1
311	0.300	4	0	5	0	0	1
311	0.300	8	0	5	0	1	1
311	0.250	0	5	0	5	0	1
311	0.200	5	0	5	0	0	0
311	0.150	8	0	5	0	0	0
311	0.250	7	1	5	5	0	0
311	0.300	0	5	0	5	0	1
311	0.300	0	8	0	5	0	1
311	0.150	0	5	0	5	0	0
311	0.150	7	4	5	5	0	1
312	0.600	0	0	0	0	1	1
312	0.050	0	8	0	5	0	1
312	0.250	0	0	0	0	0	1
312	0.600	7	1	5	5	0	1
312	0.300	0	0	0	0	0	1
312	0.350	0	8	0	5	0	1
312	0.250	0	8	0	5	0	1
313	0.050	4	0	5	0	0	1
313	0.300	4	0	5	0	0	1
313	0.300	8	0	5	0	1	1
313	0.300	0	0	0	0	0	1
313	0.600	7	1	5	5	0	1
313	0.300	0	0	0	0	0	1
313	0.300	0	8	0	5	0	1
313	0.250	0	8	0	5	0	1
314	0.050	4	0	5	0	0	1
314	0.600	8	0	5	0	1	1
314	0.300	0	0	0	0	0	1
314	0.600	7	1	5	5	0	1
314	0.300	0	0	0	0	0	1
314	0.300	0	8	0	5	0	1
315	0.300	7	4	5	5	0	1
315	0.300	0	4	0	5	0	1
315	0.250	0	0	0	0	1	1
315	0.050	0	8	0	5	0	1
315	0.150	0	5	0	5	0	0
315	0.100	0	5	0	5	0	1
315	0.350	0	8	0	5	0	1
315	0.250	7	1	5	5	0	1
315	0.250	0	5	0	5	0	0
315	0.050	0	0	0	0	0	1
315	0.300	0	8	0	5	0	1
316	0.300	7	5	5	5	0	1
316	0.600	0	8	0	5	1	1
316	0.300	0	0	0	0	0	1
316	0.600	0	0	0	0	0	1
316	0.050	7	1	5	5	0	1
316	0.150	0	5	0	5	0	0
316	0.150	0	0	0	0	0	1
317	0.300	0	8	0	5	0	1
317	0.250	0	8	0	5	0	1
317	0.050	4	0	5	0	0	1
317	0.300	4	0	5	0	0	1
317	0.300	8	0	5	0	1	1
317	0.300	0	0	0	0	0	1
317	0.300	8	0	5	0	0	1
317	0.300	7	1	5	5	0	1
317	0.300	0	0	0	0	0	1
318	0.250	0	8	0	5	0	1
318	0.300	7	5	5	5	0	0
318	0.050	0	4	0	5	0	1
318	0.200	0	5	0	5	0	0
318	0.100	4	0	5	0	0	0
318	0.300	8	0	5	0	1	0
318	0.300	0	0	0	0	0	1
318	0.600	7	1	5	5	0	1
318	0.250	0	0	0	0	0	1
319	0.200	0	5	0	5	0	0
319	0.150	0	8	0	5	0	0
319	0.300	7	4	5	5	0	1
319	0.300	0	4	0	5	0	1
319	0.250	0	8	0	5	1	1
319	0.350	0	0	0	0	0	1
319	0.250	0	8	0	5	0	1
319	0.300	7	1	5	5	0	1
319	0.250	0	5	0	5	0	0
319	0.050	0	0	0	0	0	1
320	0.300	0	8	0	5	0	1
320	0.300	7	4	5	5	0	1
320	0.300	0	4	0	5	0	1
320	0.300	0	8	0	5	1	1
320	0.300	0	0	0	0	0	1
320	0.600	0	0	0	0	0	1
320	0.050	7	1	5	5	0	1
321	0.300	0	0	0	0	0	1
321	0.300	0	8	0	5	0	1
321	0.300	7	4	5	5	0	1
321	0.300	0	4	0	5	0	1
321	0.300	0	8	0	5	1	1
321	0.250	0	5	0	5	0	0
321	0.050	0	0	0	0	0	1
321	0.600	7	1	5	5	0	1
322	0.250	0	5	0	5	0	0
322	0.050	0	0	0	0	0	1
322	0.300	0	8	0	5	0	1
322	0.300	7	4	5	5	0	1
322	0.600	0	8	0	5	1	1
322	0.300	0	0	0	0	0	1
322	0.200	0	5	0	5	0	0
322	0.400	7	1	5	5	0	0
323	0.300	0	0	0	0	0	1
323	0.300	0	8	0	5	0	1
323	0.250	0	8	0	5	0	1
323	0.050	4	0	5	0	0	1
323	0.300	4	0	5	0	0	1
323	0.300	8	0	5	0	1	1
323	0.250	0	0	0	0	0	1
323	0.600	0	0	0	0	0	1
323	0.050	7	1	5	5	0	1
324	0.250	0	5	0	5	0	1
324	0.050	0	8	0	5	0	1
324	0.250	0	4	0	5	0	1
324	0.050	0	8	0	5	0	1
324	0.250	0	8	0	5	0	1
324	0.050	0	0	0	0	1	1
324	0.550	0	8	0	5	1	1
324	0.300	0	0	0	0	0	1
324	0.600	0	0	0	0	0	1
324	0.050	7	1	5	5	0	1
325	0.250	0	0	0	0	0	1
325	0.300	0	8	0	5	0	1
325	0.300	7	4	5	5	0	1
325	0.300	0	4	0	5	0	1
325	0.300	0	8	0	5	1	1
325	0.300	0	5	0	5	0	1
325	0.600	0	8	0	5	0	1
325	0.050	1	0	5	0	0	1
326	0.250	0	5	0	5	0	1
326	0.300	8	0	5	0	0	1
326	0.300	7	4	5	5	0	1
326	0.300	0	8	0	5	0	1
326	0.300	0	8	0	5	1	1
326	0.250	0	5	0	5	0	0
326	0.050	0	0	0	0	0	1
326	0.600	0	0	0	0	0	1
326	0.050	7	1	5	5	0	1
327	0.250	0	0	0	0	0	1
327	0.350	0	8	0	5	0	1
327	0.250	7	4	5	5	0	1
327	0.300	0	4	0	5	0	1
327	0.300	0	8	0	5	0	1
327	0.050	0	0	0	0	1	1
327	0.250	0	0	0	0	0	1
327	0.600	0	0	0	0	0	1
327	0.050	7	1	5	5	0	1
328	0.250	0	5	0	5	0	0
328	0.050	0	8	0	5	0	1
328	0.300	7	4	5	5	0	1
328	0.300	0	4	0	5	0	1
328	0.600	0	8	0	5	1	1
328	0.300	0	5	0	5	0	1
328	0.600	0	0	0	0	0	1
329	0.050	7	1	5	5	0	1
329	0.250	0	5	0	5	0	0
329	0.050	0	0	0	0	0	1
329	0.300	0	8	0	5	0	1
329	0.250	7	4	5	5	0	1
329	0.300	0	4	0	5	0	1
329	0.350	0	8	0	5	1	1
329	0.250	0	5	0	5	0	1
329	0.600	7	1	5	5	0	1
330	0.300	0	8	0	5	0	1
330	0.300	7	4	5	5	0	1
330	0.300	0	4	0	5	0	1
330	0.600	0	8	0	5	1	1
330	0.300	0	0	0	0	0	1
330	0.600	7	1	5	5	0	1
331	0.300	0	0	0	0	0	1
331	0.300	0	8	0	5	0	1
331	0.300	7	4	5	5	0	1
331	0.300	0	4	0	5	0	1
331	0.300	0	8	0	5	1	1
331	0.250	0	5	0	5	0	0
331	0.050	0	0	0	0	0	1
331	0.600	7	1	5	5	0	1
332	0.150	0	5	0	5	0	0
332	0.100	0	5	0	5	0	0
332	0.050	0	8	0	5	0	1
332	0.250	6	0	5	0	0	1
332	0.350	6	0	5	0	0	1
332	0.250	0	5	0	5	0	0
332	0.050	6	0	5	0	0	0
332	0.200	0	0	0	0	0	1
332	0.100	0	8	0	5	1	1
332	0.250	0	5	0	5	0	1
332	0.050	0	8	0	5	0	1
332	0.300	0	8	0	5	0	1
332	0.250	0	8	0	5	0	1
332	0.050	1	0	5	0	0	1
333	0.250	0	0	0	0	0	1
333	0.050	8	0	5	0	0	1
333	0.250	8	0	5	0	0	1
333	0.150	0	5	0	5	0	0
333	0.150	7	5	5	5	0	1
333	0.300	0	8	0	5	0	1
333	0.300	0	8	0	5	1	1
333	0.250	0	5	0	5	0	0
333	0.050	0	0	0	0	0	1
333	0.050	0	8	0	5	0	1
333	0.250	0	8	0	5	0	1
333	0.300	7	1	5	5	0	1
334	0.300	0	8	0	5	0	1
334	0.300	0	8	0	5	0	1
334	0.300	0	0	0	0	0	1
334	0.050	7	4	5	5	0	1
334	0.300	0	8	0	5	0	1
334	0.250	0	8	0	5	1	1
334	0.250	0	5	0	5	0	0
334	0.050	0	0	0	0	0	1
334	0.150	0	5	0	5	0	0
334	0.150	0	8	0	5	0	0
334	0.300	7	1	5	5	0	0
335	0.250	0	5	0	5	0	0
335	0.050	0	8	0	5	0	1
335	0.300	0	8	0	5	0	1
335	0.250	0	5	0	5	0	1
335	0.050	4	0	5	0	0	1
335	0.150	0	5	0	5	0	0
335	0.150	7	4	5	5	0	0
335	0.300	0	8	0	5	1	0
335	0.250	0	5	0	5	0	0
335	0.050	0	0	0	0	0	1
335	0.300	0	8	0	5	0	1
335	0.300	7	1	5	5	0	1
336	0.300	7	5	5	5	0	1
336	0.300	0	8	0	5	0	1
336	0.300	7	4	5	5	0	1
336	0.600	0	8	0	5	1	1
336	0.300	7	5	5	5	0	1
336	0.350	0	8	0	5	0	1
336	0.250	0	1	0	5	0	1
337	0.050	0	8	0	5	0	1
337	0.250	0	0	0	0	0	1
337	0.300	0	8	0	5	0	1
337	0.250	0	5	0	5	0	0
337	0.050	0	0	0	0	0	1
337	0.050	0	8	0	5	0	1
337	0.150	0	5	0	5	0	0
337	0.150	7	4	5	5	0	0
337	0.300	0	8	0	5	1	0
337	0.250	0	0	0	0	0	1
337	0.050	0	8	0	5	0	1
338	0.600	7	1	5	5	0	1
338	0.250	0	5	0	5	0	0
338	0.050	0	8	0	5	0	1
338	0.300	0	8	0	5	0	1
338	0.300	7	4	5	5	0	1
338	0.550	0	8	0	5	1	1
338	0.300	0	8	0	5	0	1
338	0.050	0	0	0	0	0	1
339	0.300	0	8	0	5	0	1
339	0.300	7	1	5	5	0	1
339	0.250	0	8	0	5	0	1
339	0.300	0	8	0	5	0	1
339	0.300	4	5	5	5	0	1
339	0.200	5	5	5	5	0	0
339	0.150	8	0	5	0	0	0
339	0.250	8	0	5	0	0	0
339	0.050	0	0	0	0	1	0
339	0.250	0	1	0	5	0	0
340	0.300	8	0	5	0	0	1
340	0.150	0	1	0	5	0	1
340	0.150	0	1	0	5	0	1
340	0.100	0	1	0	5	0	1
340	0.150	1	0	5	0	0	1
340	0.200	0	1	0	5	0	1
340	0.100	0	1	0	5	0	1
340	0.150	1	0	5	0	0	1
340	0.150	0	1	0	5	0	1
340	0.150	1	0	5	0	0	1
340	0.150	0	1	0	5	0	1
340	0.150	1	0	5	0	0	1
340	0.100	8	0	5	0	0	1
340	0.050	0	0	0	0	1	1
340	0.250	8	5	5	5	0	0
340	0.050	6	0	5	0	0	1
341	0.250	6	0	5	0	0	1
341	0.300	6	1	5	5	0	1
341	0.050	0	1	0	5	0	1
341	0.200	0	1	0	5	0	1
341	0.050	6	0	5	0	0	1
341	0.350	6	0	5	0	0	1
341	0.300	4	5	5	5	0	1
341	0.300	4	0	5	0	0	1
341	0.300	8	0	5	0	1	1
341	0.250	8	0	5	0	0	1
341	0.050	7	5	5	5	0	1
342	0.350	0	8	0	5	0	1
342	0.300	7	1	5	5	0	1
342	0.300	0	0	0	0	0	1
342	0.050	0	8	0	5	0	1
342	0.300	0	8	0	5	0	1
342	0.300	7	4	5	5	0	1
342	0.600	0	8	0	5	1	1
343	0.250	5	1	5	5	0	0
343	0.050	0	0	0	0	0	1
343	0.200	5	0	5	0	0	0
343	0.100	8	0	5	0	0	0
343	0.300	7	1	5	5	0	0
343	0.300	0	8	0	5	0	1
343	0.300	0	8	0	5	0	1
343	0.300	7	4	5	5	0	1
343	0.050	0	0	0	0	0	1
343	0.250	0	8	0	5	0	1
343	0.050	4	0	5	0	0	1
343	0.250	8	0	5	0	1	1
344	0.300	8	0	5	0	0	1
344	0.150	0	1	0	5	0	1
344	0.050	0	1	0	5	0	1
344	0.050	5	0	5	0	0	1
344	0.050	0	1	0	5	0	1
344	0.100	0	1	0	5	0	1
344	0.200	0	0	0	0	1	1
344	0.050	8	0	5	0	0	1
344	0.250	0	5	0	5	0	1
344	0.050	8	0	5	0	0	1
344	0.100	0	1	0	5	0	1
344	0.150	8	0	5	0	0	1
344	0.150	0	1	0	5	0	1
344	0.150	0	1	0	5	0	1
344	0.150	1	0	5	0	0	1
344	0.150	0	4	0	5	0	1
344	0.300	6	0	5	0	1	1
345	0.300	7	5	5	5	0	1
345	0.200	0	5	0	5	0	0
345	0.100	0	8	0	5	0	0
345	0.300	0	1	0	5	0	0
345	0.050	0	8	0	5	0	0
345	0.300	0	8	0	5	0	1
345	0.250	0	8	0	5	0	1
345	0.250	0	5	0	5	0	0
345	0.050	7	4	5	5	0	1
345	0.300	0	4	0	5	0	1
345	0.300	0	8	0	5	1	1
346	0.150	1	0	5	0	0	1
346	0.100	0	5	0	5	0	0
346	0.050	0	0	0	0	0	1
346	0.300	8	0	5	0	0	1
346	0.250	0	1	0	5	0	1
346	0.250	0	1	0	5	0	1
346	0.100	8	0	5	0	0	1
346	0.150	0	5	0	5	0	0
346	0.100	4	0	5	0	0	0
346	0.300	8	0	5	0	0	0
346	0.050	0	0	0	0	0	1
346	0.300	8	0	5	0	0	1
346	0.300	8	0	5	0	0	1
347	0.300	8	0	5	0	0	1
347	0.300	8	0	5	0	0	1
347	0.300	7	1	5	5	0	1
347	0.050	0	0	0	0	0	1
347	0.250	0	8	0	5	0	1
347	0.300	0	8	0	5	0	1
347	0.250	0	5	0	5	0	0
347	0.050	7	4	5	5	0	1
347	0.300	0	8	0	5	0	1
347	0.150	1	0	5	0	0	1
347	0.150	8	0	5	0	1	1
348	0.300	0	1	0	5	0	1
348	0.100	0	1	0	5	0	1
348	0.150	1	0	5	0	0	1
348	0.300	0	1	0	5	0	1
348	0.050	0	0	0	0	1	1
348	0.250	0	0	0	0	0	1
348	0.050	1	0	5	0	0	1
348	0.100	1	0	5	0	0	1
348	0.150	0	1	0	5	0	1
348	0.150	1	0	5	0	0	1
348	0.100	0	5	0	5	0	0
348	0.050	1	0	5	0	0	0
348	0.250	5	1	5	5	0	0
348	0.050	0	0	0	0	0	1
348	0.300	6	0	5	0	1	1
349	0.200	0	5	0	5	0	0
349	0.050	0	0	0	0	0	1
349	0.050	0	1	0	5	0	1
349	0.300	0	1	0	5	0	1
349	0.250	0	1	0	5	0	1
349	0.350	6	0	5	0	1	1
349	0.250	0	0	0	0	0	1
349	0.050	0	1	0	5	0	1
349	0.300	0	1	0	5	0	1
349	0.250	0	5	0	5	0	1
349	0.050	6	0	5	0	0	1
349	0.150	0	5	0	5	0	0
349	0.150	6	0	5	0	1	0
350	0.100	0	1	0	5	0	0
350	0.150	0	5	0	5	0	1
350	0.050	6	0	5	0	0	1
350	0.250	6	0	5	0	0	1
350	0.300	5	1	5	5	0	1
350	0.200	5	0	5	0	0	0
350	0.150	6	0	5	0	1	0
350	0.300	6	0	5	0	0	1
350	0.300	6	1	5	5	0	1
350	0.050	0	1	0	5	0	1
350	0.200	6	0	5	0	0	1
350	0.200	0	5	0	5	0	0
350	0.150	6	0	5	0	1	0
351	0.300	6	0	5	0	0	1
351	0.300	6	0	5	0	0	1
351	0.300	6	1	5	5	0	1
351	0.300	6	0	5	0	0	1
351	0.300	6	0	5	0	1	1
351	0.300	6	1	5	5	0	1
351	0.100	0	1	0	5	0	1
351	0.150	6	0	5	0	0	1
351	0.050	0	0	0	0	0	1
351	0.150	0	1	0	5	0	1
351	0.150	6	0	5	0	1	1
352	0.150	0	1	0	5	0	1
352	0.100	6	0	5	0	0	1
352	0.150	0	1	0	5	0	1
352	0.050	6	0	5	0	0	1
352	0.100	0	1	0	5	0	1
352	0.050	6	0	5	0	0	1
352	0.200	0	5	0	5	0	0
352	0.100	6	1	5	5	0	1
352	0.300	6	0	5	0	0	1
352	0.300	6	0	5	0	0	1
352	0.350	6	1	5	5	0	1
352	0.250	6	0	5	0	0	1
353	0.350	6	0	5	0	1	1
353	0.250	0	0	0	0	0	1
353	0.050	6	0	5	0	0	1
353	0.300	6	0	5	0	0	1
353	0.250	6	0	5	0	0	1
353	0.050	0	1	0	5	0	1
353	0.250	6	0	5	0	0	1
353	0.300	6	0	5	0	0	1
353	0.050	0	4	0	5	0	1
353	0.300	6	4	5	5	0	1
353	0.250	6	0	5	0	0	1
354	0.350	6	0	5	0	1	1
354	0.250	0	6	0	5	0	1
354	0.150	6	0	5	0	0	1
354	0.150	0	6	0	5	0	1
354	0.350	6	1	5	5	0	1
354	0.300	6	0	5	0	0	1
354	0.250	0	0	0	0	0	1
354	0.050	6	4	5	5	0	1
354	0.300	6	4	5	5	0	1
354	0.250	0	0	0	0	0	1
355	0.050	6	0	5	0	0	1
355	0.300	6	0	5	0	1	1
355	0.250	0	6	0	5	0	1
355	0.350	6	0	5	0	0	1
355	0.300	6	1	5	5	0	1
355	0.300	6	0	5	0	0	1
355	0.250	0	0	0	0	0	1
355	0.050	6	4	5	5	0	1
355	0.300	6	4	5	5	0	1
355	0.250	6	0	5	0	0	1
356	0.300	0	0	0	0	1	1
356	0.050	6	0	5	0	0	1
356	0.250	0	6	0	5	0	1
356	0.150	6	0	5	0	0	1
356	0.150	0	6	0	5	0	1
356	0.300	6	1	5	5	0	1
356	0.300	6	0	5	0	0	1
356	0.300	6	0	5	0	0	1
356	0.350	6	4	5	5	0	1
356	0.250	0	0	0	0	0	1
357	0.050	6	0	5	0	0	1
357	0.300	6	0	5	0	1	1
357	0.250	0	0	0	0	0	1
357	0.050	6	0	5	0	0	1
357	0.300	6	0	5	0	0	1
357	0.300	6	1	5	5	0	1
357	0.050	0	0	0	0	0	1
357	0.300	6	0	5	0	0	1
357	0.250	0	0	0	0	0	1
357	0.050	6	4	5	5	0	1
357	0.250	0	4	0	5	0	1
357	0.050	6	0	5	0	0	1
358	0.250	6	0	5	0	0	1
358	0.300	6	0	5	0	0	1
358	0.050	0	0	0	0	1	1
358	0.250	6	0	5	0	0	1
358	0.300	6	0	5	0	0	1
358	0.300	6	1	5	5	0	1
358	0.300	6	0	5	0	0	1
358	0.250	0	4	0	5	0	1
358	0.050	6	0	5	0	0	1
358	0.250	6	4	5	5	0	1
359	0.300	6	0	5	0	0	1
359	0.350	6	0	5	0	1	1
359	0.250	0	6	0	5	0	1
359	0.200	6	0	5	0	0	1
359	0.150	0	6	0	5	0	1
359	0.250	6	1	5	5	0	1
359	0.300	6	0	5	0	0	1
359	0.300	6	4	5	5	0	1
359	0.300	6	4	5	5	0	1
360	0.250	0	5	0	5	0	0
360	0.050	6	0	5	0	0	1
360	0.300	6	0	5	0	1	1
360	0.050	6	0	5	0	0	1
360	0.200	0	0	0	0	0	1
360	0.050	0	1	0	5	0	1
360	0.100	0	1	0	5	0	1
360	0.100	0	1	0	5	0	1
360	0.050	0	1	0	5	0	1
360	0.300	0	1	0	5	0	1
360	0.050	0	0	0	0	0	1
360	0.250	0	1	0	5	0	1
360	0.150	0	1	0	5	0	1
360	0.150	0	1	0	5	0	1
360	0.150	0	1	0	5	0	1
360	0.150	0	1	0	5	0	1
361	0.300	0	1	0	5	0	1
361	0.350	0	8	0	5	1	1
361	0.250	0	0	0	0	0	1
361	0.050	6	0	5	0	0	1
361	0.300	6	0	5	0	0	1
361	0.300	6	1	5	5	0	1
361	0.300	6	0	5	0	0	1
361	0.300	6	4	5	5	0	1
362	0.350	6	4	5	5	0	1
362	0.250	0	5	0	5	0	1
362	0.050	6	0	5	0	0	1
362	0.250	6	0	5	0	0	1
362	0.050	0	0	0	0	1	1
362	0.250	0	0	0	0	0	1
362	0.050	0	1	0	5	0	1
362	0.050	0	1	0	5	0	1
362	0.100	0	1	0	5	0	1
362	0.100	0	1	0	5	0	1
362	0.200	0	1	0	5	0	1
362	0.150	0	1	0	5	0	1
362	0.150	0	1	0	5	0	1
362	0.150	0	1	0	5	0	1
362	0.250	0	1	0	5	0	1
363	0.350	0	1	0	5	0	1
363	0.250	0	0	0	0	0	1
363	0.050	0	1	0	5	0	1
363	0.300	0	8	0	5	1	1
363	0.300	6	0	5	0	0	1
363	0.300	6	0	5	0	0	1
363	0.300	6	1	5	5	0	1
363	0.150	0	1	0	5	0	1
363	0.150	6	0	5	0	0	1
363	0.250	0	0	0	0	0	1
364	0.050	6	4	5	5	0	1
364	0.300	6	4	5	5	0	1
364	0.150	0	5	0	5	0	0
364	0.100	0	0	0	0	0	1
364	0.050	6	0	5	0	0	1
364	0.150	0	1	0	5	0	1
364	0.100	6	0	5	0	0	1
364	0.050	0	0	0	0	1	1
364	0.250	0	1	0	5	0	1
364	0.100	0	1	0	5	0	1
364	0.100	0	1	0	5	0	1
364	0.150	0	1	0	5	0	1
364	0.150	0	1	0	5	0	1
364	0.100	0	0	0	0	0	1
364	0.050	0	1	0	5	0	1
364	0.150	0	1	0	5	0	1
364	0.150	0	1	0	5	0	1
364	0.250	0	0	0	0	0	1
365	0.050	0	1	0	5	0	1
365	0.250	0	1	0	5	0	1
365	0.300	0	1	0	5	0	1
365	0.300	0	8	0	5	0	1
365	0.050	0	0	0	0	1	1
365	0.250	0	0	0	0	0	1
365	0.050	6	0	5	0	0	1
365	0.300	6	0	5	0	0	1
365	0.150	0	5	0	5	0	0
365	0.150	6	1	5	5	0	1
365	0.300	6	0	5	0	0	1
365	0.150	0	1	0	5	0	1
365	0.100	6	0	5	0	0	1
366	0.200	0	1	0	5	0	1
366	0.100	0	1	0	5	0	1
366	0.150	0	1	0	5	0	1
366	0.150	0	1	0	5	0	1
366	0.200	0	1	0	5	0	1
366	0.100	0	8	0	5	1	1
366	0.300	0	0	0	0	0	1
366	0.050	6	0	5	0	0	1
366	0.300	6	0	5	0	0	1
366	0.150	0	5	0	5	0	0
366	0.150	6	1	5	5	0	1
366	0.300	6	0	5	0	0	1
366	0.250	0	0	0	0	0	1
367	0.050	0	1	0	5	0	1
367	0.150	0	1	0	5	0	1
367	0.050	0	1	0	5	0	1
367	0.100	0	1	0	5	0	1
367	0.050	0	1	0	5	0	1
367	0.200	0	0	0	0	0	1
367	0.050	0	1	0	5	0	1
367	0.050	0	1	0	5	0	1
367	0.250	6	0	5	0	1	1
367	0.250	6	0	5	0	0	1
367	0.050	0	0	0	0	0	1
367	0.300	6	0	5	0	0	1
367	0.150	0	5	0	5	0	0
367	0.150	6	1	5	5	0	1
367	0.100	0	1	0	5	0	1
367	0.200	6	0	5	0	0	1
367	0.100	0	1	0	5	0	1
367	0.150	0	1	0	5	0	1
368	0.150	0	1	0	5	0	1
368	0.150	0	1	0	5	0	1
368	0.200	0	1	0	5	0	1
368	0.100	5	0	5	0	0	0
368	0.050	0	0	0	0	0	1
368	0.300	8	0	5	0	1	1
368	0.250	0	0	0	0	0	1
368	0.050	6	0	5	0	0	1
368	0.300	6	0	5	0	0	1
368	0.050	6	0	5	0	0	1
368	0.050	0	1	0	5	0	1
368	0.150	0	0	0	0	0	1
368	0.050	0	1	0	5	0	1
368	0.150	0	1	0	5	0	1
368	0.100	0	1	0	5	0	1
368	0.300	0	1	0	5	0	1
369	0.350	0	1	0	5	0	1
369	0.100	0	1	0	5	0	1
369	0.150	5	1	5	5	0	1
369	0.150	0	1	0	5	0	1
369	0.150	8	0	5	0	1	1
369	0.300	0	0	0	0	0	1
369	0.050	6	0	5	0	0	1
369	0.300	6	0	5	0	0	1
369	0.300	6	1	5	5	0	1
369	0.300	6	0	5	0	0	1
369	0.250	6	0	5	0	0	1
370	0.350	6	4	5	5	0	1
370	0.250	0	0	0	0	0	1
370	0.050	6	0	5	0	0	1
370	0.300	0	8	0	5	1	1
370	0.250	0	0	0	0	0	1
370	0.050	6	0	5	0	0	1
370	0.300	6	0	5	0	0	1
370	0.250	0	5	0	5	0	0
370	0.050	6	1	5	5	0	1
370	0.300	6	4	5	5	0	1
371	0.300	6	4	5	5	0	1
371	0.300	6	0	5	0	0	1
371	0.300	3	5	5	5	0	1
371	0.300	0	8	0	5	1	1
371	0.300	6	0	5	0	0	1
371	0.300	6	0	5	0	0	1
371	0.300	6	1	5	5	0	1
371	0.300	6	0	5	0	0	1
372	0.250	0	0	0	0	0	1
372	0.050	6	0	5	0	0	1
372	0.300	0	4	0	5	0	1
372	0.250	0	0	0	0	0	1
372	0.050	0	4	0	5	0	1
372	0.100	0	4	0	5	0	1
372	0.050	0	4	0	5	0	1
372	0.100	0	4	0	5	0	1
372	0.300	3	0	5	0	0	1
372	0.300	0	1	0	5	0	1
372	0.100	0	1	0	5	0	1
372	0.150	1	0	5	0	0	1
372	0.050	0	0	0	0	0	1
372	0.100	0	1	0	5	0	1
372	0.050	5	0	5	0	0	0
372	0.100	4	0	5	0	0	0
373	0.300	0	0	0	0	0	1
373	0.050	0	1	0	5	0	1
373	0.300	1	0	5	0	0	1
373	0.300	0	0	0	0	0	1
373	0.050	0	1	0	5	0	1
373	0.300	8	0	5	0	1	1
373	0.250	0	0	0	0	0	1
373	0.050	6	0	5	0	0	1
373	0.300	6	0	5	0	0	1
373	0.300	6	1	5	5	0	1
374	0.300	6	0	5	0	0	1
374	0.300	6	4	5	5	0	1
374	0.300	0	4	0	5	0	1
374	0.050	6	0	5	0	0	1
374	0.250	6	0	5	0	0	1
374	0.300	6	0	5	0	1	1
374	0.250	0	0	0	0	0	1
374	0.050	6	0	5	0	0	1
374	0.150	0	6	0	5	0	1
374	0.150	6	0	5	0	0	1
374	0.300	6	1	5	5	0	1
375	0.100	0	1	0	5	0	1
375	0.200	6	0	5	0	0	1
375	0.300	6	4	5	5	0	1
375	0.300	6	4	5	5	0	1
375	0.300	6	0	5	0	0	1
375	0.300	6	0	5	0	1	1
375	0.300	6	0	5	0	0	1
375	0.150	0	6	0	5	0	1
375	0.150	6	0	5	0	0	1
375	0.300	6	1	5	5	0	1
376	0.050	0	1	0	5	0	1
376	0.250	6	0	5	0	0	1
376	0.250	0	4	0	5	0	1
376	0.050	6	0	5	0	0	1
376	0.300	6	4	5	5	0	1
376	0.300	6	0	5	0	0	1
376	0.300	6	0	5	0	1	1
376	0.300	6	0	5	0	0	1
376	0.150	0	6	0	5	0	1
376	0.150	6	0	5	0	0	1
376	0.300	6	1	5	5	0	1
377	0.300	6	0	5	0	0	1
377	0.250	0	0	0	0	0	1
377	0.050	6	0	5	0	0	1
377	0.300	6	4	5	5	0	1
377	0.250	0	0	0	0	0	1
377	0.050	6	4	5	5	0	1
377	0.300	6	0	5	0	1	1
377	0.300	6	0	5	0	0	1
377	0.150	0	6	0	5	0	1
377	0.150	6	0	5	0	0	1
377	0.250	0	6	0	5	0	1
377	0.050	0	1	0	5	0	1
378	0.250	6	0	5	0	0	1
378	0.300	6	0	5	0	1	1
378	0.350	6	4	5	5	0	1
378	0.250	6	0	5	0	0	1
378	0.050	0	0	0	0	0	1
378	0.300	6	0	5	0	1	1
378	0.300	6	0	5	0	0	1
378	0.150	0	6	0	5	0	1
378	0.150	6	0	5	0	0	1
378	0.300	6	1	5	5	0	1
379	0.300	6	0	5	0	0	1
379	0.250	0	0	0	0	0	1
379	0.050	6	0	5	0	1	1
379	0.300	6	4	5	5	0	1
379	0.250	0	0	0	0	0	1
379	0.050	6	0	5	0	0	1
379	0.300	6	0	5	0	1	1
379	0.250	0	6	0	5	0	1
379	0.050	0	0	0	0	0	1
379	0.150	6	0	5	0	0	1
379	0.150	0	6	0	5	0	1
379	0.250	0	0	0	0	0	1
379	0.050	6	1	5	5	0	1
380	0.300	6	0	5	0	0	1
380	0.300	6	0	5	0	1	1
380	0.300	6	4	5	5	0	1
380	0.300	6	0	5	0	0	1
380	0.300	6	0	5	0	1	1
380	0.250	0	6	0	5	0	1
380	0.200	6	0	5	0	0	1
380	0.100	6	0	5	0	0	1
380	0.300	6	5	5	5	0	1
380	0.050	0	1	0	5	0	1
381	0.250	6	0	5	0	0	1
381	0.300	6	0	5	0	1	1
381	0.350	6	4	5	5	1	1
381	0.250	6	5	5	5	0	0
381	0.050	0	0	0	0	0	1
381	0.300	6	0	5	0	1	1
381	0.250	0	0	0	0	0	1
381	0.050	6	0	5	0	0	1
381	0.150	6	0	5	0	0	1
381	0.150	6	0	5	0	0	1
381	0.300	6	1	5	5	0	1
382	0.300	6	0	5	0	1	1
382	0.300	6	0	5	0	1	1
382	0.300	6	4	5	5	0	1
382	0.300	6	0	5	0	0	1
382	0.300	6	0	5	0	1	1
382	0.300	6	0	5	0	0	1
382	0.150	0	6	0	5	0	1
382	0.150	6	0	5	0	0	1
382	0.300	6	1	5	5	0	1
383	0.300	6	0	5	0	0	1
383	0.300	6	0	5	0	1	1
383	0.350	6	4	5	5	0	1
383	0.200	0	5	0	5	0	0
383	0.050	6	0	5	0	0	1
383	0.300	0	0	0	0	1	1
383	0.050	6	0	5	0	0	1
383	0.200	0	0	0	0	0	1
383	0.050	6	0	5	0	0	1
383	0.150	6	0	5	0	0	1
383	0.150	6	0	5	0	0	1
383	0.250	0	0	0	0	0	1
383	0.050	6	1	5	5	0	1
384	0.300	6	0	5	0	0	1
384	0.250	0	0	0	0	0	1
384	0.050	6	0	5	0	1	1
384	0.300	6	1	5	5	0	1
384	0.250	0	0	0	0	1	1
384	0.050	6	0	5	0	0	1
384	0.300	6	4	5	5	0	1
384	0.300	6	0	5	0	0	1
384	0.150	0	6	0	5	0	1
384	0.100	0	6	0	5	0	1
384	0.350	6	1	5	5	0	1
385	0.250	6	0	5	0	0	1
385	0.300	0	0	0	0	0	1
385	0.050	6	0	5	0	1	1
385	0.300	6	1	5	5	0	1
385	0.250	0	0	0	0	1	1
385	0.050	6	0	5	0	0	1
385	0.300	6	4	5	5	0	1
385	0.250	0	0	0	0	0	1
385	0.050	6	0	5	0	0	1
385	0.150	0	6	0	5	0	1
385	0.100	0	6	0	5	0	1
385	0.350	6	1	5	5	0	1
386	0.300	6	0	5	0	0	1
386	0.250	0	0	0	0	0	1
386	0.050	6	0	5	0	1	1
386	0.300	6	1	5	5	0	1
386	0.300	6	0	5	0	1	1
386	0.300	6	0	5	0	1	1
386	0.250	0	0	0	0	0	1
386	0.050	6	0	5	0	0	1
386	0.150	6	0	5	0	0	1
386	0.150	6	0	5	0	0	1
386	0.300	6	1	5	5	0	1
387	0.300	6	0	5	0	0	1
387	0.300	6	0	5	0	1	1
387	0.300	6	1	5	5	0	1
387	0.300	6	0	5	0	1	1
387	0.300	6	0	5	0	1	1
387	0.200	6	0	5	0	0	1
387	0.050	0	5	0	5	0	1
387	0.050	6	0	5	0	0	1
387	0.150	6	0	5	0	0	1
387	0.150	6	0	5	0	0	1
387	0.300	6	1	5	5	0	1
388	0.300	6	0	5	0	0	1
388	0.300	6	5	5	5	1	1
388	0.300	6	1	5	5	0	1
388	0.300	6	0	5	0	1	1
388	0.300	6	4	5	5	0	1
388	0.300	6	0	5	0	0	1
388	0.200	0	6	0	5	0	1
388	0.100	0	6	0	5	0	1
388	0.300	6	1	5	5	0	1
389	0.300	6	0	5	0	0	1
389	0.250	0	5	0	5	0	0
389	0.050	6	0	5	0	1	1
389	0.300	6	1	5	5	0	1
389	0.300	6	0	5	0	1	1
389	0.300	6	2	5	5	0	1
389	0.250	0	0	0	0	0	1
389	0.050	6	0	5	0	0	1
389	0.150	0	6	0	5	0	1
389	0.150	6	0	5	0	0	1
389	0.300	6	1	5	5	0	1
390	0.300	6	0	5	0	0	1
390	0.250	6	0	5	0	0	1
390	0.050	0	0	0	0	1	1
390	0.300	6	1	5	5	0	1
390	0.250	0	0	0	0	0	1
390	0.050	6	1	5	5	0	1
390	0.300	6	0	5	0	1	1
390	0.250	0	0	0	0	0	1
390	0.050	6	0	5	0	0	1
390	0.150	6	0	5	0	0	1
390	0.100	6	0	5	0	0	1
390	0.300	6	1	5	5	0	1
390	0.050	0	0	0	0	0	1
391	0.250	6	0	5	0	0	1
391	0.300	0	5	0	5	0	1
391	0.050	6	0	5	0	1	1
391	0.300	6	1	5	5	0	1
391	0.300	6	0	5	0	1	1
391	0.300	0	0	0	0	1	1
391	0.050	6	0	5	0	0	1
391	0.250	6	0	5	0	0	1
391	0.150	6	0	5	0	0	1
391	0.150	6	0	5	0	0	1
391	0.300	6	1	5	5	0	1
392	0.050	0	0	0	0	0	1
392	0.250	6	0	5	0	0	1
392	0.300	6	0	5	0	1	1
392	0.300	6	1	5	5	0	1
392	0.250	0	1	0	5	0	1
392	0.050	6	0	5	0	1	1
392	0.050	0	0	0	0	0	1
392	0.250	0	0	0	0	1	1
392	0.050	6	0	5	0	0	1
392	0.150	6	0	5	0	0	1
392	0.100	6	0	5	0	0	1
392	0.200	6	0	5	0	0	1
392	0.100	6	0	5	0	0	1
392	0.300	6	1	5	5	0	1
393	0.100	6	0	5	0	0	1
393	0.100	0	0	0	0	0	1
393	0.100	6	0	5	0	0	1
393	0.300	6	0	5	0	0	1
393	0.300	6	5	5	5	0	0
393	0.100	0	0	0	0	0	1
393	0.200	6	0	5	0	0	1
393	0.300	6	0	5	0	1	1
393	0.150	6	0	5	0	0	1
393	0.100	6	0	5	0	0	1
393	0.050	0	0	0	0	0	1
393	0.150	6	0	5	0	0	1
393	0.150	6	0	5	0	0	1
393	0.300	6	1	5	5	0	1
394	0.300	6	0	5	0	0	1
394	0.250	0	0	0	0	0	1
394	0.050	6	0	5	0	0	1
394	0.300	6	1	5	5	0	1
394	0.300	6	0	5	0	0	1
394	0.300	6	0	5	0	1	1
394	0.250	6	0	5	0	0	1
394	0.150	6	0	5	0	0	1
394	0.150	6	0	5	0	0	1
394	0.300	6	1	5	5	0	1
395	0.300	6	0	5	0	0	1
395	0.350	6	0	5	0	0	1
395	0.300	6	0	5	0	0	1
395	0.300	6	0	5	0	0	1
395	0.150	0	1	0	5	0	1
395	0.050	0	1	0	5	0	1
395	0.100	6	1	5	5	1	1
395	0.250	6	0	5	0	0	1
395	0.200	6	0	5	0	0	1
395	0.100	6	0	5	0	0	1
396	0.350	6	1	5	5	0	1
396	0.300	6	0	5	0	0	1
396	0.300	6	0	5	0	0	1
396	0.300	6	0	5	0	0	1
396	0.300	6	0	5	0	0	1
396	0.100	0	1	0	5	0	1
396	0.100	0	1	0	5	0	1
396	0.050	0	1	0	5	1	1
396	0.050	6	0	5	0	0	1
396	0.250	6	0	5	0	0	1
396	0.050	0	0	0	0	0	1
396	0.100	6	0	5	0	0	1
396	0.150	6	0	5	0	0	1
397	0.300	6	1	5	5	0	1
397	0.100	0	1	0	5	0	1
397	0.200	6	0	5	0	0	1
397	0.300	6	0	5	0	0	1
397	0.300	6	4	5	5	1	1
397	0.300	6	0	5	0	0	1
397	0.300	6	0	5	0	1	1
397	0.300	6	0	5	0	0	1
397	0.150	0	6	0	5	0	1
397	0.100	0	6	0	5	0	1
398	0.350	6	1	5	5	0	1
398	0.300	6	0	5	0	0	1
398	0.250	0	0	0	0	0	1
398	0.050	6	0	5	0	0	1
398	0.300	6	1	5	5	0	1
398	0.300	6	0	5	0	0	1
398	0.300	6	0	5	0	1	1
398	0.250	6	0	5	0	0	1
398	0.200	6	0	5	0	0	1
399	0.150	6	0	5	0	0	1
399	0.300	6	1	5	5	0	1
399	0.300	6	0	5	0	0	1
399	0.300	6	0	5	0	0	1
399	0.350	6	1	5	5	0	1
399	0.300	6	0	5	0	0	1
399	0.250	6	0	5	0	1	1
399	0.300	6	0	5	0	0	1
399	0.150	6	0	5	0	0	1
400	0.150	6	0	5	0	0	1
400	0.300	6	1	5	5	0	1
400	0.300	6	0	5	0	0	1
400	0.300	6	0	5	0	0	1
400	0.300	6	0	5	0	0	1
400	0.300	6	0	5	0	0	1
400	0.150	0	1	0	5	0	1
400	0.100	0	1	0	5	0	1
400	0.050	6	1	5	5	1	1
400	0.100	0	1	0	5	0	1
400	0.050	0	1	0	5	0	1
400	0.150	6	0	5	0	0	1
400	0.150	6	0	5	0	0	1
401	0.150	6	0	5	0	0	1
401	0.300	6	1	5	5	0	1
401	0.300	6	0	5	0	0	1
401	0.300	6	0	5	0	0	1
401	0.300	0	4	0	5	0	1
401	0.050	6	0	5	0	0	1
401	0.250	6	4	5	5	0	1
401	0.300	0	0	0	0	1	1
401	0.050	6	0	5	0	0	1
401	0.250	0	6	0	5	0	1
401	0.150	6	0	5	0	0	1
402	0.050	0	1	0	5	0	1
402	0.100	6	0	5	0	0	1
402	0.300	6	1	5	5	0	1
402	0.300	6	0	5	0	0	1
402	0.300	6	0	5	0	0	1
402	0.350	6	1	5	5	0	1
402	0.300	6	0	5	0	0	1
402	0.150	0	1	0	5	0	1
402	0.150	6	0	5	0	1	1
402	0.250	6	0	5	0	0	1
403	0.200	6	0	5	0	0	1
403	0.150	6	0	5	0	0	1
403	0.300	6	1	5	5	0	1
403	0.300	6	0	5	0	0	1
403	0.300	6	0	5	0	0	1
403	0.300	6	4	5	5	0	1
403	0.300	6	0	5	0	0	1
403	0.300	6	0	5	0	1	1
403	0.250	0	6	0	5	0	1
404	0.150	6	0	5	0	0	1
404	0.150	0	6	0	5	0	1
404	0.350	6	1	5	5	0	1
404	0.250	0	0	0	0	0	1
404	0.050	6	0	5	0	0	1
404	0.300	6	0	5	0	0	1
404	0.300	6	1	5	5	0	1
404	0.300	6	0	5	0	0	1
404	0.100	0	1	0	5	0	1
404	0.200	6	0	5	0	1	1
404	0.250	0	0	0	0	0	1
405	0.050	6	0	5	0	0	1
405	0.150	6	0	5	0	0	1
405	0.150	6	0	5	0	0	1
405	0.300	6	1	5	5	0	1
405	0.300	6	0	5	0	0	1
405	0.300	6	0	5	0	0	1
405	0.300	6	0	5	0	0	1
405	0.300	6	0	5	0	0	1
405	0.150	0	1	0	5	0	1
405	0.100	0	1	0	5	0	1
405	0.050	6	0	5	0	1	1
405	0.050	0	1	0	5	0	1
405	0.050	0	1	0	5	0	1
405	0.050	0	1	0	5	0	1
406	0.150	6	0	5	0	0	1
406	0.150	6	0	5	0	0	1
406	0.150	6	0	5	0	0	1
406	0.300	6	1	5	5	0	1
406	0.250	1	1	5	5	0	1
406	0.050	6	0	5	0	0	1
406	0.250	0	1	0	5	0	1
406	0.050	6	0	5	0	0	1
406	0.300	6	4	5	5	1	1
406	0.300	6	0	5	0	0	1
406	0.300	6	0	5	0	1	1
407	0.300	6	0	5	0	0	1
407	0.150	0	6	0	5	0	1
407	0.100	0	6	0	5	0	1
407	0.350	6	1	5	5	0	1
407	0.300	6	0	5	0	0	1
407	0.300	6	0	5	0	0	1
407	0.300	6	0	5	0	0	1
407	0.300	6	0	5	0	0	1
407	0.250	0	0	0	0	1	1
407	0.050	6	0	5	0	0	1
408	0.250	6	0	5	0	0	1
408	0.200	6	0	5	0	0	1
408	0.100	6	0	5	0	0	1
408	0.350	6	1	5	5	0	1
408	0.250	0	0	0	0	0	1
408	0.050	6	0	5	0	0	1
408	0.250	6	0	5	0	0	1
408	0.300	6	4	5	5	0	1
408	0.050	0	0	0	0	1	1
408	0.250	6	0	5	0	0	1
408	0.300	6	0	5	0	1	1
409	0.300	6	0	5	0	0	1
409	0.200	0	6	0	5	0	1
409	0.100	0	6	0	5	0	1
409	0.300	6	0	5	0	0	1
409	0.050	0	1	0	5	0	1
409	0.050	0	1	0	5	0	1
409	0.200	6	0	5	0	0	1
409	0.300	6	0	5	0	0	1
409	0.300	0	0	0	0	1	1
409	0.050	6	4	5	5	0	1
409	0.250	6	0	5	0	0	1
409	0.300	0	0	0	0	1	1
410	0.050	6	0	5	0	0	1
410	0.250	0	6	0	5	0	1
410	0.150	6	0	5	0	0	1
410	0.150	0	6	0	5	0	1
410	0.300	6	0	5	0	0	1
410	0.050	0	1	0	5	0	1
410	0.250	6	0	5	0	0	1
410	0.300	6	0	5	0	0	1
410	0.300	6	4	5	5	1	1
410	0.300	6	0	5	0	1	1
410	0.300	6	0	5	0	1	1
411	0.300	6	0	5	0	0	1
411	0.200	0	6	0	5	0	1
411	0.050	0	6	0	5	0	1
411	0.100	0	6	0	5	0	1
411	0.250	6	0	5	0	0	1
411	0.050	0	1	0	5	0	1
411	0.250	6	0	5	0	0	1
411	0.300	6	0	5	0	0	1
411	0.350	6	1	5	5	0	1
411	0.300	6	0	5	0	0	1
412	0.300	6	0	5	0	1	1
412	0.300	6	0	5	0	0	1
412	0.200	6	0	5	0	0	1
412	0.100	6	0	5	0	0	1
412	0.300	6	1	5	5	0	1
412	0.300	6	0	5	0	0	1
412	0.300	6	0	5	0	0	1
412	0.250	0	0	0	0	0	1
412	0.050	6	4	5	5	1	1
412	0.300	6	0	5	0	0	1
413	0.300	6	0	5	0	1	1
413	0.250	0	6	0	5	0	1
413	0.050	0	0	0	0	0	1
413	0.150	6	0	5	0	0	1
413	0.100	6	0	5	0	0	1
413	0.350	6	1	5	5	0	1
413	0.250	0	0	0	0	0	1
413	0.050	6	0	5	0	0	1
413	0.250	6	0	5	0	0	1
413	0.300	0	0	0	0	0	1
413	0.050	6	4	5	5	1	1
413	0.250	6	0	5	0	0	1
413	0.050	0	4	0	5	0	1
414	0.300	6	0	5	0	1	1
414	0.250	6	0	5	0	0	1
414	0.200	0	6	0	5	0	1
414	0.100	0	6	0	5	0	1
414	0.300	6	1	5	5	0	1
414	0.300	6	0	5	0	0	1
414	0.050	0	0	0	0	0	1
414	0.250	6	0	5	0	0	1
414	0.350	6	0	5	0	0	1
414	0.300	6	4	5	5	0	1
415	0.300	6	0	5	0	1	1
415	0.250	0	0	0	0	0	1
415	0.050	6	0	5	0	0	1
415	0.150	0	6	0	5	0	1
415	0.100	0	6	0	5	0	1
415	0.300	6	0	5	0	0	1
415	0.050	0	1	0	5	0	1
415	0.300	6	0	5	0	0	1
415	0.300	6	0	5	0	0	1
415	0.300	6	4	5	5	1	1
415	0.250	6	0	5	0	0	1
415	0.050	0	4	0	5	0	1
416	0.300	6	0	5	0	1	1
416	0.250	6	0	5	0	0	1
416	0.150	0	6	0	5	0	1
416	0.150	6	0	5	0	0	1
416	0.300	0	6	0	5	0	1
416	0.050	0	1	0	5	0	1
416	0.250	6	0	5	0	0	1
416	0.350	6	0	5	0	0	1
416	0.300	6	0	5	0	0	1
416	0.300	6	4	5	5	0	1
417	0.300	6	0	5	0	1	1
417	0.250	6	0	5	0	0	1
417	0.200	0	6	0	5	0	1
417	0.100	0	6	0	5	0	1
417	0.350	6	1	5	5	0	1
417	0.250	0	0	0	0	0	1
417	0.050	6	0	5	0	0	1
417	0.300	6	0	5	0	0	1
417	0.250	0	0	0	0	0	1
417	0.050	6	4	5	5	1	1
417	0.300	6	0	5	0	0	1
418	0.250	6	0	5	0	1	1
418	0.300	0	0	0	0	0	1
418	0.050	6	0	5	0	0	1
418	0.300	6	0	5	0	0	1
418	0.300	6	1	5	5	0	1
418	0.300	6	0	5	0	0	1
418	0.300	6	0	5	0	0	1
418	0.300	6	0	5	0	0	1
418	0.300	6	0	5	0	0	1
419	0.150	6	1	5	5	0	1
419	0.150	6	1	5	5	1	1
419	0.100	0	1	0	5	0	1
419	0.050	0	1	0	5	0	1
419	0.100	0	0	0	0	0	1
419	0.050	6	0	5	0	0	1
419	0.300	6	0	5	0	0	1
419	0.300	6	1	5	5	0	1
419	0.300	6	0	5	0	0	1
419	0.300	6	0	5	0	0	1
419	0.250	0	4	0	5	0	1
419	0.050	6	0	5	0	1	1
419	0.300	6	4	5	5	0	1
420	0.300	6	0	5	0	1	1
420	0.250	0	0	0	0	0	1
420	0.050	6	0	5	0	0	1
420	0.300	6	0	5	0	0	1
420	0.300	6	1	5	5	0	1
420	0.300	6	0	5	0	0	1
420	0.300	6	0	5	0	0	1
420	0.150	6	0	5	0	0	1
420	0.100	6	0	5	0	0	1
420	0.050	0	0	0	0	0	1
420	0.250	6	0	5	0	0	1
421	0.300	6	0	5	0	1	1
421	0.300	6	0	5	0	0	1
421	0.300	6	0	5	0	0	1
421	0.300	0	1	0	5	0	1
421	0.050	6	0	5	0	0	1
421	0.250	0	0	0	0	0	1
421	0.050	6	0	5	0	0	1
421	0.250	6	0	5	0	0	1
421	0.200	6	0	5	0	0	1
421	0.100	6	0	5	0	1	1
421	0.300	6	0	5	0	0	1
422	0.300	6	0	5	0	1	1
422	0.250	0	0	0	0	0	1
422	0.050	6	0	5	0	0	1
422	0.150	6	0	5	0	0	1
422	0.150	6	0	5	0	0	1
422	0.300	6	0	5	0	0	1
422	0.050	0	1	0	5	0	1
422	0.250	6	0	5	0	0	1
422	0.300	6	0	5	0	0	1
422	0.150	6	0	5	0	0	1
422	0.150	6	0	5	0	0	1
422	0.300	6	0	5	0	0	1
423	0.100	0	1	0	5	0	1
423	0.100	0	1	0	5	0	1
423	0.100	6	0	5	0	1	1
423	0.300	6	0	5	0	0	1
423	0.300	6	0	5	0	0	1
423	0.300	6	1	5	5	0	1
423	0.300	6	0	5	0	0	1
423	0.300	6	0	5	0	0	1
423	0.150	6	0	5	0	0	1
423	0.150	6	0	5	0	1	1
423	0.300	6	0	5	0	0	1
424	0.300	6	0	5	0	1	1
424	0.250	0	0	0	0	0	1
424	0.050	6	0	5	0	0	1
424	0.150	6	0	5	0	0	1
424	0.150	6	0	5	0	0	1
424	0.300	6	1	5	5	0	1
424	0.300	6	0	5	0	0	1
424	0.300	6	0	5	0	0	1
424	0.300	6	0	5	0	1	1
424	0.100	6	0	5	0	0	1
424	0.150	0	5	0	5	0	1
425	0.300	0	5	0	5	0	1
425	0.350	0	1	0	5	0	1
425	0.100	0	1	0	5	0	1
425	0.050	0	1	0	5	0	1
425	0.100	0	1	0	5	0	1
425	0.300	0	1	0	5	0	1
425	0.300	5	1	5	5	0	0
425	0.150	0	1	0	5	0	0
425	0.150	1	0	5	0	0	0
425	0.200	0	1	0	5	0	0
425	0.100	0	1	0	5	0	0
426	0.600	6	0	5	0	1	0
426	0.300	6	5	5	5	0	1
426	0.300	6	0	5	0	0	1
426	0.350	6	1	5	5	0	1
426	0.300	6	0	5	0	0	1
426	0.300	6	0	5	0	0	1
427	0.300	0	0	0	0	0	1
427	0.050	6	0	5	0	0	1
427	0.300	6	0	5	0	0	1
427	0.100	0	1	0	5	0	1
427	0.100	0	1	0	5	0	1
427	0.050	0	1	0	5	1	1
427	0.050	6	0	5	0	0	1
427	0.250	6	0	5	0	0	1
427	0.200	6	0	5	0	0	1
427	0.100	6	0	5	0	0	1
427	0.350	6	1	5	5	0	1
427	0.300	6	0	5	0	0	1
427	0.250	6	0	5	0	0	1
428	0.350	6	0	5	0	0	1
428	0.300	6	0	5	0	0	1
428	0.250	6	0	5	0	1	1
428	0.300	6	0	5	0	0	1
428	0.350	6	0	5	0	0	1
428	0.250	0	1	0	5	0	1
428	0.050	6	0	5	0	0	1
428	0.300	6	0	5	0	0	1
429	0.300	6	0	5	0	0	1
429	0.250	0	0	0	0	0	1
429	0.050	6	0	5	0	0	1
429	0.300	6	0	5	0	0	1
429	0.250	6	0	5	0	1	1
429	0.300	6	0	5	0	0	1
429	0.150	6	0	5	0	0	1
429	0.150	6	0	5	0	0	1
429	0.300	6	1	5	5	0	1
429	0.300	6	0	5	0	0	1
430	0.300	6	0	5	0	0	1
430	0.350	6	0	5	0	0	1
430	0.250	6	0	5	0	0	1
430	0.150	0	1	0	5	0	1
430	0.100	0	1	0	5	0	1
430	0.050	0	1	0	5	1	1
430	0.050	6	0	5	0	0	1
430	0.250	6	0	5	0	0	1
430	0.150	6	0	5	0	0	1
430	0.150	6	0	5	0	0	1
430	0.350	6	1	5	5	0	1
430	0.250	6	0	5	0	0	1
431	0.050	0	0	0	0	0	1
431	0.250	6	0	5	0	0	1
431	0.350	6	0	5	0	0	1
431	0.300	6	0	5	0	0	1
431	0.100	0	1	0	5	0	1
431	0.100	0	1	0	5	0	1
431	0.100	6	0	5	0	1	1
431	0.300	6	0	5	0	0	1
431	0.300	6	0	5	0	0	1
431	0.150	6	0	5	0	0	1
431	0.050	0	1	0	5	0	1
431	0.150	6	0	5	0	0	1
432	0.250	6	0	5	0	0	1
432	0.300	6	0	5	0	0	1
432	0.300	6	1	5	5	0	1
432	0.300	6	0	5	0	0	1
432	0.100	0	1	0	5	0	1
432	0.200	6	0	5	0	1	1
432	0.250	6	0	5	0	0	1
432	0.150	6	0	5	0	0	1
432	0.150	6	0	5	0	0	1
432	0.300	6	0	5	0	0	1
432	0.050	0	1	0	5	0	1
433	0.250	6	0	5	0	0	1
433	0.050	0	0	0	0	0	1
433	0.300	6	0	5	0	0	1
433	0.300	6	0	5	0	0	1
433	0.300	6	0	5	0	0	1
433	0.250	0	0	0	0	1	1
433	0.050	6	0	5	0	0	1
433	0.250	6	5	5	5	0	1
433	0.150	6	0	5	0	0	1
433	0.150	6	0	5	0	0	1
433	0.300	6	1	5	5	0	1
434	0.300	6	0	5	0	0	1
434	0.350	6	0	5	0	0	1
434	0.250	0	0	0	0	0	1
434	0.050	6	0	5	0	0	1
434	0.250	6	0	5	0	0	1
434	0.350	6	0	5	0	1	1
434	0.250	0	0	0	0	0	1
434	0.050	6	0	5	0	0	1
434	0.250	6	0	5	0	0	1
434	0.150	6	0	5	0	0	1
434	0.150	6	0	5	0	0	1
435	0.350	6	1	5	5	0	1
435	0.250	6	0	5	0	0	1
435	0.350	6	1	5	5	0	1
435	0.250	6	0	5	0	0	1
435	0.200	0	1	0	5	0	1
435	0.100	6	0	5	0	0	1
435	0.050	0	0	0	0	1	1
435	0.250	6	5	5	5	0	1
435	0.350	6	0	5	0	0	1
435	0.150	6	1	5	5	0	1
435	0.100	6	0	5	0	0	1
436	0.300	6	0	5	0	0	1
436	0.300	6	0	5	0	0	1
436	0.300	6	1	5	5	0	1
436	0.250	6	0	5	0	0	1
436	0.200	0	1	0	5	0	1
436	0.150	6	0	5	0	1	1
436	0.250	0	0	0	0	0	1
436	0.050	6	0	5	0	0	1
436	0.300	6	0	5	0	0	1
436	0.150	6	1	5	5	0	1
436	0.150	6	0	5	0	0	1
437	0.300	6	1	5	5	0	1
437	0.250	6	0	5	0	0	1
437	0.350	6	1	5	5	0	1
437	0.250	6	0	5	0	0	1
437	0.200	0	1	0	5	0	1
437	0.150	6	0	5	0	1	1
437	0.300	6	0	5	0	0	1
437	0.150	6	0	5	0	0	1
437	0.150	6	0	5	0	0	1
437	0.300	6	1	5	5	0	1
438	0.300	6	0	5	0	0	1
438	0.300	6	0	5	0	0	1
438	0.300	6	0	5	0	0	1
438	0.050	0	1	0	5	0	1
438	0.250	6	0	5	0	0	1
438	0.150	0	1	0	5	0	1
438	0.200	6	0	5	0	1	1
438	0.250	6	0	5	0	0	1
438	0.050	0	0	0	0	0	1
438	0.250	6	0	5	0	0	1
438	0.150	6	0	5	0	0	1
438	0.150	6	0	5	0	0	1
439	0.300	0	1	0	5	0	1
439	0.050	6	0	5	0	0	1
439	0.250	6	0	5	0	0	1
439	0.250	0	1	0	5	0	1
439	0.050	6	0	5	0	0	1
439	0.300	6	0	5	0	0	1
439	0.300	6	0	5	0	0	1
439	0.050	0	0	0	0	1	1
439	0.250	0	0	0	0	0	1
439	0.050	6	0	5	0	0	1
439	0.300	6	0	5	0	0	1
439	0.150	6	1	5	5	0	1
439	0.100	6	0	5	0	0	1
440	0.350	6	0	5	0	0	1
440	0.250	6	0	5	0	0	1
440	0.350	6	0	5	0	0	1
440	0.300	6	0	5	0	0	1
440	0.150	0	1	0	5	0	1
440	0.150	6	0	5	0	1	1
440	0.300	6	0	5	0	0	1
440	0.300	6	0	5	0	0	1
440	0.150	6	0	5	0	0	1
440	0.050	0	1	0	5	0	1
441	0.100	6	0	5	0	0	1
441	0.300	6	0	5	0	0	1
441	0.300	6	0	5	0	0	1
441	0.300	6	1	5	5	0	1
441	0.300	6	0	5	0	0	1
441	0.150	0	1	0	5	0	1
441	0.150	6	0	5	0	1	1
441	0.300	6	0	5	0	0	1
441	0.300	6	0	5	0	0	1
441	0.150	6	0	5	0	0	1
442	0.150	6	0	5	0	0	1
442	0.300	6	1	5	5	0	1
442	0.300	6	0	5	0	0	1
442	0.300	6	1	5	5	0	1
442	0.250	6	0	5	0	0	1
442	0.300	0	0	0	0	1	1
442	0.050	6	0	5	0	0	1
442	0.250	0	0	0	0	0	1
442	0.050	6	0	5	0	0	1
442	0.250	6	0	5	0	0	1
442	0.200	6	1	5	5	0	1
443	0.100	6	0	5	0	0	1
443	0.300	6	0	5	0	0	1
443	0.300	6	0	5	0	0	1
443	0.300	6	4	5	5	0	1
443	0.300	6	4	5	5	0	1
443	0.300	6	0	5	0	1	1
443	0.300	6	0	5	0	0	1
443	0.300	6	0	5	0	0	1
443	0.150	6	1	5	5	0	1
444	0.100	0	1	0	5	0	1
444	0.050	6	0	5	0	0	1
444	0.250	0	0	0	0	0	1
444	0.050	6	0	5	0	0	1
444	0.150	6	0	5	0	0	1
444	0.150	6	0	5	0	0	1
444	0.300	6	4	5	5	0	1
444	0.300	6	0	5	0	0	1
444	0.300	6	0	5	0	1	1
444	0.300	6	0	5	0	0	1
444	0.300	6	0	5	0	0	1
445	0.200	6	1	5	5	0	1
445	0.100	6	0	5	0	0	1
445	0.300	6	0	5	0	0	1
445	0.300	6	4	5	5	0	1
445	0.300	6	4	5	5	0	1
445	0.300	6	0	5	0	0	1
445	0.300	6	0	5	0	1	1
445	0.300	6	0	5	0	0	1
445	0.300	6	0	5	0	0	1
446	0.150	0	6	0	5	0	1
446	0.050	0	1	0	5	0	1
446	0.100	6	0	5	0	0	1
446	0.300	6	0	5	0	0	1
446	0.300	6	0	5	0	0	1
446	0.300	6	4	5	5	0	1
446	0.300	6	0	5	0	0	1
446	0.300	6	0	5	0	1	1
446	0.300	6	0	5	0	0	1
446	0.300	6	0	5	0	0	1
447	0.200	6	1	5	5	0	1
447	0.100	6	0	5	0	0	1
447	0.300	6	0	5	0	0	1
447	0.300	6	4	5	5	0	1
447	0.300	6	4	5	5	0	1
447	0.300	6	0	5	0	0	1
447	0.300	6	0	5	0	1	1
447	0.300	6	0	5	0	0	1
447	0.300	6	0	5	0	0	1
448	0.200	6	1	5	5	0	1
448	0.100	6	0	5	0	0	1
448	0.200	0	1	0	5	0	1
448	0.100	6	0	5	0	0	1
448	0.150	6	0	5	0	0	1
448	0.150	6	4	5	5	0	1
448	0.300	6	4	5	5	0	1
448	0.300	6	2	5	5	0	1
448	0.300	6	0	5	0	1	1
448	0.300	6	0	5	0	0	1
448	0.300	6	0	5	0	0	1
449	0.150	6	1	5	5	0	1
449	0.150	6	0	5	0	0	1
449	0.300	6	0	5	0	0	1
449	0.300	6	4	5	5	0	1
449	0.300	6	4	5	5	0	1
449	0.300	6	0	5	0	0	1
449	0.300	6	0	5	0	1	1
449	0.300	6	0	5	0	0	1
449	0.150	0	6	0	5	0	1
449	0.150	6	0	5	0	0	1
450	0.300	6	1	5	5	0	1
450	0.100	0	1	0	5	0	1
450	0.200	6	0	5	0	0	1
450	0.300	6	0	5	0	0	1
450	0.300	6	4	5	5	0	1
450	0.300	6	0	5	0	0	1
450	0.300	0	0	0	0	1	1
450	0.050	6	0	5	0	0	1
450	0.250	0	6	0	5	0	1
450	0.150	6	0	5	0	0	1
451	0.200	0	6	0	5	0	1
451	0.250	6	1	5	5	0	1
451	0.100	0	1	0	5	0	1
451	0.200	6	0	5	0	0	1
451	0.300	6	0	5	0	0	1
451	0.300	0	0	0	0	0	1
451	0.050	6	4	5	5	0	1
451	0.300	6	0	5	0	0	1
451	0.250	6	0	5	0	1	1
451	0.300	6	0	5	0	0	1
451	0.150	0	6	0	5	0	1
452	0.150	6	0	5	0	0	1
452	0.300	6	1	5	5	0	1
452	0.300	6	0	5	0	0	1
452	0.350	6	0	5	0	0	1
452	0.300	6	4	5	5	0	1
452	0.300	6	0	5	0	0	1
452	0.300	6	0	5	0	1	1
452	0.300	6	0	5	0	0	1
453	0.150	0	6	0	5	0	1
453	0.150	6	0	5	0	0	1
453	0.200	0	2	0	5	0	1
453	0.100	6	1	5	5	0	1
453	0.250	6	0	5	0	0	1
453	0.050	0	0	0	0	0	1
453	0.300	6	0	5	0	0	1
453	0.300	6	4	5	5	0	1
453	0.300	6	0	5	0	0	1
453	0.300	6	0	5	0	1	1
453	0.250	0	6	0	5	0	1
453	0.050	0	0	0	0	0	1
454	0.150	6	0	5	0	0	1
454	0.150	0	6	0	5	0	1
454	0.300	6	1	5	5	0	1
454	0.300	6	0	5	0	0	1
454	0.300	6	0	5	0	0	1
454	0.300	6	4	5	5	0	1
454	0.300	6	0	5	0	0	1
454	0.300	6	0	5	0	1	1
454	0.250	0	0	0	0	0	1
454	0.050	6	0	5	0	0	1
455	0.150	0	6	0	5	0	1
455	0.150	6	0	5	0	0	1
455	0.300	6	1	5	5	0	1
455	0.050	0	1	0	5	0	1
455	0.250	6	0	5	0	0	1
455	0.250	6	0	5	0	0	1
455	0.300	6	0	5	0	0	1
455	0.050	0	4	0	5	0	1
455	0.050	6	0	5	0	0	1
455	0.200	6	0	5	0	0	1
455	0.300	0	0	0	0	1	1
455	0.050	6	0	5	0	0	1
455	0.250	0	6	0	5	0	1
456	0.150	6	0	5	0	0	1
456	0.150	0	6	0	5	0	1
456	0.300	6	1	5	5	0	1
456	0.300	6	0	5	0	0	1
456	0.300	6	0	5	0	0	1
456	0.300	6	0	5	0	0	1
456	0.050	0	4	0	5	0	1
456	0.250	6	0	5	0	0	1
456	0.300	0	0	0	0	1	1
456	0.050	6	0	5	0	0	1
456	0.250	0	6	0	5	0	1
457	0.150	6	0	5	0	0	1
457	0.150	0	6	0	5	0	1
457	0.300	6	1	5	5	0	1
457	0.100	0	1	0	5	0	1
457	0.200	6	0	5	0	0	1
457	0.300	6	0	5	0	0	1
457	0.300	0	0	0	0	0	1
457	0.050	6	4	5	5	0	1
457	0.250	6	0	5	0	0	1
457	0.350	6	0	5	0	1	1
457	0.250	0	6	0	5	0	1
458	0.200	6	0	5	0	0	1
458	0.150	0	6	0	5	0	1
458	0.300	6	1	5	5	0	1
458	0.300	6	0	5	0	0	1
458	0.250	0	0	0	0	0	1
458	0.050	6	0	5	0	0	1
458	0.300	6	4	5	5	0	1
458	0.300	6	0	5	0	0	1
458	0.300	6	0	5	0	1	1
458	0.250	0	0	0	0	0	1
459	0.050	6	0	5	0	0	1
459	0.150	0	6	0	5	0	1
459	0.150	6	0	5	0	0	1
459	0.250	6	1	5	5	0	1
459	0.300	6	0	5	0	0	1
459	0.300	6	0	5	0	0	1
459	0.300	0	0	0	0	0	1
459	0.050	6	0	5	0	0	1
459	0.250	6	0	5	0	1	1
459	0.300	0	0	0	0	1	1
459	0.050	6	0	5	0	0	1
459	0.250	6	0	5	0	0	1
460	0.300	6	0	5	0	0	1
460	0.300	6	1	5	5	0	1
460	0.100	0	1	0	5	0	1
460	0.150	0	1	0	5	0	1
460	0.050	6	0	5	0	0	1
460	0.300	6	4	5	5	0	1
460	0.300	6	4	5	5	0	1
460	0.300	6	0	5	0	0	1
460	0.300	6	0	5	0	1	1
460	0.250	0	6	0	5	0	1
461	0.200	6	0	5	0	0	1
461	0.100	6	0	5	0	0	1
461	0.350	6	1	5	5	0	1
461	0.300	6	0	5	0	0	1
461	0.300	6	0	5	0	0	1
461	0.300	0	0	0	0	0	1
461	0.050	6	4	5	5	0	1
461	0.300	6	0	5	0	0	1
461	0.300	6	0	5	0	1	1
462	0.250	0	6	0	5	0	1
462	0.200	6	0	5	0	0	1
462	0.100	6	0	5	0	0	1
462	0.350	6	1	5	5	0	1
462	0.300	6	0	5	0	0	1
462	0.250	6	0	5	0	0	1
462	0.150	0	1	0	5	0	1
462	0.050	1	1	5	5	0	1
462	0.050	1	0	5	0	0	1
462	0.100	1	0	5	0	0	1
462	0.100	1	0	5	0	0	1
462	0.150	0	1	0	5	0	1
462	0.350	6	0	5	0	1	1
463	0.250	6	0	5	0	0	1
463	0.200	6	0	5	0	0	1
463	0.150	6	0	5	0	0	1
463	0.300	6	1	5	5	0	1
463	0.050	0	1	0	5	0	1
463	0.250	6	0	5	0	0	1
463	0.150	0	1	0	5	0	1
463	0.100	0	0	0	0	0	1
463	0.050	6	0	5	0	0	1
463	0.300	6	4	5	5	0	1
463	0.300	6	0	5	0	0	1
463	0.250	6	0	5	0	1	1
464	0.300	6	0	5	0	0	1
464	0.200	0	6	0	5	0	1
464	0.100	0	6	0	5	0	1
464	0.350	6	1	5	5	0	1
464	0.300	6	0	5	0	0	1
464	0.300	6	0	5	0	0	1
464	0.300	6	1	5	5	0	1
464	0.300	6	0	5	0	0	1
464	0.150	0	1	0	5	0	1
465	0.150	6	0	5	0	1	1
465	0.250	6	0	5	0	0	1
465	0.050	0	0	0	0	0	1
465	0.150	6	0	5	0	0	1
465	0.150	6	0	5	0	0	1
465	0.300	6	1	5	5	0	1
465	0.300	6	0	5	0	0	1
465	0.300	6	0	5	0	0	1
465	0.300	6	1	5	5	0	1
465	0.300	6	0	5	0	0	1
465	0.150	0	1	0	5	0	1
466	0.150	6	0	5	0	1	1
466	0.050	0	1	0	5	0	1
466	0.100	0	1	0	5	0	1
466	0.100	0	5	0	5	0	1
466	0.050	1	0	5	0	0	1
466	0.100	1	0	5	0	0	1
466	0.050	1	0	5	0	0	1
466	0.100	1	0	5	0	0	1
466	0.150	0	1	0	5	0	1
466	0.150	1	0	5	0	0	1
466	0.200	0	1	0	5	0	1
466	0.100	0	1	0	5	0	1
466	0.200	1	0	5	0	0	1
466	0.100	1	0	5	0	0	1
466	0.200	0	1	0	5	0	1
466	0.100	0	1	0	5	0	1
466	0.150	1	0	5	0	0	1
466	0.150	0	1	0	5	0	1
467	0.300	6	0	5	0	1	1
467	0.250	0	0	0	0	0	1
467	0.050	6	0	5	0	0	1
467	0.300	6	0	5	0	0	1
467	0.300	6	1	5	5	0	1
467	0.300	6	0	5	0	0	1
467	0.050	0	0	0	0	0	1
467	0.100	0	1	0	5	0	1
467	0.200	6	0	5	0	0	1
467	0.150	0	1	0	5	0	1
467	0.100	6	0	5	0	0	1
467	0.200	0	1	0	5	0	1
468	0.150	6	0	5	0	0	1
468	0.150	0	1	0	5	0	1
468	0.100	0	0	0	0	1	1
468	0.050	6	0	5	0	0	1
468	0.150	0	1	0	5	0	1
468	0.100	0	0	0	0	0	1
468	0.050	6	0	5	0	0	1
468	0.150	6	0	5	0	0	1
468	0.100	6	0	5	0	0	1
468	0.350	6	1	5	5	0	1
468	0.300	6	0	5	0	0	1
468	0.300	6	0	5	0	0	1
468	0.300	6	0	5	0	0	1
469	0.300	6	0	5	0	0	1
469	0.300	6	0	5	0	1	1
469	0.250	6	0	5	0	0	1
469	0.200	6	0	5	0	0	1
469	0.150	6	0	5	0	0	1
469	0.250	0	2	0	5	0	1
469	0.050	6	1	5	5	0	1
469	0.250	6	0	5	0	0	1
469	0.050	0	0	0	0	0	1
469	0.250	6	0	5	0	0	1
469	0.350	6	4	5	5	0	1
470	0.300	6	0	5	0	0	1
470	0.300	6	0	5	0	1	1
470	0.250	0	6	0	5	0	1
470	0.200	6	0	5	0	0	1
470	0.100	6	0	5	0	0	1
470	0.350	6	1	5	5	0	1
470	0.250	6	0	5	0	0	1
470	0.050	0	0	0	0	0	1
470	0.300	6	0	5	0	0	1
470	0.300	6	4	5	5	0	1
471	0.150	6	0	5	0	0	1
471	0.050	0	4	0	5	0	1
471	0.400	6	0	5	0	1	1
471	0.250	0	6	0	5	0	1
471	0.100	0	1	0	5	0	1
471	0.050	6	0	5	0	0	1
471	0.150	6	0	5	0	0	1
471	0.350	6	1	5	5	0	1
471	0.300	6	0	5	0	0	1
471	0.300	6	0	5	0	0	1
471	0.300	6	4	5	5	0	1
472	0.150	6	0	5	0	0	1
472	0.150	6	0	5	0	0	1
472	0.300	6	0	5	0	1	1
472	0.300	6	0	5	0	0	1
472	0.200	0	6	0	5	0	1
472	0.400	6	1	5	5	0	1
472	0.300	6	0	5	0	0	1
472	0.300	6	0	5	0	0	1
472	0.300	6	4	5	5	0	1
473	0.150	6	0	5	0	0	1
473	0.100	6	0	5	0	0	1
473	0.350	6	0	5	0	1	1
473	0.250	0	0	0	0	0	1
473	0.050	6	1	5	5	0	1
473	0.150	6	0	5	0	0	1
473	0.150	6	0	5	0	0	1
473	0.300	6	1	5	5	0	1
473	0.300	6	0	5	0	0	1
473	0.300	6	0	5	0	0	1
473	0.300	6	4	5	5	0	1
474	0.150	6	0	5	0	0	1
474	0.100	6	0	5	0	0	1
474	0.350	6	0	5	0	1	1
474	0.250	0	6	0	5	0	1
474	0.050	0	0	0	0	0	1
474	0.150	6	0	5	0	0	1
474	0.150	0	6	0	5	0	1
474	0.300	6	1	5	5	0	1
474	0.300	6	0	5	0	0	1
474	0.300	6	0	5	0	0	1
474	0.300	0	4	0	5	0	1
475	0.050	6	0	5	0	0	1
475	0.100	6	0	5	0	0	1
475	0.150	6	0	5	0	0	1
475	0.300	6	0	5	0	1	1
475	0.300	6	0	5	0	0	1
475	0.150	0	6	0	5	0	1
475	0.150	6	0	5	0	0	1
475	0.300	6	1	5	5	0	1
475	0.300	6	0	5	0	0	1
475	0.300	6	0	5	0	0	1
475	0.300	0	4	0	5	0	1
476	0.050	6	0	5	0	0	1
476	0.100	6	0	5	0	0	1
476	0.150	6	0	5	0	0	1
476	0.300	0	0	0	0	1	1
476	0.050	6	0	5	0	0	1
476	0.250	0	6	0	5	0	1
476	0.150	6	0	5	0	0	1
476	0.150	0	6	0	5	0	1
476	0.300	6	1	5	5	0	1
476	0.300	6	0	5	0	0	1
476	0.300	6	0	5	0	0	1
476	0.250	6	0	5	0	0	1
476	0.050	0	4	0	5	0	1
477	0.100	6	0	5	0	0	1
477	0.150	6	0	5	0	0	1
477	0.300	0	0	0	0	1	1
477	0.050	6	0	5	0	0	1
477	0.250	0	6	0	5	0	1
477	0.150	6	0	5	0	0	1
477	0.150	0	6	0	5	0	1
477	0.300	6	1	5	5	0	1
477	0.250	0	1	0	5	0	1
477	0.050	6	0	5	0	0	1
477	0.300	6	4	5	5	0	1
477	0.300	6	4	5	5	0	1
478	0.200	6	0	5	0	0	1
478	0.100	6	0	5	0	0	1
478	0.350	6	0	5	0	1	1
478	0.250	6	5	5	5	0	1
478	0.200	6	0	5	0	0	1
478	0.100	6	0	5	0	0	1
478	0.350	6	1	5	5	0	1
478	0.250	0	0	0	0	0	1
478	0.050	6	0	5	0	0	1
478	0.300	6	0	5	0	0	1
479	0.300	6	4	5	5	0	1
479	0.150	6	0	5	0	0	1
479	0.150	6	0	5	0	0	1
479	0.300	6	0	5	0	1	1
479	0.300	6	0	5	0	0	1
479	0.150	0	6	0	5	0	1
479	0.150	6	0	5	0	0	1
479	0.300	6	1	5	5	0	1
479	0.300	6	0	5	0	0	1
479	0.300	6	0	5	0	0	1
480	0.300	6	4	5	5	0	1
480	0.150	6	0	5	0	0	1
480	0.150	6	0	5	0	0	1
480	0.300	6	0	5	0	1	1
480	0.300	6	0	5	0	0	1
480	0.150	0	6	0	5	0	1
480	0.150	6	0	5	0	0	1
480	0.300	6	1	5	5	0	1
480	0.100	0	1	0	5	0	1
480	0.150	0	1	0	5	0	1
480	0.050	6	0	5	0	0	1
480	0.300	6	4	5	5	0	1
481	0.150	6	0	5	0	0	1
481	0.150	6	0	5	0	0	1
481	0.300	6	0	5	0	0	1
481	0.300	6	0	5	0	1	1
481	0.300	6	5	5	5	0	1
481	0.150	6	0	5	0	0	1
481	0.150	6	0	5	0	0	1
481	0.300	6	1	5	5	0	1
481	0.100	0	1	0	5	0	1
481	0.200	6	0	5	0	0	1
481	0.300	6	0	5	0	0	1
482	0.300	6	4	5	5	0	1
482	0.150	6	0	5	0	0	1
482	0.150	6	0	5	0	0	1
482	0.300	6	0	5	0	1	1
482	0.250	0	6	0	5	0	1
482	0.200	6	0	5	0	0	1
482	0.100	6	0	5	0	0	1
482	0.350	6	1	5	5	0	1
482	0.050	0	1	0	5	0	1
482	0.200	0	1	0	5	0	1
482	0.050	6	0	5	0	0	1
482	0.300	6	0	5	0	0	1
483	0.250	0	0	0	0	0	1
483	0.050	6	4	5	5	0	1
483	0.150	6	0	5	0	0	1
483	0.100	6	0	5	0	0	1
483	0.300	0	0	0	0	1	1
483	0.050	6	0	5	0	0	1
483	0.250	0	6	0	5	0	1
483	0.200	6	0	5	0	0	1
483	0.100	6	0	5	0	0	1
483	0.350	6	1	5	5	0	1
483	0.050	0	1	0	5	0	1
483	0.150	0	1	0	5	0	1
483	0.050	0	0	0	0	0	1
483	0.050	6	0	5	0	0	1
483	0.300	6	4	5	5	0	1
484	0.250	0	0	0	0	0	1
484	0.050	6	4	5	5	0	1
484	0.150	6	0	5	0	0	1
484	0.100	6	0	5	0	0	1
484	0.300	0	0	0	0	1	1
484	0.050	6	0	5	0	0	1
484	0.200	0	1	0	5	0	1
484	0.050	6	0	5	0	0	1
484	0.200	6	0	5	0	0	1
484	0.100	6	0	5	0	0	1
484	0.300	0	1	0	5	0	1
484	0.050	6	0	5	0	0	1
484	0.050	0	1	0	5	0	1
484	0.150	1	1	5	5	0	1
484	0.050	0	0	0	0	0	1
484	0.050	6	0	5	0	0	1
484	0.250	6	4	5	5	0	1
485	0.300	6	4	5	5	0	1
485	0.200	6	0	5	0	0	1
485	0.100	6	0	5	0	0	1
485	0.300	6	0	5	0	1	1
485	0.300	6	0	5	0	0	1
485	0.150	0	6	0	5	0	1
485	0.150	6	0	5	0	0	1
485	0.300	6	1	5	5	0	1
485	0.300	6	0	5	0	0	1
485	0.300	6	0	5	0	0	1
486	0.300	6	4	5	5	0	1
486	0.150	6	0	5	0	0	1
486	0.150	6	0	5	0	0	1
486	0.300	6	0	5	0	1	1
486	0.300	6	0	5	0	0	1
486	0.150	0	6	0	5	0	1
486	0.150	6	0	5	0	0	1
486	0.300	0	6	0	5	0	1
486	0.050	0	1	0	5	0	1
486	0.050	0	1	0	5	0	1
486	0.200	6	0	5	0	0	1
486	0.300	6	0	5	0	0	1
487	0.300	6	0	5	0	0	1
487	0.050	0	4	0	5	0	1
487	0.100	6	0	5	0	0	1
487	0.050	0	4	0	5	0	1
487	0.100	6	0	5	0	0	1
487	0.300	6	0	5	0	1	1
487	0.300	6	0	5	0	0	1
487	0.150	0	6	0	5	0	1
487	0.150	6	0	5	0	0	1
487	0.300	6	1	5	5	0	1
487	0.300	6	0	5	0	0	1
487	0.300	6	0	5	0	0	1
488	0.300	0	0	0	0	0	1
488	0.050	6	4	5	5	0	1
488	0.100	6	0	5	0	0	1
488	0.050	0	4	0	5	0	1
488	0.100	6	0	5	0	0	1
488	0.300	6	0	5	0	1	1
488	0.300	6	0	5	0	0	1
488	0.150	0	6	0	5	0	1
488	0.150	6	0	5	0	0	1
488	0.350	6	1	5	5	0	1
488	0.300	6	0	5	0	0	1
489	0.300	6	0	5	0	0	1
489	0.300	6	4	5	5	0	1
489	0.100	6	0	5	0	0	1
489	0.050	0	4	0	5	0	1
489	0.100	6	0	5	0	0	1
489	0.300	0	0	0	0	1	1
489	0.050	6	0	5	0	0	1
489	0.250	0	6	0	5	0	1
489	0.050	0	0	0	0	0	1
489	0.150	6	0	5	0	0	1
489	0.100	6	0	5	0	0	1
489	0.350	6	1	5	5	0	1
489	0.300	6	0	5	0	0	1
490	0.300	6	0	5	0	0	1
490	0.300	6	0	5	0	0	1
490	0.050	0	4	0	5	0	1
490	0.100	6	4	5	5	0	1
490	0.150	6	0	5	0	0	1
490	0.300	6	0	5	0	1	1
490	0.300	6	0	5	0	0	1
490	0.150	0	6	0	5	0	1
490	0.100	0	6	0	5	0	1
490	0.350	6	1	5	5	0	1
490	0.250	0	1	0	5	0	1
490	0.050	6	0	5	0	0	1
491	0.250	0	1	0	5	0	1
491	0.050	6	0	5	0	0	1
491	0.300	6	4	5	5	0	1
491	0.150	0	4	0	5	0	1
491	0.150	6	0	5	0	0	1
491	0.300	6	0	5	0	1	1
491	0.150	0	6	0	5	0	1
491	0.100	0	6	0	5	0	1
491	0.050	0	0	0	0	0	1
491	0.150	6	0	5	0	0	1
491	0.150	0	6	0	5	0	1
491	0.300	6	1	5	5	0	1
491	0.250	0	0	0	0	0	1
491	0.050	6	0	5	0	0	1
492	0.250	0	1	0	5	0	1
492	0.050	6	0	5	0	0	1
492	0.300	6	4	5	5	0	1
492	0.100	6	0	5	0	0	1
492	0.050	0	4	0	5	0	1
492	0.100	6	0	5	0	0	1
492	0.350	6	0	5	0	1	1
492	0.250	0	6	0	5	0	1
492	0.200	6	0	5	0	0	1
492	0.100	6	0	5	0	0	1
492	0.350	6	1	5	5	0	1
492	0.250	0	0	0	0	0	1
492	0.050	6	0	5	0	0	1
493	0.150	6	0	5	0	0	1
493	0.150	6	0	5	0	0	1
493	0.300	6	0	5	0	0	1
493	0.050	0	4	0	5	0	1
493	0.100	6	4	5	5	0	1
493	0.150	6	0	5	0	0	1
493	0.250	0	0	0	0	1	1
493	0.050	6	0	5	0	0	1
493	0.300	6	0	5	0	0	1
493	0.150	0	6	0	5	0	1
493	0.100	0	6	0	5	0	1
493	0.350	6	1	5	5	0	1
493	0.100	0	1	0	5	0	1
493	0.200	6	0	5	0	0	1
494	0.300	6	0	5	0	0	1
494	0.300	6	0	5	0	0	1
494	0.050	0	4	0	5	0	1
494	0.100	6	4	5	5	0	1
494	0.100	6	0	5	0	0	1
494	0.350	6	0	5	0	1	1
494	0.250	0	0	0	0	0	1
494	0.050	6	0	5	0	0	1
494	0.150	0	6	0	5	0	1
494	0.100	0	6	0	5	0	1
494	0.350	6	1	5	5	0	1
494	0.300	6	0	5	0	0	1
495	0.150	6	0	5	0	0	1
495	0.150	6	0	5	0	0	1
495	0.300	6	0	5	0	0	1
495	0.050	0	4	0	5	0	1
495	0.100	6	4	5	5	0	1
495	0.150	6	0	5	0	0	1
495	0.300	6	0	5	0	1	1
495	0.300	6	0	5	0	0	1
495	0.150	0	6	0	5	0	1
495	0.150	6	0	5	0	0	1
495	0.300	6	1	5	5	0	1
495	0.300	6	0	5	0	0	1
496	0.300	6	0	5	0	0	1
496	0.300	6	4	5	5	0	1
496	0.150	6	4	5	5	0	1
496	0.100	6	0	5	0	0	1
496	0.350	6	0	5	0	1	1
496	0.300	6	0	5	0	0	1
496	0.100	6	0	5	0	0	1
496	0.150	0	6	0	5	0	1
496	0.350	6	1	5	5	0	1
496	0.250	6	0	5	0	0	1
497	0.300	6	0	5	0	0	1
497	0.200	6	0	5	0	0	1
497	0.100	0	0	0	0	0	1
497	0.050	6	4	5	5	0	1
497	0.100	6	4	5	5	0	1
497	0.150	6	0	5	0	0	1
497	0.300	6	0	5	0	1	1
497	0.300	6	0	5	0	0	1
497	0.150	6	6	5	5	0	1
497	0.150	0	6	0	5	0	1
497	0.300	6	1	5	5	0	1
497	0.300	6	0	5	0	0	1
498	0.300	6	0	5	0	0	1
498	0.300	0	0	0	0	0	1
498	0.050	6	4	5	5	0	1
498	0.150	0	4	0	5	0	1
498	0.400	6	0	5	0	1	1
498	0.300	6	0	5	0	0	1
498	0.150	0	6	0	5	0	1
498	0.150	6	0	5	0	0	1
498	0.300	6	1	5	5	0	1
498	0.300	6	0	5	0	0	1
499	0.350	6	0	5	0	0	1
499	0.300	6	0	5	0	0	1
499	0.050	0	4	0	5	0	1
499	0.100	6	4	5	5	0	1
499	0.150	6	0	5	0	0	1
499	0.150	0	0	0	0	1	1
499	0.150	6	0	5	0	1	1
499	0.300	6	0	5	0	0	1
499	0.150	0	6	0	5	0	1
499	0.100	0	6	0	5	0	1
499	0.350	6	1	5	5	0	1
499	0.250	0	0	0	0	0	1
500	0.050	6	0	5	0	0	1
500	0.300	6	0	5	0	0	1
500	0.300	6	0	5	0	0	1
500	0.050	0	4	0	5	0	1
500	0.100	6	4	5	5	0	1
500	0.100	6	0	5	0	0	1
500	0.050	6	0	5	0	0	1
500	0.150	0	0	0	0	1	1
500	0.150	6	0	5	0	1	1
500	0.300	6	0	5	0	0	1
500	0.150	0	6	0	5	0	1
500	0.100	0	6	0	5	0	1
500	0.350	6	1	5	5	0	1
501	0.300	6	0	5	0	0	1
501	0.250	0	0	0	0	0	1
501	0.050	6	0	5	0	0	1
501	0.300	6	4	5	5	0	1
501	0.100	0	4	0	5	0	1
501	0.050	6	0	5	0	0	1
501	0.100	6	0	5	0	0	1
501	0.350	6	0	5	0	1	1
501	0.250	0	6	0	5	0	1
501	0.200	6	0	5	0	0	1
501	0.100	6	0	5	0	0	1
501	0.350	6	1	5	5	0	1
502	0.300	6	0	5	0	0	1
502	0.250	0	0	0	0	0	1
502	0.050	6	0	5	0	0	1
502	0.300	6	4	5	5	0	1
502	0.100	0	4	0	5	0	1
502	0.050	6	0	5	0	0	1
502	0.100	6	0	5	0	0	1
502	0.300	0	0	0	0	1	1
502	0.050	6	0	5	0	0	1
502	0.250	0	6	0	5	0	1
502	0.150	6	0	5	0	0	1
502	0.150	0	6	0	5	0	1
502	0.350	6	1	5	5	0	1
503	0.250	0	0	0	0	0	1
503	0.050	6	0	5	0	0	1
503	0.300	6	0	5	0	0	1
503	0.300	6	4	5	5	0	1
503	0.100	0	4	0	5	0	1
503	0.050	6	0	5	0	0	1
503	0.150	6	0	5	0	0	1
503	0.300	6	0	5	0	1	1
503	0.250	0	0	0	0	0	1
503	0.050	6	0	5	0	0	1
503	0.150	0	6	0	5	0	1
503	0.100	0	6	0	5	0	1
503	0.350	6	1	5	5	0	1
504	0.300	6	0	5	0	0	1
504	0.300	6	0	5	0	0	1
504	0.300	6	4	5	5	0	1
504	0.150	6	4	5	5	0	1
504	0.150	6	0	5	0	0	1
504	0.300	6	0	5	0	1	1
504	0.250	0	0	0	0	0	1
504	0.050	6	0	5	0	0	1
504	0.150	0	6	0	5	0	1
504	0.100	0	6	0	5	0	1
504	0.350	6	1	5	5	0	1
505	0.300	6	0	5	0	0	1
505	0.300	6	0	5	0	0	1
505	0.250	0	0	0	0	0	1
505	0.050	6	4	5	5	0	1
505	0.150	6	4	5	5	0	1
505	0.150	6	0	5	0	0	1
505	0.300	6	0	5	0	1	1
505	0.250	0	0	0	0	0	1
505	0.050	6	0	5	0	0	1
505	0.150	6	6	5	5	0	1
505	0.150	0	6	0	5	0	1
505	0.300	6	1	5	5	0	1
506	0.250	0	0	0	0	0	1
506	0.050	6	0	5	0	0	1
506	0.300	6	0	5	0	0	1
506	0.150	6	0	5	0	0	1
506	0.100	0	0	0	0	0	1
506	0.050	6	4	5	5	0	1
506	0.150	6	4	5	5	0	1
506	0.100	6	0	5	0	0	1
506	0.300	0	0	0	0	1	1
506	0.050	6	0	5	0	0	1
506	0.150	0	6	0	5	0	1
506	0.050	0	0	0	0	0	1
506	0.050	6	0	5	0	0	1
506	0.150	0	6	0	5	0	1
506	0.150	6	0	5	0	0	1
506	0.300	6	1	5	5	0	1
507	0.300	6	5	5	5	0	1
507	0.350	6	0	5	0	0	1
507	0.300	6	4	5	5	0	1
507	0.150	6	4	5	5	0	1
507	0.150	6	0	5	0	0	1
507	0.300	6	0	5	0	1	1
507	0.250	0	6	0	5	0	1
507	0.150	6	0	5	0	0	1
507	0.150	0	6	0	5	0	1
508	0.350	6	1	5	5	0	1
508	0.300	6	0	5	0	0	1
508	0.300	6	0	5	0	0	1
508	0.300	6	4	5	5	0	1
508	0.150	0	4	0	5	0	1
508	0.150	6	0	5	0	0	1
508	0.300	6	0	5	0	1	1
508	0.300	6	0	5	0	0	1
508	0.150	0	6	0	5	0	1
509	0.150	6	0	5	0	0	1
509	0.300	6	1	5	5	0	1
509	0.300	6	0	5	0	0	1
509	0.150	6	0	5	0	0	1
509	0.150	6	0	5	0	0	1
509	0.300	6	4	5	5	0	1
509	0.150	0	4	0	5	0	1
509	0.150	6	0	5	0	0	1
509	0.150	0	0	0	0	1	1
509	0.100	0	0	0	0	1	1
509	0.050	6	0	5	0	0	1
509	0.250	0	6	0	5	0	1
509	0.200	6	0	5	0	0	1
510	0.150	0	6	0	5	0	1
510	0.300	6	1	5	5	0	1
510	0.250	6	0	5	0	0	1
510	0.300	6	0	5	0	0	1
510	0.300	0	0	0	0	0	1
510	0.050	6	4	5	5	0	1
510	0.150	0	4	0	5	0	1
510	0.100	6	0	5	0	0	1
510	0.150	0	0	0	0	1	1
510	0.150	0	0	0	0	1	1
510	0.050	6	0	5	0	0	1
510	0.250	0	6	0	5	0	1
510	0.150	6	6	5	5	0	1
511	0.150	0	6	0	5	0	1
511	0.300	6	0	5	0	0	1
511	0.050	0	1	0	5	0	1
511	0.250	6	0	5	0	0	1
511	0.050	0	0	0	0	0	1
511	0.250	6	0	5	0	0	1
511	0.300	6	0	5	0	0	1
511	0.050	0	4	0	5	0	1
511	0.100	0	4	0	5	0	1
511	0.050	6	0	5	0	0	1
511	0.100	6	0	5	0	0	1
511	0.150	0	0	0	0	1	1
511	0.150	6	0	5	0	1	1
511	0.300	6	0	5	0	0	1
511	0.150	0	6	0	5	0	1
512	0.150	6	0	5	0	0	1
512	0.300	6	1	5	5	0	1
512	0.300	6	0	5	0	0	1
512	0.300	6	0	5	0	0	1
512	0.300	6	0	5	0	0	1
512	0.200	6	0	5	0	0	1
512	0.100	6	0	5	0	0	1
512	0.150	0	0	0	0	1	1
512	0.150	6	0	5	0	1	1
512	0.300	6	0	5	0	0	1
512	0.150	6	0	5	0	0	1
513	0.150	6	0	5	0	0	1
513	0.300	6	1	5	5	0	1
513	0.300	0	0	0	0	0	1
513	0.050	6	0	5	0	0	1
513	0.300	6	0	5	0	0	1
513	0.300	6	1	5	5	0	1
513	0.150	6	0	5	0	0	1
513	0.100	6	0	5	0	0	1
513	0.200	0	0	0	0	1	1
513	0.100	0	0	0	0	1	1
513	0.050	6	0	5	0	0	1
513	0.250	6	0	5	0	0	1
513	0.150	6	0	5	0	0	1
514	0.150	6	0	5	0	0	1
514	0.300	6	1	5	5	0	1
514	0.300	6	0	5	0	0	1
514	0.300	6	0	5	0	0	1
514	0.300	6	1	5	5	0	1
514	0.150	6	0	5	0	0	1
514	0.150	6	0	5	0	0	1
514	0.250	0	0	0	0	1	1
514	0.050	6	0	5	0	0	1
514	0.300	6	0	5	0	0	1
514	0.150	6	0	5	0	0	1
515	0.100	6	0	5	0	0	1
515	0.350	6	1	5	5	0	1
515	0.300	6	0	5	0	0	1
515	0.300	6	0	5	0	0	1
515	0.300	0	0	0	0	0	1
515	0.050	6	4	5	5	0	1
515	0.100	0	4	0	5	0	1
515	0.050	6	0	5	0	0	1
515	0.150	6	0	5	0	0	1
515	0.100	0	0	0	0	1	1
515	0.150	0	0	0	0	1	1
515	0.050	6	0	5	0	0	1
515	0.250	0	6	0	5	0	1
516	0.200	6	6	5	5	0	1
516	0.100	6	0	5	0	0	1
516	0.350	6	1	5	5	0	1
516	0.250	6	0	5	0	0	1
516	0.300	6	0	5	0	0	1
516	0.300	6	0	5	0	0	1
516	0.050	0	4	0	5	0	1
516	0.100	6	4	5	5	0	1
516	0.150	6	0	5	0	0	1
516	0.300	6	0	5	0	1	1
516	0.300	6	0	5	0	0	1
517	0.150	0	6	0	5	0	1
517	0.150	6	0	5	0	0	1
517	0.300	0	6	0	5	0	1
517	0.050	0	1	0	5	0	1
517	0.250	0	0	0	0	0	1
517	0.050	6	0	5	0	0	1
517	0.250	6	0	5	0	0	1
517	0.300	0	0	0	0	0	1
517	0.050	6	4	5	5	0	1
517	0.150	6	4	5	5	0	1
517	0.150	6	0	5	0	0	1
517	0.150	0	0	0	0	1	1
517	0.100	0	0	0	0	1	1
517	0.050	6	0	5	0	0	1
517	0.150	0	6	0	5	0	1
517	0.100	0	0	0	0	0	1
518	0.050	6	0	5	0	0	1
518	0.150	0	6	0	5	0	1
518	0.100	0	6	0	5	0	1
518	0.350	6	1	5	5	0	1
518	0.300	6	0	5	0	0	1
518	0.300	6	0	5	0	0	1
518	0.250	6	0	5	0	0	1
518	0.050	0	4	0	5	0	1
518	0.100	6	0	5	0	0	1
518	0.050	0	4	0	5	0	1
518	0.100	6	0	5	0	0	1
518	0.200	0	0	0	0	1	1
518	0.100	6	0	5	0	1	1
518	0.300	6	0	5	0	0	1
519	0.150	0	6	0	5	0	1
519	0.150	6	0	5	0	0	1
519	0.350	6	1	5	5	0	1
519	0.300	6	0	5	0	0	1
519	0.300	6	0	5	0	0	1
519	0.300	6	4	5	5	0	1
519	0.150	6	4	5	5	0	1
519	0.150	6	0	5	0	0	1
519	0.150	0	0	0	0	1	1
519	0.150	6	0	5	0	1	1
520	0.300	6	0	5	0	0	1
520	0.150	0	6	0	5	0	1
520	0.150	6	0	5	0	0	1
520	0.300	6	1	5	5	0	1
520	0.300	6	0	5	0	0	1
520	0.150	6	0	5	0	0	1
520	0.150	6	0	5	0	0	1
520	0.300	6	4	5	5	0	1
520	0.150	6	4	5	5	0	1
520	0.150	6	0	5	0	0	1
520	0.200	0	0	0	0	1	1
520	0.100	0	0	0	0	1	1
521	0.050	6	0	5	0	0	1
521	0.250	0	6	0	5	0	1
521	0.150	6	0	5	0	0	1
521	0.150	0	6	0	5	0	1
521	0.350	6	1	5	5	0	1
521	0.250	0	0	0	0	0	1
521	0.050	6	0	5	0	0	1
521	0.250	6	0	5	0	0	1
521	0.300	6	0	5	0	0	1
521	0.050	0	4	0	5	0	1
521	0.100	0	4	0	5	0	1
521	0.050	6	0	5	0	0	1
521	0.100	6	0	5	0	0	1
521	0.200	0	0	0	0	1	1
521	0.100	6	0	5	0	1	1
522	0.300	6	0	5	0	0	1
522	0.150	0	6	0	5	0	1
522	0.150	6	0	5	0	0	1
522	0.300	6	1	5	5	0	1
522	0.300	6	0	5	0	0	1
522	0.300	6	0	5	0	0	1
522	0.300	6	4	5	5	0	1
522	0.150	6	4	5	5	0	1
522	0.100	6	0	5	0	0	1
522	0.150	0	0	0	0	1	1
522	0.150	0	0	0	0	1	1
522	0.050	6	0	5	0	0	1
523	0.250	0	6	0	5	0	1
523	0.150	6	0	5	0	0	1
523	0.150	0	6	0	5	0	1
523	0.300	6	0	5	0	0	1
523	0.050	0	1	0	5	0	1
523	0.250	6	0	5	0	0	1
523	0.050	0	0	0	0	0	1
523	0.250	6	0	5	0	0	1
523	0.300	6	0	5	0	0	1
523	0.050	0	4	0	5	0	1
523	0.100	6	4	5	5	0	1
523	0.150	6	0	5	0	0	1
523	0.150	0	0	0	0	1	1
523	0.150	6	0	5	0	1	1
524	0.300	6	0	5	0	0	1
524	0.150	0	6	0	5	0	1
524	0.150	6	0	5	0	0	1
524	0.300	6	1	5	5	0	1
524	0.300	6	0	5	0	0	1
524	0.300	6	0	5	0	0	1
524	0.300	6	0	5	0	0	1
524	0.050	0	4	0	5	0	1
524	0.100	6	4	5	5	0	1
524	0.150	6	0	5	0	0	1
524	0.150	0	0	0	0	1	1
524	0.150	6	0	5	0	1	1
525	0.300	6	0	5	0	0	1
525	0.150	0	6	0	5	0	1
525	0.150	6	0	5	0	0	1
525	0.300	6	1	5	5	0	1
525	0.300	6	0	5	0	0	1
525	0.300	6	0	5	0	0	1
525	0.300	6	0	5	0	0	1
525	0.150	6	0	5	0	0	1
525	0.150	6	0	5	0	0	1
525	0.150	0	0	0	0	1	1
525	0.150	6	0	5	0	1	1
526	0.250	0	0	0	0	0	1
526	0.050	6	0	5	0	0	1
526	0.150	6	0	5	0	0	1
526	0.150	6	0	5	0	0	1
526	0.300	6	1	5	5	0	1
526	0.300	6	0	5	0	0	1
526	0.300	6	0	5	0	0	1
526	0.300	6	4	5	5	0	1
526	0.150	6	4	5	5	0	1
526	0.150	6	0	5	0	0	1
526	0.150	0	0	0	0	1	1
526	0.150	6	0	5	0	1	1
527	0.300	6	0	5	0	0	1
527	0.150	0	6	0	5	0	1
527	0.150	6	0	5	0	0	1
527	0.300	6	1	5	5	0	1
527	0.300	6	0	5	0	0	1
527	0.300	2	4	5	5	0	1
527	0.300	2	4	5	5	0	1
527	0.300	2	4	5	5	0	1
528	0.350	0	6	0	5	1	1
528	0.250	0	6	0	5	0	1
528	0.200	6	0	5	0	0	1
528	0.100	6	0	5	0	0	1
528	0.350	6	1	5	5	0	1
528	0.250	0	0	0	0	0	1
528	0.050	6	0	5	0	0	1
528	0.250	6	0	5	0	0	1
528	0.300	0	0	0	0	0	1
528	0.050	6	4	5	5	0	1
529	0.300	6	0	5	0	0	1
529	0.300	6	0	5	0	1	1
529	0.250	0	6	0	5	0	1
529	0.200	6	0	5	0	0	1
529	0.100	6	0	5	0	0	1
529	0.300	0	6	0	5	0	1
529	0.050	0	1	0	5	0	1
529	0.300	6	0	5	0	0	1
529	0.100	0	4	0	5	0	1
529	0.150	6	4	5	5	0	1
529	0.300	6	0	5	0	1	1
530	0.300	6	0	5	0	0	1
530	0.200	0	1	0	5	0	1
530	0.050	0	1	0	5	0	1
530	0.050	6	0	5	0	1	1
530	0.300	6	5	5	5	0	1
530	0.300	6	0	5	0	0	1
530	0.250	0	0	0	0	0	1
530	0.050	6	1	5	5	0	1
530	0.300	6	0	5	0	0	1
530	0.300	6	5	5	5	0	1
530	0.300	6	1	5	5	0	1
531	0.250	0	5	0	5	0	1
531	0.050	6	0	5	0	0	1
531	0.150	0	1	0	5	0	1
531	0.150	6	0	5	0	1	1
531	0.150	0	1	0	5	0	1
531	0.100	6	0	5	0	0	1
531	0.200	0	1	0	5	0	1
531	0.100	6	1	5	5	0	1
531	0.300	6	0	5	0	0	1
531	0.050	0	4	0	5	0	1
531	0.300	6	0	5	0	0	1
531	0.250	0	0	0	0	0	1
531	0.050	6	0	5	0	0	1
532	0.350	6	1	5	5	0	1
532	0.250	6	5	5	5	0	1
532	0.200	0	1	0	5	0	1
532	0.100	6	0	5	0	1	1
532	0.150	0	1	0	5	0	1
532	0.150	6	0	5	0	0	1
532	0.150	0	1	0	5	0	1
532	0.150	6	1	5	5	0	1
532	0.300	6	4	5	5	0	1
532	0.300	6	0	5	0	0	1
532	0.300	6	5	5	5	1	1
533	0.300	6	1	5	5	0	1
533	0.100	0	1	0	5	0	1
533	0.200	6	0	5	0	0	1
533	0.300	6	0	5	0	0	1
533	0.050	0	0	0	0	1	1
533	0.250	0	0	0	0	0	1
533	0.050	6	0	5	0	0	1
533	0.150	0	1	0	5	0	1
533	0.100	6	1	5	5	0	1
533	0.300	0	0	0	0	0	1
533	0.050	6	4	5	5	0	1
533	0.300	6	0	5	0	0	1
533	0.250	6	0	5	0	0	1
534	0.300	0	1	0	5	0	1
534	0.050	6	0	5	0	0	1
534	0.250	6	0	5	0	0	1
534	0.200	0	1	0	5	0	1
534	0.100	6	0	5	0	0	1
534	0.050	0	0	0	0	1	1
534	0.250	0	0	0	0	0	1
534	0.050	6	0	5	0	0	1
534	0.100	0	1	0	5	0	1
534	0.150	6	1	5	5	0	1
534	0.300	6	0	5	0	0	1
534	0.300	6	0	5	0	0	1
534	0.300	6	4	5	5	0	1
535	0.300	6	4	5	5	0	1
535	0.250	0	0	0	0	0	1
535	0.050	6	0	5	0	0	1
535	0.300	6	0	5	0	1	1
535	0.250	0	0	0	0	0	1
535	0.050	6	0	5	0	0	1
535	0.150	0	1	0	5	0	1
535	0.100	6	0	5	0	0	1
535	0.050	0	1	0	5	0	1
535	0.250	6	0	5	0	0	1
535	0.300	6	0	5	0	0	1
535	0.300	0	0	0	0	0	1
535	0.050	6	4	5	5	0	1
536	0.300	6	4	5	5	0	1
536	0.250	0	0	0	0	0	1
536	0.050	6	0	5	0	0	1
536	0.300	6	0	5	0	1	1
536	0.250	0	5	0	5	0	1
536	0.050	6	0	5	0	0	1
536	0.150	0	1	0	5	0	1
536	0.150	6	1	5	5	0	1
536	0.250	0	1	0	5	0	1
536	0.050	6	0	5	0	0	1
536	0.050	0	1	0	5	0	1
536	0.050	0	1	0	5	0	1
536	0.200	6	0	5	0	0	1
536	0.250	0	0	0	0	0	1
536	0.050	6	0	5	0	0	1
537	0.350	6	4	5	5	0	1
537	0.250	6	0	5	0	0	1
537	0.250	0	1	0	5	0	1
537	0.100	6	0	5	0	1	1
537	0.250	0	0	0	0	0	1
537	0.050	6	0	5	0	0	1
537	0.200	6	0	5	0	0	1
537	0.350	0	0	0	0	0	1
537	0.050	6	1	5	5	0	1
537	0.300	6	0	5	0	0	1
538	0.300	6	0	5	0	0	1
538	0.300	6	4	5	5	0	1
538	0.250	0	0	0	0	0	1
538	0.050	6	0	5	0	0	1
538	0.300	6	0	5	0	1	1
538	0.250	0	0	0	0	0	1
538	0.050	6	0	5	0	0	1
538	0.150	0	1	0	5	0	1
538	0.150	6	0	5	0	0	1
538	0.250	0	5	0	5	0	1
538	0.050	6	4	5	5	0	1
538	0.300	6	0	5	0	0	1
539	0.150	0	1	0	5	0	1
539	0.100	0	0	0	0	0	1
539	0.050	6	0	5	0	0	1
539	0.300	6	1	5	5	0	1
539	0.250	0	0	0	0	0	1
539	0.050	6	0	5	0	0	1
539	0.300	0	8	0	5	1	1
539	0.250	0	0	0	0	0	1
539	0.200	0	1	0	5	0	1
539	0.150	0	8	0	5	0	1
539	0.150	0	8	0	5	0	1
539	0.150	4	0	5	0	0	1
539	0.250	0	4	0	5	0	1
540	0.350	7	5	5	5	0	1
540	0.300	0	1	0	5	0	1
540	0.250	0	8	0	5	0	1
540	0.200	1	0	5	0	0	1
540	0.150	8	0	5	0	1	1
540	0.250	0	5	0	5	0	1
540	0.050	8	0	5	0	0	1
540	0.100	0	1	0	5	0	1
540	0.150	8	0	5	0	0	1
540	0.150	8	0	5	0	0	1
540	0.150	0	1	0	5	0	1
540	0.050	0	0	0	0	0	1
540	0.250	7	4	5	5	0	1
541	0.300	0	8	0	5	0	1
541	0.300	0	1	0	5	0	1
541	0.050	0	8	0	5	0	1
541	0.200	0	5	0	5	0	1
541	0.050	0	8	0	5	0	1
541	0.200	1	0	5	0	0	1
541	0.100	8	0	5	0	1	1
541	0.300	7	5	5	5	0	1
541	0.150	0	1	0	5	0	1
541	0.150	0	8	0	5	0	1
541	0.150	0	8	0	5	0	1
541	0.100	0	0	0	0	0	1
541	0.050	1	0	5	0	0	1
541	0.300	8	0	5	0	0	1
542	0.250	8	0	5	0	0	1
542	0.050	0	0	0	0	0	1
542	0.300	7	4	5	5	0	1
542	0.250	0	0	0	0	0	1
542	0.350	0	8	0	5	1	1
542	0.250	0	5	0	5	0	1
542	0.050	0	8	0	5	0	1
542	0.150	1	0	5	0	0	1
542	0.150	8	0	5	0	0	1
542	0.150	8	0	5	0	0	1
542	0.150	0	1	0	5	0	1
542	0.300	8	0	5	0	0	1
543	0.250	0	5	0	5	0	1
543	0.050	7	4	5	5	0	1
543	0.300	7	4	5	5	0	1
543	0.250	0	5	0	5	0	1
543	0.350	0	8	0	5	1	1
543	0.250	0	5	0	5	0	0
543	0.050	0	8	0	5	0	0
543	0.200	0	8	0	5	0	0
543	0.400	7	1	5	5	0	1
543	0.300	0	8	0	5	0	1
544	0.250	0	0	0	0	0	1
544	0.050	0	8	0	5	0	1
544	0.350	7	4	5	5	0	1
544	0.200	0	0	0	0	0	1
544	0.050	0	8	0	5	0	1
544	0.350	0	8	0	5	1	1
544	0.250	0	5	0	5	0	1
544	0.150	0	1	0	5	0	1
544	0.150	0	8	0	5	0	1
544	0.300	7	1	5	5	0	1
545	0.350	0	8	0	5	0	1
545	0.250	7	5	5	5	0	1
545	0.350	7	4	5	5	0	1
545	0.250	0	0	0	0	0	1
545	0.300	0	0	0	0	1	1
545	0.050	0	8	0	5	0	1
545	0.250	0	8	0	5	0	1
545	0.150	1	0	5	0	0	1
545	0.200	8	0	5	0	0	1
545	0.100	8	0	5	0	0	1
545	0.150	5	1	5	5	0	1
546	0.300	8	0	5	0	0	1
546	0.300	8	0	5	0	0	1
546	0.350	7	1	5	5	0	1
546	0.250	0	0	0	0	0	1
546	0.200	0	1	0	5	0	1
546	0.100	0	0	0	0	1	1
546	0.050	0	8	0	5	0	1
546	0.100	1	0	5	0	0	1
546	0.150	0	0	0	0	0	1
546	0.050	8	0	5	0	0	1
546	0.150	0	1	0	5	0	1
546	0.150	8	0	5	0	0	1
546	0.150	8	0	5	0	0	1
546	0.100	0	1	0	5	0	1
547	0.300	8	0	5	0	0	1
547	0.300	8	0	5	0	0	1
547	0.350	7	1	5	5	0	1
547	0.250	0	0	0	0	0	1
547	0.350	0	8	0	5	1	1
547	0.250	0	8	0	5	0	1
547	0.150	1	0	5	0	0	1
547	0.150	8	0	5	0	0	1
547	0.150	0	4	0	5	0	1
547	0.150	0	0	0	0	0	1
548	0.050	4	0	5	0	0	1
548	0.250	0	0	0	0	1	1
548	0.050	8	0	5	0	0	1
548	0.100	0	1	0	5	0	1
548	0.100	0	1	0	5	0	1
548	0.050	8	0	5	0	0	1
548	0.300	7	1	5	5	0	1
548	0.300	0	0	0	0	0	1
548	0.200	0	1	0	5	0	1
548	0.100	0	8	0	5	1	1
548	0.050	1	0	5	0	0	1
548	0.100	1	0	5	0	0	1
548	0.050	1	0	5	0	0	1
548	0.100	8	0	5	0	0	1
548	0.150	0	1	0	5	0	1
548	0.150	8	0	5	0	0	1
548	0.150	0	4	0	5	0	1
548	0.150	4	0	5	0	0	1
549	0.300	8	0	5	0	1	1
549	0.150	0	1	0	5	0	1
549	0.100	5	0	5	0	0	0
549	0.050	0	0	0	0	0	1
549	0.300	7	1	5	5	0	1
549	0.300	0	0	0	0	0	1
549	0.150	0	1	0	5	0	1
549	0.150	7	1	5	5	1	1
549	0.300	0	1	0	5	0	1
549	0.300	0	8	0	5	0	1
549	0.150	4	0	5	0	0	1
549	0.100	0	0	0	0	0	1
549	0.050	8	0	5	0	0	1
550	0.300	7	1	5	5	0	1
550	0.250	0	0	0	0	0	1
550	0.350	0	8	0	5	0	1
550	0.250	0	0	0	0	0	1
550	0.350	7	1	5	5	0	1
550	0.300	0	8	0	5	0	1
550	0.150	4	0	5	0	0	1
550	0.150	8	0	5	0	0	1
550	0.250	0	0	0	0	0	1
550	0.050	0	4	0	5	0	1
551	0.300	8	0	5	0	0	1
551	0.250	0	0	0	0	0	1
551	0.350	7	1	5	5	0	1
551	0.300	0	0	0	0	0	1
551	0.300	7	1	5	5	0	1
551	0.300	0	8	0	5	0	1
551	0.150	4	0	5	0	0	1
551	0.150	0	4	0	5	0	1
551	0.050	8	0	5	0	0	1
551	0.250	7	5	5	5	0	1
552	0.350	7	1	5	5	0	1
552	0.250	0	5	0	5	0	1
552	0.300	0	8	0	5	0	1
552	0.200	1	0	5	0	0	1
552	0.100	0	0	0	0	0	1
552	0.300	7	1	5	5	0	1
552	0.100	0	1	0	5	0	1
552	0.200	0	8	0	5	0	1
552	0.200	0	4	0	5	0	1
552	0.150	0	8	0	5	0	1
552	0.250	0	8	0	5	0	1
553	0.050	1	0	5	0	0	1
553	0.300	8	0	5	0	0	1
553	0.250	0	0	0	0	0	1
553	0.350	8	0	5	0	0	1
553	0.300	0	0	0	0	0	1
553	0.300	7	1	5	5	0	1
553	0.300	0	8	0	5	0	1
553	0.150	4	0	5	0	0	1
553	0.150	8	0	5	0	0	1
553	0.250	0	0	0	0	1	1
554	0.050	8	0	5	0	0	1
554	0.250	8	0	5	0	0	1
554	0.300	0	0	0	0	0	1
554	0.050	0	1	0	5	0	1
554	0.300	8	0	5	0	0	1
554	0.250	0	0	0	0	0	1
554	0.300	0	1	0	5	0	1
554	0.050	8	0	5	0	0	1
554	0.250	8	0	5	0	0	1
554	0.150	0	4	0	5	0	1
554	0.150	7	4	5	5	0	1
554	0.250	0	5	0	5	0	0
554	0.050	0	0	0	0	1	1
555	0.300	0	8	0	5	0	1
555	0.150	1	0	5	0	0	1
555	0.100	0	5	0	5	0	1
555	0.050	8	0	5	0	0	1
555	0.300	7	1	5	5	0	1
555	0.250	0	0	0	0	0	1
555	0.350	0	8	0	5	1	1
555	0.250	0	5	0	5	0	0
555	0.050	0	8	0	5	0	0
555	0.150	0	8	0	5	0	0
555	0.300	0	8	0	5	0	0
555	0.150	7	5	5	5	0	1
556	0.300	0	8	0	5	1	1
556	0.300	0	0	0	0	0	1
556	0.050	0	8	0	5	0	1
556	0.250	0	8	0	5	0	1
556	0.300	0	5	0	5	0	1
556	0.300	0	8	0	5	1	1
556	0.300	0	8	0	5	0	1
556	0.200	7	1	5	5	0	1
556	0.250	0	8	0	5	0	1
556	0.150	5	1	5	5	0	1
557	0.050	8	0	5	0	0	1
557	0.300	7	1	5	5	0	1
557	0.250	0	5	0	5	0	1
557	0.050	0	8	0	5	0	1
557	0.150	1	0	5	0	0	1
557	0.100	8	0	5	0	0	1
557	0.200	0	1	0	5	0	1
557	0.100	5	0	5	0	0	1
557	0.050	8	0	5	0	0	1
557	0.250	8	0	5	0	0	1
557	0.050	0	0	0	0	1	1
557	0.200	8	0	5	0	0	1
557	0.050	0	0	0	0	0	1
557	0.150	8	0	5	0	0	1
557	0.300	8	0	5	0	0	1
557	0.100	0	5	0	5	0	1
557	0.050	8	0	5	0	0	1
558	0.300	8	0	5	0	0	1
558	0.300	7	5	5	5	0	1
558	0.300	7	1	5	5	0	1
558	0.250	0	5	0	5	0	0
558	0.350	0	8	0	5	1	0
558	0.200	1	0	5	0	0	0
558	0.050	0	5	0	5	0	1
558	0.050	8	0	5	0	0	1
558	0.150	0	1	0	5	0	1
558	0.150	8	0	5	0	0	1
558	0.150	8	0	5	0	0	1
558	0.100	0	0	0	0	0	1
558	0.050	0	1	0	5	0	1
559	0.150	8	0	5	0	0	1
559	0.200	8	0	5	0	0	1
559	0.150	0	1	0	5	0	1
559	0.100	7	5	5	5	0	1
559	0.150	0	1	0	5	0	1
559	0.150	0	8	0	5	0	1
559	0.150	0	8	0	5	0	1
559	0.100	0	5	0	5	0	1
559	0.050	1	0	5	0	0	1
559	0.150	8	0	5	0	0	1
559	0.150	8	0	5	0	0	1
559	0.150	0	1	0	5	0	1
559	0.150	8	0	5	0	0	1
559	0.150	0	1	0	5	0	1
559	0.150	8	0	5	0	0	1
559	0.150	8	0	5	0	0	1
559	0.100	0	0	0	0	0	1
559	0.050	0	1	0	5	0	1
560	0.150	8	0	5	0	0	1
560	0.150	8	0	5	0	0	1
560	0.200	0	1	0	5	0	1
560	0.100	8	0	5	0	0	1
560	0.150	0	1	0	5	0	1
560	0.150	8	0	5	0	0	1
560	0.150	8	0	5	0	0	1
560	0.150	0	1	0	5	0	1
560	0.300	8	0	5	0	1	1
560	0.300	8	0	5	0	0	1
560	0.300	8	0	5	0	0	1
560	0.300	0	0	0	0	0	1
561	0.300	0	0	0	0	1	1
561	0.050	8	0	5	0	0	1
561	0.250	8	0	5	0	0	1
561	0.150	0	1	0	5	0	1
561	0.150	8	0	5	0	0	1
561	0.150	8	0	5	0	0	1
561	0.150	0	4	0	5	0	1
561	0.150	7	4	5	5	0	1
561	0.150	0	8	0	5	0	1
561	0.300	0	8	0	5	0	1
561	0.300	7	1	5	5	0	1
561	0.300	0	8	0	5	0	1
562	0.150	1	0	5	0	0	1
562	0.150	8	0	5	0	1	1
562	0.100	0	1	0	5	0	1
562	0.100	0	1	0	5	0	1
562	0.100	8	0	5	0	0	1
562	0.350	8	0	5	0	0	1
562	0.100	0	4	0	5	0	1
562	0.150	8	0	5	0	0	1
562	0.150	8	0	5	0	0	1
562	0.150	0	1	0	5	0	1
562	0.300	8	0	5	0	0	1
562	0.300	7	1	5	5	0	1
562	0.100	0	1	0	5	0	1
562	0.150	0	5	0	5	0	1
562	0.050	0	8	0	5	0	1
563	0.150	1	0	5	0	0	1
563	0.150	8	0	5	0	1	1
563	0.250	0	0	0	0	0	1
563	0.050	8	0	5	0	0	1
563	0.100	0	1	0	5	0	1
563	0.200	8	0	5	0	0	1
563	0.150	8	0	5	0	0	1
563	0.100	0	5	0	5	0	1
563	0.050	1	0	5	0	0	1
563	0.200	8	0	5	0	0	1
563	0.150	8	0	5	0	0	1
563	0.150	0	1	0	5	0	1
563	0.100	7	5	5	5	0	1
563	0.150	0	1	0	5	0	1
563	0.150	0	8	0	5	0	1
563	0.250	0	8	0	5	0	1
563	0.050	5	1	5	5	0	0
564	0.250	8	0	5	0	0	0
564	0.350	7	5	5	5	0	1
564	0.300	0	8	0	5	0	1
564	0.150	0	8	0	5	0	1
564	0.150	5	1	5	5	0	0
564	0.200	8	0	5	0	0	0
564	0.150	8	0	5	0	0	0
564	0.150	0	1	0	5	0	0
564	0.100	7	5	5	5	0	1
564	0.150	0	1	0	5	0	1
564	0.150	0	8	0	5	0	1
564	0.200	0	8	0	5	0	1
564	0.100	0	0	0	0	0	1
565	0.050	1	0	5	0	0	1
565	0.150	8	0	5	0	0	1
565	0.150	8	0	5	0	0	1
565	0.250	0	0	0	0	0	1
565	0.050	8	0	5	0	0	1
565	0.300	8	0	5	0	0	1
565	0.150	8	0	5	0	0	1
565	0.100	0	0	0	0	0	1
565	0.050	0	1	0	5	0	1
565	0.150	8	0	5	0	0	1
565	0.150	8	0	5	0	0	1
565	0.150	0	1	0	5	0	1
565	0.150	8	0	5	0	0	1
565	0.150	0	1	0	5	0	1
565	0.150	8	0	5	0	0	1
565	0.150	8	0	5	0	0	1
565	0.100	0	0	0	0	0	1
566	0.050	0	1	0	5	0	1
566	0.150	8	0	5	0	0	1
566	0.150	8	0	5	0	0	1
566	0.200	0	1	0	5	0	1
566	0.100	7	5	5	5	0	0
566	0.150	0	1	0	5	0	0
566	0.150	0	8	0	5	0	0
566	0.100	0	8	0	5	0	0
566	0.150	0	0	0	0	0	1
566	0.050	1	0	5	0	0	1
566	0.150	8	0	5	0	0	1
566	0.150	8	0	5	0	0	1
566	0.200	0	1	0	5	0	1
566	0.050	5	0	5	0	0	1
566	0.050	8	0	5	0	0	1
566	0.150	0	1	0	5	0	1
566	0.150	8	0	5	0	0	1
566	0.150	8	0	5	0	0	1
566	0.100	0	0	0	0	0	1
567	0.050	0	1	0	5	0	1
567	0.150	8	0	5	0	0	1
567	0.050	0	1	0	5	0	1
567	0.100	8	0	5	0	0	1
567	0.300	7	1	5	5	0	1
567	0.300	0	8	0	5	0	1
567	0.100	0	8	0	5	0	1
567	0.150	0	0	0	0	0	1
567	0.050	4	0	5	0	0	1
567	0.150	7	4	5	5	0	1
567	0.150	0	8	0	5	0	1
567	0.250	0	0	0	0	0	1
567	0.050	7	1	5	5	0	1
567	0.250	0	8	0	5	0	1
567	0.150	0	8	0	5	0	1
567	0.150	0	0	0	0	0	1
568	0.050	1	0	5	0	0	1
568	0.250	8	0	5	0	1	1
568	0.300	8	0	5	0	0	1
568	0.200	0	1	0	5	0	1
568	0.100	8	0	5	0	0	1
568	0.150	8	0	5	0	0	1
568	0.150	0	4	0	5	0	1
568	0.150	4	0	5	0	0	1
568	0.050	8	0	5	0	0	1
568	0.150	8	0	5	0	0	1
568	0.250	8	0	5	0	0	1
568	0.350	7	1	5	5	0	1
568	0.250	0	8	0	5	0	1
569	0.300	0	8	0	5	1	1
569	0.300	0	8	0	5	0	1
569	0.150	1	0	5	0	0	1
569	0.150	8	0	5	0	0	1
569	0.150	8	0	5	0	0	1
569	0.150	0	4	0	5	0	1
569	0.150	7	4	5	5	0	1
569	0.200	0	8	0	5	0	1
569	0.250	0	8	0	5	0	1
569	0.300	7	1	5	5	0	1
569	0.250	0	5	0	5	0	1
569	0.050	0	8	0	5	0	1
570	0.300	0	8	0	5	1	1
570	0.300	0	8	0	5	0	1
570	0.150	1	0	5	0	0	1
570	0.150	8	0	5	0	0	1
570	0.150	8	0	5	0	0	1
570	0.100	0	4	0	5	0	1
570	0.050	0	0	0	0	0	1
570	0.150	7	4	5	5	0	1
570	0.150	0	8	0	5	0	1
570	0.300	7	5	5	5	0	1
570	0.300	7	1	5	5	0	1
570	0.250	5	1	5	5	0	1
571	0.350	8	0	5	0	1	1
571	0.250	0	0	0	0	0	1
571	0.050	8	0	5	0	0	1
571	0.150	0	1	0	5	0	1
571	0.150	8	0	5	0	0	1
571	0.150	8	0	5	0	0	1
571	0.100	0	4	0	5	0	1
571	0.050	0	0	0	0	0	1
571	0.100	4	0	5	0	0	1
571	0.050	0	0	0	0	1	1
571	0.050	8	0	5	0	0	1
571	0.100	8	0	5	0	1	1
571	0.300	8	0	5	0	0	1
571	0.300	7	1	5	5	0	1
572	0.300	0	8	0	5	0	1
572	0.300	0	8	0	5	1	1
572	0.300	0	8	0	5	0	1
572	0.150	1	0	5	0	0	1
572	0.150	8	0	5	0	0	1
572	0.150	8	0	5	0	0	1
572	0.100	0	0	0	0	0	1
572	0.050	0	4	0	5	0	1
572	0.150	8	0	5	0	0	1
572	0.050	0	4	0	5	0	1
572	0.100	0	0	0	0	1	1
572	0.050	8	0	5	0	0	1
572	0.250	8	0	5	0	0	1
572	0.300	7	1	5	5	0	1
573	0.200	0	1	0	5	0	1
573	0.050	0	5	0	5	0	0
573	0.050	0	0	0	0	0	1
573	0.200	0	1	0	5	0	1
573	0.100	0	8	0	5	1	1
573	0.050	1	0	5	0	0	1
573	0.200	0	0	0	0	0	1
573	0.050	8	0	5	0	0	1
573	0.150	0	1	0	5	0	1
573	0.150	8	0	5	0	0	1
573	0.150	8	0	5	0	0	1
573	0.100	0	4	0	5	0	1
573	0.050	0	0	0	0	0	1
573	0.150	7	4	5	5	0	1
573	0.150	0	8	0	5	1	1
573	0.300	0	8	0	5	0	1
573	0.050	6	0	5	0	0	1
573	0.250	0	1	0	5	0	1
574	0.050	0	8	0	5	0	1
574	0.250	0	8	0	5	0	1
574	0.200	1	0	5	0	0	1
574	0.100	8	0	5	0	0	1
574	0.050	0	0	0	0	1	1
574	0.100	0	1	0	5	0	1
574	0.050	0	1	0	5	0	1
574	0.100	0	0	0	0	0	1
574	0.050	8	0	5	0	0	1
574	0.100	0	1	0	5	0	1
574	0.150	8	0	5	0	0	1
574	0.150	8	0	5	0	0	1
574	0.100	0	4	0	5	0	1
574	0.050	0	0	0	0	0	1
574	0.150	7	4	5	5	0	1
574	0.200	0	8	0	5	1	1
574	0.250	0	8	0	5	0	1
575	0.350	7	1	5	5	0	1
575	0.150	0	1	0	5	0	1
575	0.100	0	8	0	5	0	1
575	0.200	0	1	0	5	0	1
575	0.100	0	8	0	5	0	1
575	0.050	0	0	0	0	1	1
575	0.150	1	0	5	0	0	1
575	0.100	8	0	5	0	0	1
575	0.150	0	1	0	5	0	1
575	0.150	8	0	5	0	0	1
575	0.150	8	0	5	0	0	1
575	0.150	0	4	0	5	0	1
575	0.150	4	0	5	0	0	1
575	0.200	8	0	5	0	1	1
575	0.250	0	0	0	0	0	1
576	0.050	8	0	5	0	0	1
576	0.300	7	1	5	5	0	1
576	0.050	0	1	0	5	0	1
576	0.200	0	0	0	0	0	1
576	0.050	0	8	0	5	0	1
576	0.150	1	0	5	0	0	1
576	0.150	8	0	5	0	1	1
576	0.100	0	1	0	5	0	1
576	0.050	0	1	0	5	0	1
576	0.100	0	0	0	0	0	1
576	0.050	8	0	5	0	0	1
576	0.150	0	1	0	5	0	1
576	0.150	8	0	5	0	0	1
576	0.150	8	0	5	0	0	1
576	0.100	0	0	0	0	0	1
576	0.050	0	4	0	5	0	1
576	0.150	7	4	5	5	0	1
576	0.150	0	8	0	5	1	1
576	0.250	0	0	0	0	0	1
577	0.050	0	8	0	5	0	1
577	0.300	7	1	5	5	0	1
577	0.100	0	1	0	5	0	1
577	0.150	0	0	0	0	0	1
577	0.050	0	8	0	5	0	1
577	0.150	1	0	5	0	0	1
577	0.150	7	1	5	5	1	1
577	0.100	0	1	0	5	0	1
577	0.150	0	0	0	0	0	1
577	0.050	0	8	0	5	0	1
577	0.150	1	0	5	0	0	1
577	0.150	8	0	5	0	0	1
577	0.150	8	0	5	0	0	1
577	0.100	0	0	0	0	0	1
577	0.050	0	4	0	5	0	1
577	0.150	7	4	5	5	0	1
577	0.150	0	8	0	5	1	1
577	0.250	0	0	0	0	0	1
578	0.050	0	8	0	5	0	1
578	0.300	7	1	5	5	0	1
578	0.050	0	1	0	5	0	1
578	0.200	0	0	0	0	0	1
578	0.050	0	8	0	5	0	1
578	0.300	0	8	0	5	1	1
578	0.250	0	0	0	0	0	1
578	0.050	0	8	0	5	0	1
578	0.150	1	0	5	0	0	1
578	0.150	8	0	5	0	0	1
578	0.150	8	0	5	0	0	1
578	0.100	0	4	0	5	0	1
578	0.200	7	4	5	5	0	1
578	0.150	0	8	0	5	1	1
578	0.200	0	1	0	5	0	1
579	0.100	0	8	0	5	0	1
579	0.300	7	1	5	5	0	1
579	0.250	0	5	0	5	0	1
579	0.050	0	8	0	5	0	1
579	0.300	0	8	0	5	1	1
579	0.300	0	8	0	5	0	1
579	0.150	1	0	5	0	0	1
579	0.150	8	0	5	0	0	1
579	0.150	8	0	5	0	0	1
579	0.100	0	4	0	5	0	1
579	0.200	7	4	5	5	0	1
579	0.150	0	8	0	5	1	1
580	0.300	0	8	0	5	1	1
580	0.300	7	1	5	5	0	1
580	0.300	0	8	0	5	0	1
580	0.300	0	8	0	5	1	1
580	0.250	0	0	0	0	0	1
580	0.050	0	8	0	5	0	1
580	0.150	1	0	5	0	0	1
580	0.150	8	0	5	0	0	1
580	0.150	8	0	5	0	0	1
580	0.100	0	4	0	5	0	1
580	0.200	7	4	5	5	0	1
580	0.150	0	8	0	5	1	1
581	0.250	0	0	0	0	0	1
581	0.050	0	8	0	5	0	1
581	0.300	7	1	5	5	0	1
581	0.250	0	0	0	0	0	1
581	0.050	0	8	0	5	0	1
581	0.150	1	0	5	0	0	1
581	0.150	8	0	5	0	1	1
581	0.050	0	1	0	5	0	1
581	0.100	0	1	0	5	0	1
581	0.050	0	1	0	5	0	1
581	0.050	0	0	0	0	0	1
581	0.050	8	0	5	0	0	1
581	0.150	0	1	0	5	0	1
581	0.100	8	0	5	0	0	1
581	0.150	8	0	5	0	0	1
581	0.150	0	4	0	5	0	1
581	0.150	7	4	5	5	0	1
581	0.150	0	8	0	5	1	1
582	0.300	0	8	0	5	0	1
582	0.300	0	8	0	5	0	1
582	0.050	1	0	5	0	0	1
582	0.050	1	0	5	0	0	1
582	0.200	8	0	5	0	0	1
582	0.200	0	1	0	5	0	1
582	0.100	8	0	5	0	0	1
582	0.050	0	0	0	0	1	1
582	0.100	0	1	0	5	0	1
582	0.150	0	0	0	0	0	1
582	0.050	8	0	5	0	0	1
582	0.300	7	1	5	5	0	1
582	0.250	0	8	0	5	0	1
582	0.200	0	4	0	5	0	1
583	0.150	0	8	0	5	1	1
583	0.150	0	8	0	5	0	1
583	0.150	0	0	0	0	0	1
583	0.300	7	1	5	5	0	1
583	0.250	0	8	0	5	0	1
583	0.200	0	1	0	5	0	1
583	0.150	0	8	0	5	1	1
583	0.150	1	1	5	5	0	1
583	0.100	0	0	0	0	0	1
583	0.050	8	0	5	0	0	1
583	0.150	0	1	0	5	0	1
583	0.150	8	0	5	0	0	1
583	0.150	8	0	5	0	0	1
583	0.100	0	4	0	5	0	1
583	0.050	0	0	0	0	0	1
583	0.150	7	4	5	5	0	1
584	0.150	0	8	0	5	1	1
584	0.250	0	0	0	0	0	1
584	0.050	0	8	0	5	0	1
584	0.300	7	1	5	5	0	1
584	0.150	0	1	0	5	0	1
584	0.100	0	0	0	0	0	1
584	0.050	0	8	0	5	0	1
584	0.150	1	0	5	0	0	1
584	0.150	7	1	5	5	1	1
584	0.100	0	1	0	5	0	1
584	0.150	0	0	0	0	0	1
584	0.050	0	8	0	5	0	1
584	0.150	1	0	5	0	0	1
584	0.100	8	0	5	0	0	1
584	0.150	8	0	5	0	0	1
584	0.150	0	4	0	5	0	1
584	0.200	7	4	5	5	0	1
585	0.150	0	8	0	5	1	1
585	0.250	0	0	0	0	0	1
585	0.050	0	8	0	5	0	1
585	0.300	7	1	5	5	0	1
585	0.250	0	8	0	5	0	1
585	0.200	7	4	5	5	0	1
585	0.100	0	4	0	5	0	1
585	0.050	0	0	0	0	1	1
585	0.250	0	8	0	5	0	1
585	0.300	7	1	5	5	0	1
585	0.300	0	0	0	0	0	1
585	0.150	0	1	0	5	0	1
586	0.150	0	8	0	5	1	1
586	0.300	0	0	0	0	0	1
586	0.050	0	8	0	5	0	1
586	0.300	0	1	0	5	0	1
586	0.100	0	1	0	5	0	1
586	0.150	0	0	0	0	0	1
586	0.200	0	1	0	5	0	1
586	0.100	0	1	0	5	1	1
586	0.050	7	1	5	5	0	1
586	0.250	0	0	0	0	0	1
586	0.050	0	8	0	5	0	1
586	0.150	1	0	5	0	0	1
586	0.100	8	0	5	0	0	1
586	0.150	8	0	5	0	0	1
586	0.150	0	4	0	5	0	1
586	0.150	7	4	5	5	0	1
587	0.150	0	0	0	0	1	1
587	0.050	0	8	0	5	0	1
587	0.250	0	8	0	5	0	1
587	0.300	0	1	0	5	0	1
587	0.050	0	8	0	5	0	1
587	0.250	0	0	0	0	0	1
587	0.050	0	8	0	5	0	1
587	0.150	4	0	5	0	0	1
587	0.100	7	4	5	5	1	1
587	0.300	0	0	0	0	0	1
587	0.350	7	1	5	5	0	1
587	0.250	0	0	0	0	0	1
588	0.200	0	1	0	5	0	1
588	0.150	0	8	0	5	1	1
588	0.250	0	0	0	0	0	1
588	0.050	0	8	0	5	0	1
588	0.300	7	1	5	5	0	1
588	0.050	0	1	0	5	0	1
588	0.200	0	5	0	5	0	0
588	0.350	0	8	0	5	1	0
588	0.250	0	0	0	0	0	1
588	0.050	0	8	0	5	0	1
588	0.150	1	0	5	0	0	1
588	0.100	8	0	5	0	0	1
588	0.150	8	0	5	0	0	1
588	0.150	4	5	5	5	0	1
589	0.200	7	4	5	5	0	1
589	0.150	0	8	0	5	1	1
589	0.250	0	0	0	0	0	1
589	0.050	0	8	0	5	0	1
589	0.250	0	1	0	5	0	1
589	0.050	0	8	0	5	0	1
589	0.050	0	5	0	5	0	0
589	0.100	1	0	5	0	0	0
589	0.100	8	0	5	0	0	1
589	0.150	0	4	0	5	0	1
589	0.150	4	0	5	0	1	1
589	0.050	8	0	5	0	0	1
589	0.250	8	0	5	0	0	1
589	0.300	7	1	5	5	0	1
589	0.150	0	8	0	5	0	1
589	0.150	0	0	0	0	0	1
590	0.050	0	8	0	5	0	1
590	0.100	4	0	5	0	0	1
590	0.150	8	0	5	0	1	1
590	0.250	0	0	0	0	0	1
590	0.050	8	0	5	0	0	1
590	0.300	7	1	5	5	0	1
590	0.250	0	0	0	0	0	1
590	0.050	0	8	0	5	0	1
590	0.150	7	4	5	5	0	1
590	0.100	0	4	0	5	0	1
590	0.050	0	0	0	0	1	1
590	0.250	0	0	0	0	0	1
590	0.050	0	8	0	5	0	1
590	0.300	7	1	5	5	0	1
590	0.150	0	8	0	5	0	1
590	0.100	0	0	0	0	0	1
591	0.100	0	8	0	5	0	1
591	0.100	4	0	5	0	0	1
591	0.150	0	0	0	0	1	1
591	0.050	8	0	5	0	0	1
591	0.250	8	0	5	0	0	1
591	0.300	7	1	5	5	0	1
591	0.250	0	8	0	5	0	1
591	0.200	7	4	5	5	0	1
591	0.150	0	4	0	5	1	1
591	0.250	0	0	0	0	0	1
591	0.050	0	8	0	5	0	1
591	0.250	0	8	0	5	0	1
591	0.050	1	0	5	0	0	1
591	0.100	8	0	5	0	0	1
591	0.150	0	0	0	0	0	1
592	0.050	8	0	5	0	0	1
592	0.100	0	4	0	5	0	1
592	0.150	4	0	5	0	0	1
592	0.050	0	0	0	0	1	1
592	0.250	8	0	5	0	0	1
592	0.300	7	1	5	5	0	1
592	0.250	0	0	0	0	0	1
592	0.050	0	8	0	5	0	1
592	0.150	4	0	5	0	0	1
592	0.150	0	4	0	5	1	1
592	0.300	0	0	0	0	0	1
592	0.050	8	0	5	0	0	1
592	0.300	7	1	5	5	0	1
592	0.150	0	8	0	5	0	1
592	0.100	0	0	0	0	0	1
593	0.200	0	4	0	5	0	1
593	0.150	0	8	0	5	1	1
593	0.250	0	5	0	5	0	1
593	0.050	0	8	0	5	0	1
593	0.300	0	8	0	5	0	1
593	0.050	1	0	5	0	0	1
593	0.200	0	0	0	0	0	1
593	0.050	8	0	5	0	0	1
593	0.150	0	4	0	5	0	1
593	0.150	4	0	5	0	1	1
593	0.300	8	0	5	0	0	1
593	0.300	7	1	5	5	0	1
593	0.200	0	8	0	5	0	1
593	0.050	0	5	0	5	0	0
594	0.200	0	1	0	5	0	0
594	0.150	0	8	0	5	1	0
594	0.250	0	5	0	5	0	1
594	0.100	0	8	0	5	0	1
594	0.300	7	1	5	5	0	1
594	0.050	0	1	0	5	0	1
594	0.150	0	5	0	5	0	0
594	0.250	0	1	0	5	0	0
594	0.100	0	0	0	0	1	0
594	0.050	0	8	0	5	0	0
594	0.250	0	8	0	5	0	1
594	0.300	0	1	0	5	0	1
594	0.150	0	8	0	5	0	1
595	0.150	0	0	0	0	0	1
595	0.100	0	8	0	5	0	1
595	0.100	4	0	5	0	0	1
595	0.150	0	0	0	0	1	1
595	0.250	0	0	0	0	0	1
595	0.050	8	0	5	0	0	1
595	0.300	7	1	5	5	0	1
595	0.250	0	5	0	5	0	1
595	0.300	0	8	0	5	0	1
595	0.050	0	0	0	0	1	1
595	0.150	1	0	5	0	0	1
595	0.050	1	0	5	0	0	1
595	0.050	8	0	5	0	0	1
595	0.300	0	1	0	5	0	1
595	0.150	8	0	5	0	0	1
596	0.150	7	5	5	5	0	1
596	0.150	0	4	0	5	0	1
596	0.150	0	4	0	5	0	1
596	0.050	0	0	0	0	1	1
596	0.250	0	8	0	5	0	1
596	0.300	7	1	5	5	0	1
596	0.300	7	5	5	5	0	1
596	0.200	0	1	0	5	0	1
596	0.100	0	8	0	5	0	1
596	0.050	0	0	0	0	1	1
596	0.050	1	0	5	0	0	1
596	0.050	1	0	5	0	0	1
596	0.150	0	0	0	0	0	1
596	0.050	8	0	5	0	0	1
596	0.100	0	1	0	5	0	1
596	0.150	8	0	5	0	0	1
597	0.200	8	0	5	0	0	1
597	0.100	0	4	0	5	0	1
597	0.150	4	0	5	0	0	1
597	0.050	8	0	5	0	0	1
597	0.150	8	0	5	0	1	1
597	0.250	0	0	0	0	0	1
597	0.050	8	0	5	0	0	1
597	0.300	7	1	5	5	0	1
597	0.250	0	0	0	0	0	1
597	0.050	0	8	0	5	0	1
597	0.300	0	8	0	5	1	1
597	0.250	0	0	0	0	0	1
597	0.050	0	8	0	5	0	1
598	0.300	7	1	5	5	0	1
598	0.150	0	8	0	5	0	1
598	0.100	0	0	0	0	0	1
598	0.200	0	4	0	5	0	1
598	0.150	0	8	0	5	1	1
598	0.250	0	0	0	0	0	1
598	0.050	0	8	0	5	0	1
598	0.300	7	1	5	5	0	1
598	0.050	0	1	0	5	0	1
598	0.200	0	5	0	5	0	1
598	0.350	0	8	0	5	1	1
598	0.050	1	0	5	0	0	1
598	0.050	1	0	5	0	0	1
598	0.150	0	5	0	5	0	1
598	0.050	8	0	5	0	0	1
599	0.150	0	1	0	5	0	1
599	0.100	8	0	5	0	0	1
599	0.200	8	0	5	0	0	1
599	0.100	0	4	0	5	0	1
599	0.150	4	0	5	0	0	1
599	0.050	8	0	5	0	0	1
599	0.150	8	0	5	0	1	1
599	0.250	8	0	5	0	0	1
599	0.300	0	1	0	5	0	1
599	0.050	8	0	5	0	0	1
599	0.250	0	0	0	0	0	1
599	0.050	8	0	5	0	0	1
599	0.150	0	1	0	5	0	1
599	0.100	8	0	5	0	0	1
599	0.050	0	0	0	0	1	1
599	0.100	0	1	0	5	0	1
599	0.150	0	0	0	0	0	1
599	0.050	8	0	5	0	0	1
600	0.150	0	1	0	5	0	1
600	0.150	8	0	5	0	0	1
600	0.150	8	0	5	0	0	1
600	0.100	0	4	0	5	0	1
600	0.150	4	0	5	0	0	1
600	0.050	8	0	5	0	0	1
600	0.150	8	0	5	0	1	1
600	0.250	8	0	5	0	0	1
600	0.350	7	1	5	5	0	1
600	0.100	0	1	0	5	0	1
600	0.150	0	0	0	0	0	1
600	0.050	0	8	0	5	0	1
600	0.150	1	0	5	0	0	1
600	0.150	8	0	5	0	1	1
600	0.050	0	1	0	5	0	1
600	0.100	0	1	0	5	0	1
600	0.150	8	0	5	0	0	1
601	0.150	0	1	0	5	0	1
601	0.150	8	0	5	0	0	1
601	0.150	8	0	5	0	0	1
601	0.100	0	4	0	5	0	1
601	0.050	0	0	0	0	0	1
601	0.150	7	4	5	5	0	1
601	0.150	0	8	0	5	1	1
601	0.250	0	0	0	0	0	1
601	0.050	0	8	0	5	0	1
601	0.300	7	1	5	5	0	1
601	0.250	0	0	0	0	0	1
601	0.050	0	8	0	5	0	1
601	0.150	1	0	5	0	0	1
601	0.150	8	0	5	0	1	1
601	0.100	0	1	0	5	0	1
601	0.150	0	0	0	0	0	1
601	0.050	8	0	5	0	0	1
602	0.150	0	1	0	5	0	1
602	0.150	8	0	5	0	0	1
602	0.150	8	0	5	0	0	1
602	0.100	0	4	0	5	0	1
602	0.150	4	0	5	0	0	1
602	0.050	8	0	5	0	0	1
602	0.100	0	0	0	0	1	1
602	0.050	8	0	5	0	0	1
602	0.250	0	0	0	0	0	1
602	0.050	8	0	5	0	0	1
602	0.250	7	1	5	5	0	1
602	0.300	0	0	0	0	0	1
602	0.050	0	8	0	5	0	1
602	0.100	1	0	5	0	0	1
602	0.150	8	0	5	0	1	1
602	0.100	0	1	0	5	0	1
602	0.100	0	1	0	5	0	1
602	0.100	8	0	5	0	0	1
603	0.150	0	1	0	5	0	1
603	0.150	8	0	5	0	0	1
603	0.150	8	0	5	0	0	1
603	0.100	0	0	0	0	0	1
603	0.050	0	4	0	5	0	1
603	0.150	7	4	5	5	0	1
603	0.150	0	0	0	0	1	1
603	0.050	0	8	0	5	0	1
603	0.200	0	0	0	0	0	1
603	0.050	0	8	0	5	0	1
603	0.300	7	1	5	5	0	1
603	0.250	0	0	0	0	0	1
603	0.050	0	8	0	5	0	1
603	0.150	1	0	5	0	0	1
603	0.150	8	0	5	0	1	1
603	0.100	0	1	0	5	0	1
603	0.050	0	1	0	5	0	1
603	0.150	8	0	5	0	0	1
604	0.150	0	1	0	5	0	1
604	0.150	8	0	5	0	0	1
604	0.150	8	0	5	0	0	1
604	0.100	0	4	0	5	0	1
604	0.200	7	4	5	5	0	1
604	0.150	0	8	0	5	1	1
604	0.250	0	0	0	0	0	1
604	0.050	0	8	0	5	0	1
604	0.300	7	1	5	5	0	1
604	0.250	0	0	0	0	0	1
604	0.050	0	8	0	5	0	1
604	0.150	1	0	5	0	0	1
604	0.150	8	0	5	0	1	1
604	0.100	0	1	0	5	0	1
604	0.050	0	1	0	5	0	1
604	0.100	0	0	0	0	0	1
604	0.050	8	0	5	0	0	1
605	0.150	0	1	0	5	0	1
605	0.150	8	0	5	0	0	1
605	0.150	8	0	5	0	0	1
605	0.100	0	0	0	0	0	1
605	0.050	0	4	0	5	0	1
605	0.150	7	4	5	5	0	1
605	0.150	0	8	0	5	1	1
605	0.300	0	8	0	5	0	1
605	0.300	7	1	5	5	0	1
605	0.300	0	8	0	5	0	1
605	0.050	0	8	0	5	0	1
605	0.150	1	0	5	0	0	1
605	0.100	8	0	5	0	1	1
605	0.100	0	1	0	5	0	1
605	0.050	0	1	0	5	0	1
605	0.050	0	1	0	5	0	1
605	0.100	8	0	5	0	0	1
606	0.200	0	1	0	5	0	1
606	0.100	8	0	5	0	0	1
606	0.150	8	0	5	0	0	1
606	0.150	0	4	0	5	0	1
606	0.200	7	4	5	5	0	1
606	0.100	0	0	0	0	1	1
606	0.050	0	8	0	5	0	1
606	0.250	0	8	0	5	0	1
606	0.350	0	1	0	5	0	1
606	0.250	0	0	0	0	0	1
606	0.050	0	8	0	5	0	1
606	0.300	0	8	0	5	1	1
607	0.300	0	8	0	5	0	1
607	0.150	1	0	5	0	0	1
607	0.150	8	0	5	0	0	1
607	0.150	8	0	5	0	0	1
607	0.150	0	4	0	5	0	1
607	0.150	7	4	5	5	0	1
607	0.150	0	8	0	5	1	1
607	0.250	0	0	0	0	0	1
607	0.050	0	8	0	5	0	1
607	0.300	7	1	5	5	0	1
607	0.050	0	1	0	5	0	1
607	0.200	0	5	0	5	0	1
607	0.050	0	8	0	5	0	1
607	0.300	0	8	0	5	1	1
608	0.250	0	0	0	0	0	1
608	0.050	0	8	0	5	0	1
608	0.150	1	0	5	0	0	1
608	0.150	8	0	5	0	0	1
608	0.150	8	0	5	0	0	1
608	0.100	0	4	0	5	0	1
608	0.200	7	4	5	5	0	1
608	0.100	0	0	0	0	1	1
608	0.050	0	8	0	5	0	1
608	0.250	0	0	0	0	0	1
608	0.050	0	8	0	5	0	1
608	0.300	7	1	5	5	0	1
608	0.250	0	8	0	5	0	1
608	0.350	0	8	0	5	1	1
609	0.250	0	0	0	0	0	1
609	0.050	0	8	0	5	0	1
609	0.150	1	0	5	0	0	1
609	0.150	8	0	5	0	0	1
609	0.150	8	0	5	0	0	1
609	0.100	0	4	0	5	0	1
609	0.050	0	0	0	0	0	1
609	0.100	4	0	5	0	0	1
609	0.050	8	0	5	0	1	1
609	0.150	8	0	5	0	1	1
609	0.300	8	0	5	0	0	1
609	0.300	0	1	0	5	0	1
609	0.050	0	1	0	5	0	1
609	0.200	0	0	0	0	0	1
609	0.050	8	0	5	0	0	1
609	0.300	0	0	0	0	1	1
610	0.050	8	0	5	0	0	1
610	0.250	8	0	5	0	0	1
610	0.200	0	1	0	5	0	1
610	0.100	8	0	5	0	0	1
610	0.150	8	0	5	0	0	1
610	0.150	0	4	0	5	0	1
610	0.150	7	4	5	5	1	1
610	0.150	0	8	0	5	1	1
610	0.300	0	8	0	5	0	1
610	0.300	0	1	0	5	0	1
610	0.050	0	1	0	5	0	1
610	0.200	0	0	0	0	0	1
610	0.050	0	8	0	5	0	1
610	0.150	1	0	5	0	0	1
610	0.150	7	1	5	5	1	1
611	0.300	0	8	0	5	0	1
611	0.150	1	0	5	0	0	1
611	0.150	8	0	5	0	0	1
611	0.150	8	0	5	0	0	1
611	0.100	0	4	0	5	0	1
611	0.200	7	4	5	5	1	1
611	0.100	0	0	0	0	1	1
611	0.050	0	8	0	5	0	1
611	0.250	0	0	0	0	0	1
611	0.050	0	8	0	5	0	1
611	0.300	7	1	5	5	0	1
611	0.250	0	0	0	0	0	1
611	0.050	0	8	0	5	0	1
611	0.150	1	0	5	0	0	1
611	0.150	8	0	5	0	1	1
612	0.050	0	1	0	5	0	1
612	0.050	0	1	0	5	0	1
612	0.050	0	1	0	5	0	1
612	0.100	0	0	0	0	0	1
612	0.050	8	0	5	0	0	1
612	0.150	0	1	0	5	0	1
612	0.150	8	0	5	0	0	1
612	0.100	8	0	5	0	0	1
612	0.150	0	4	0	5	0	1
612	0.150	7	4	5	5	0	1
612	0.050	0	0	0	0	1	1
612	0.100	0	8	0	5	1	1
612	0.300	0	8	0	5	0	1
612	0.350	7	1	5	5	0	1
612	0.050	0	1	0	5	0	1
612	0.200	0	0	0	0	0	1
612	0.050	0	8	0	5	0	1
612	0.150	1	0	5	0	0	1
612	0.150	8	0	5	0	1	1
613	0.100	0	1	0	5	0	1
613	0.050	0	1	0	5	0	1
613	0.100	0	0	0	0	0	1
613	0.050	8	0	5	0	0	1
613	0.150	0	1	0	5	0	1
613	0.150	8	0	5	0	0	1
613	0.150	8	0	5	0	0	1
613	0.100	0	4	0	5	0	1
613	0.200	7	4	5	5	1	1
613	0.100	0	0	0	0	1	1
613	0.050	0	8	0	5	0	1
613	0.250	0	8	0	5	0	1
613	0.350	7	1	5	5	0	1
613	0.250	0	0	0	0	0	1
613	0.050	0	8	0	5	0	1
613	0.150	1	0	5	0	0	1
613	0.100	0	0	0	0	1	1
613	0.050	8	0	5	0	0	1
614	0.100	0	1	0	5	0	1
614	0.050	0	1	0	5	0	1
614	0.100	0	0	0	0	0	1
614	0.050	8	0	5	0	0	1
614	0.150	0	1	0	5	0	1
614	0.100	8	0	5	0	0	1
614	0.150	8	0	5	0	0	1
614	0.150	0	4	0	5	0	1
614	0.150	7	4	5	5	1	1
614	0.150	0	8	0	5	1	1
614	0.300	0	8	0	5	0	1
614	0.300	7	1	5	5	0	1
614	0.250	0	0	0	0	0	1
614	0.050	0	8	0	5	0	1
614	0.150	1	0	5	0	0	1
614	0.150	8	0	5	0	1	1
615	0.100	0	1	0	5	0	1
615	0.050	0	1	0	5	0	1
615	0.100	0	0	0	0	0	1
615	0.050	8	0	5	0	0	1
615	0.150	0	1	0	5	0	1
615	0.150	8	0	5	0	0	1
615	0.150	8	0	5	0	0	1
615	0.100	0	4	0	5	0	1
615	0.150	0	0	0	0	1	1
615	0.050	7	4	5	5	0	1
615	0.100	0	8	0	5	1	1
615	0.300	0	8	0	5	0	1
615	0.350	7	1	5	5	0	1
615	0.250	0	0	0	0	0	1
615	0.050	0	8	0	5	0	1
615	0.150	1	0	5	0	0	1
615	0.150	8	0	5	0	1	1
616	0.100	0	1	0	5	0	1
616	0.050	0	1	0	5	0	1
616	0.100	0	0	0	0	0	1
616	0.050	8	0	5	0	0	1
616	0.150	0	1	0	5	0	1
616	0.150	8	0	5	0	0	1
616	0.150	8	0	5	0	0	1
616	0.150	0	4	0	5	0	1
616	0.150	7	4	5	5	1	1
616	0.150	0	8	0	5	1	1
616	0.300	0	8	0	5	0	1
616	0.300	0	1	0	5	0	1
616	0.300	0	5	0	5	0	1
616	0.050	0	8	0	5	0	1
616	0.100	1	0	5	0	0	1
617	0.200	8	0	5	0	1	1
617	0.050	0	1	0	5	0	1
617	0.050	0	1	0	5	0	1
617	0.050	0	1	0	5	0	1
617	0.100	0	0	0	0	0	1
617	0.050	8	0	5	0	0	1
617	0.150	0	1	0	5	0	1
617	0.100	8	0	5	0	0	1
617	0.150	8	0	5	0	0	1
617	0.150	0	4	0	5	0	1
617	0.200	7	4	5	5	0	1
617	0.150	0	8	0	5	1	1
617	0.250	0	8	0	5	0	1
617	0.350	0	1	0	5	0	1
617	0.050	0	1	0	5	0	1
617	0.200	0	5	0	5	0	1
617	0.050	0	8	0	5	0	1
618	0.150	1	0	5	0	0	1
618	0.150	8	0	5	0	1	1
618	0.050	0	1	0	5	0	1
618	0.050	0	1	0	5	0	1
618	0.200	7	6	5	5	0	1
618	0.150	0	1	0	5	0	1
618	0.150	0	8	0	5	0	1
618	0.150	0	8	0	5	0	1
618	0.100	4	0	5	0	0	1
618	0.050	0	0	0	0	1	1
618	0.100	0	4	0	5	0	1
618	0.200	0	0	0	0	1	1
618	0.050	8	0	5	0	0	1
618	0.250	8	0	5	0	0	1
618	0.300	7	1	5	5	0	1
618	0.250	0	0	0	0	0	1
618	0.050	0	8	0	5	0	1
619	0.150	1	0	5	0	0	1
619	0.150	8	0	5	0	1	1
619	0.050	0	1	0	5	0	1
619	0.100	1	1	5	5	0	1
619	0.150	8	0	5	0	0	1
619	0.150	0	1	0	5	0	1
619	0.150	8	0	5	0	0	1
619	0.150	8	0	5	0	0	1
619	0.150	0	4	0	5	1	1
619	0.150	7	4	5	5	0	1
619	0.150	0	8	0	5	1	1
619	0.300	0	8	0	5	0	1
619	0.300	7	1	5	5	0	1
619	0.050	0	1	0	5	0	1
619	0.200	0	0	0	0	0	1
619	0.050	0	8	0	5	0	1
620	0.150	1	0	5	0	0	1
620	0.150	8	0	5	0	1	1
620	0.050	0	1	0	5	0	1
620	0.050	0	1	0	5	0	1
620	0.050	0	1	0	5	0	1
620	0.150	8	0	5	0	0	1
620	0.200	0	1	0	5	0	1
620	0.150	8	0	5	0	0	1
620	0.150	8	0	5	0	0	1
620	0.100	0	4	0	5	1	1
620	0.300	8	0	5	0	1	1
620	0.300	8	0	5	0	0	1
620	0.300	7	1	5	5	0	1
620	0.250	0	0	0	0	0	1
620	0.050	0	8	0	5	0	1
621	0.150	1	0	5	0	0	1
621	0.150	8	0	5	0	1	1
621	0.100	0	1	0	5	0	1
621	0.050	0	1	0	5	0	1
621	0.050	0	1	0	5	0	1
621	0.050	8	0	5	0	0	1
621	0.200	8	0	5	0	0	1
621	0.100	0	1	0	5	0	1
621	0.200	8	0	5	0	0	1
621	0.050	0	0	0	0	1	1
621	0.100	8	0	5	0	0	1
621	0.250	0	4	0	5	1	1
621	0.250	0	0	0	0	0	1
621	0.050	8	0	5	0	0	1
621	0.300	7	1	5	5	0	1
621	0.250	0	0	0	0	0	1
621	0.050	0	8	0	5	0	1
622	0.150	1	0	5	0	0	1
622	0.150	8	0	5	0	1	1
622	0.150	0	1	0	5	0	1
622	0.050	1	1	5	5	0	1
622	0.050	0	0	0	0	0	1
622	0.050	8	0	5	0	0	1
622	0.150	8	0	5	0	0	1
622	0.150	0	1	0	5	0	1
622	0.150	8	0	5	0	0	1
622	0.100	0	0	0	0	0	1
622	0.050	8	0	5	0	0	1
622	0.150	0	4	0	5	0	1
622	0.100	7	4	5	5	0	1
622	0.050	0	0	0	0	1	1
622	0.100	0	8	0	5	0	1
622	0.150	0	0	0	0	0	1
622	0.350	7	1	5	5	0	1
622	0.250	0	0	0	0	0	1
622	0.050	0	8	0	5	0	1
623	0.150	1	0	5	0	0	1
623	0.150	8	0	5	0	1	1
623	0.150	0	1	0	5	0	1
623	0.100	0	0	0	0	0	1
623	0.050	8	0	5	0	0	1
623	0.300	0	1	0	5	0	1
623	0.150	8	0	5	0	0	1
623	0.150	8	0	5	0	0	1
623	0.200	0	4	0	5	0	1
623	0.100	0	0	0	0	1	1
623	0.050	8	0	5	0	0	1
623	0.250	8	0	5	0	0	1
623	0.350	7	1	5	5	0	1
623	0.250	0	5	0	5	0	1
624	0.050	0	8	0	5	0	1
624	0.150	1	0	5	0	0	1
624	0.150	8	0	5	0	1	1
624	0.250	0	0	0	0	0	1
624	0.050	8	0	5	0	0	1
624	0.150	0	1	0	5	0	1
624	0.150	8	0	5	0	0	1
624	0.100	8	0	5	0	0	1
624	0.150	0	4	0	5	0	1
624	0.150	4	0	5	0	0	1
624	0.050	8	0	5	0	0	1
624	0.100	0	0	0	0	1	1
624	0.050	8	0	5	0	0	1
624	0.250	8	0	5	0	0	1
624	0.350	7	1	5	5	0	1
624	0.250	0	0	0	0	0	1
625	0.050	0	8	0	5	0	1
625	0.150	1	0	5	0	0	1
625	0.150	7	1	5	5	1	1
625	0.250	0	0	0	0	0	1
625	0.050	7	6	5	5	0	1
625	0.150	0	1	0	5	0	1
625	0.100	0	8	0	5	0	1
625	0.200	0	8	0	5	0	1
625	0.100	0	0	0	0	0	1
625	0.050	4	0	5	0	0	1
625	0.100	8	0	5	0	0	1
625	0.050	0	4	0	5	0	1
625	0.150	8	0	5	0	1	1
625	0.250	8	0	5	0	0	1
625	0.300	0	1	0	5	0	1
625	0.050	8	0	5	0	0	1
625	0.250	7	5	5	5	0	1
626	0.200	0	1	0	5	0	1
626	0.100	0	8	0	5	1	1
626	0.100	1	0	5	0	0	1
626	0.050	1	0	5	0	0	1
626	0.150	8	0	5	0	0	1
626	0.150	0	1	0	5	0	1
626	0.150	8	0	5	0	0	1
626	0.150	8	0	5	0	0	1
626	0.100	0	5	0	5	0	1
626	0.050	4	0	5	0	0	1
626	0.150	7	4	5	5	0	1
626	0.150	0	8	0	5	1	1
626	0.300	0	8	0	5	0	1
626	0.300	0	1	0	5	0	1
626	0.300	7	5	5	5	0	1
627	0.200	0	1	0	5	0	1
627	0.100	0	8	0	5	1	1
627	0.100	1	0	5	0	0	1
627	0.100	1	0	5	0	0	1
627	0.100	0	0	0	0	0	1
627	0.050	8	0	5	0	0	1
627	0.150	0	1	0	5	0	1
627	0.100	8	0	5	0	0	1
627	0.150	8	0	5	0	0	1
627	0.150	0	4	0	5	0	1
627	0.150	4	0	5	0	0	1
627	0.050	8	0	5	0	0	1
627	0.100	8	0	5	0	1	1
627	0.300	8	0	5	0	0	1
627	0.350	7	1	5	5	0	1
627	0.250	0	0	0	0	0	1
628	0.050	7	6	5	5	0	1
628	0.150	0	1	0	5	0	1
628	0.150	0	8	0	5	1	1
628	0.100	1	0	5	0	0	1
628	0.050	1	0	5	0	0	1
628	0.100	0	0	0	0	0	1
628	0.050	8	0	5	0	0	1
628	0.150	0	1	0	5	0	1
628	0.150	8	0	5	0	0	1
628	0.150	8	0	5	0	0	1
628	0.100	0	0	0	0	0	1
628	0.050	0	4	0	5	0	1
628	0.150	7	4	5	5	0	1
628	0.150	0	8	0	5	1	1
628	0.250	0	0	0	0	0	1
628	0.050	0	8	0	5	0	1
628	0.300	7	1	5	5	0	1
628	0.100	0	1	0	5	0	1
629	0.200	0	8	0	5	0	1
629	0.150	1	0	5	0	0	1
629	0.150	8	0	5	0	1	1
629	0.100	0	1	0	5	0	1
629	0.050	0	1	0	5	0	1
629	0.150	8	0	5	0	0	1
629	0.150	0	1	0	5	0	1
629	0.150	8	0	5	0	0	1
629	0.150	8	0	5	0	0	1
629	0.100	0	0	0	0	0	1
629	0.050	0	4	0	5	0	1
629	0.150	7	4	5	5	0	1
629	0.150	0	8	0	5	1	1
629	0.250	0	0	0	0	0	1
629	0.050	0	8	0	5	0	1
629	0.300	0	1	0	5	0	1
630	0.250	0	0	0	0	0	1
630	0.050	0	8	0	5	0	1
630	0.050	0	8	0	5	0	1
630	0.100	1	0	5	0	0	1
630	0.150	8	0	5	0	1	1
630	0.100	0	1	0	5	0	1
630	0.150	0	0	0	0	0	1
630	0.050	8	0	5	0	0	1
630	0.150	0	1	0	5	0	1
630	0.150	8	0	5	0	0	1
630	0.150	8	0	5	0	0	1
630	0.100	0	4	0	5	0	1
630	0.150	4	0	5	0	0	1
630	0.050	8	0	5	0	0	1
630	0.150	8	0	5	0	1	1
630	0.250	0	0	0	0	0	1
630	0.050	8	0	5	0	0	1
630	0.300	0	1	0	5	0	1
631	0.250	0	0	0	0	0	1
631	0.050	8	0	5	0	0	1
631	0.150	0	1	0	5	0	1
631	0.150	8	0	5	0	1	1
631	0.150	0	1	0	5	0	1
631	0.100	0	0	0	0	0	1
631	0.050	8	0	5	0	0	1
631	0.150	0	1	0	5	0	1
631	0.150	8	0	5	0	0	1
631	0.150	8	0	5	0	0	1
631	0.100	0	4	0	5	0	1
631	0.150	4	0	5	0	0	1
631	0.050	8	0	5	0	0	1
631	0.100	0	0	0	0	1	1
631	0.050	8	0	5	0	0	1
631	0.250	8	0	5	0	0	1
631	0.050	6	0	5	0	0	1
631	0.250	7	1	5	5	0	1
632	0.300	0	8	0	5	0	1
632	0.200	0	1	0	5	0	1
632	0.100	0	0	0	0	1	1
632	0.050	0	8	0	5	0	1
632	0.150	1	0	5	0	0	1
632	0.100	0	0	0	0	0	1
632	0.050	8	0	5	0	0	1
632	0.100	0	1	0	5	0	1
632	0.150	8	0	5	0	0	1
632	0.150	8	0	5	0	0	1
632	0.150	0	4	0	5	0	1
632	0.150	7	4	5	5	0	1
632	0.150	0	8	0	5	1	1
632	0.300	0	8	0	5	0	1
632	0.300	7	1	5	5	0	1
633	0.300	0	5	0	5	0	1
633	0.050	0	8	0	5	0	1
633	0.100	1	0	5	0	0	1
633	0.150	0	0	0	0	1	1
633	0.050	8	0	5	0	0	1
633	0.150	0	1	0	5	0	1
633	0.050	0	0	0	0	0	1
633	0.050	8	0	5	0	0	1
633	0.150	0	1	0	5	0	1
633	0.150	8	0	5	0	0	1
633	0.150	8	0	5	0	0	1
633	0.100	0	0	0	0	0	1
633	0.050	0	4	0	5	0	1
633	0.150	7	4	5	5	0	1
633	0.150	0	8	0	5	1	1
633	0.250	0	0	0	0	0	1
633	0.050	0	8	0	5	0	1
633	0.300	7	1	5	5	0	1
634	0.250	0	0	0	0	0	1
634	0.050	0	8	0	5	0	1
634	0.200	0	1	0	5	0	1
634	0.100	0	0	0	0	1	1
634	0.050	0	8	0	5	0	1
634	0.100	1	0	5	0	0	1
634	0.150	0	0	0	0	0	1
634	0.050	8	0	5	0	0	1
634	0.150	0	1	0	5	0	1
634	0.100	8	0	5	0	0	1
634	0.150	8	0	5	0	0	1
634	0.150	0	4	0	5	0	1
634	0.150	7	4	5	5	0	1
634	0.150	0	8	0	5	1	1
634	0.300	0	8	0	5	0	1
634	0.300	7	1	5	5	0	1
635	0.250	0	0	0	0	0	1
635	0.050	0	8	0	5	0	1
635	0.150	1	0	5	0	0	1
635	0.150	8	0	5	0	1	1
635	0.150	0	1	0	5	0	1
635	0.150	8	0	5	0	0	1
635	0.150	0	1	0	5	0	1
635	0.150	8	0	5	0	0	1
635	0.150	8	0	5	0	0	1
635	0.100	0	0	0	0	0	1
635	0.050	0	4	0	5	0	1
635	0.150	7	4	5	5	0	1
635	0.150	0	8	0	5	1	1
635	0.300	0	8	0	5	0	1
635	0.300	7	1	5	5	0	1
636	0.050	0	1	0	5	0	1
636	0.200	0	0	0	0	0	1
636	0.050	2	0	5	0	0	1
636	0.150	0	1	0	5	0	1
636	0.150	0	8	0	5	1	1
636	0.200	1	0	5	0	0	1
636	0.050	0	0	0	0	0	1
636	0.050	8	0	5	0	0	1
636	0.150	0	1	0	5	0	1
636	0.150	8	0	5	0	0	1
636	0.150	8	0	5	0	0	1
636	0.150	0	4	0	5	0	1
636	0.150	7	4	5	5	0	1
636	0.150	0	8	0	5	1	1
636	0.300	0	8	0	5	0	1
636	0.300	0	1	0	5	0	1
637	0.050	0	8	0	5	0	1
637	0.250	0	8	0	5	0	1
637	0.150	1	0	5	0	0	1
637	0.150	0	0	0	0	1	1
637	0.050	8	0	5	0	0	1
637	0.050	0	1	0	5	0	1
637	0.050	1	1	5	5	0	1
637	0.150	0	0	0	0	0	1
637	0.050	8	0	5	0	0	1
637	0.150	0	1	0	5	0	1
637	0.150	8	0	5	0	0	1
637	0.150	8	0	5	0	0	1
637	0.100	0	0	0	0	0	1
637	0.050	0	4	0	5	0	1
637	0.150	7	4	5	5	0	1
637	0.100	0	8	0	5	0	1
637	0.050	0	0	0	0	1	1
637	0.250	0	8	0	5	0	1
638	0.350	7	1	5	5	0	1
638	0.050	0	1	0	5	0	1
638	0.200	0	0	0	0	0	1
638	0.050	2	0	5	0	0	1
638	0.150	0	2	0	5	0	1
638	0.150	0	0	0	0	1	1
638	0.050	7	0	5	0	0	1
638	0.250	7	0	5	0	0	1
638	0.200	0	1	0	5	0	1
638	0.100	0	8	0	5	0	1
638	0.150	0	8	0	5	0	1
638	0.150	4	0	5	0	0	1
638	0.150	7	4	5	5	0	1
638	0.150	0	8	0	5	1	1
639	0.300	0	8	0	5	0	1
639	0.300	0	1	0	5	0	1
639	0.300	0	8	0	5	0	1
639	0.150	1	0	5	0	0	1
639	0.150	8	0	5	0	1	1
639	0.050	0	1	0	5	0	1
639	0.250	8	0	5	0	0	1
639	0.150	0	1	0	5	0	1
639	0.150	8	0	5	0	0	1
639	0.150	8	0	5	0	0	1
639	0.100	0	4	0	5	0	1
639	0.150	7	4	5	5	0	1
639	0.150	0	8	0	5	1	1
640	0.300	0	8	0	5	0	1
640	0.300	7	1	5	5	0	1
640	0.300	2	0	5	0	0	1
640	0.150	0	2	0	5	0	1
640	0.150	7	0	5	0	1	1
640	0.300	7	0	5	0	0	1
640	0.150	0	1	0	5	0	1
640	0.150	0	8	0	5	0	1
640	0.150	0	8	0	5	0	1
640	0.150	4	0	5	0	0	1
640	0.150	7	4	5	5	0	1
640	0.150	0	8	0	5	1	1
641	0.300	0	8	0	5	0	1
641	0.300	0	1	0	5	0	1
641	0.200	0	1	0	5	0	1
641	0.050	0	5	0	5	0	1
641	0.050	0	8	0	5	0	1
641	0.150	1	0	5	0	0	1
641	0.150	8	0	5	0	1	1
641	0.250	0	0	0	0	0	1
641	0.050	8	0	5	0	0	1
641	0.200	0	1	0	5	0	1
641	0.100	8	0	5	0	0	1
641	0.150	8	0	5	0	0	1
641	0.150	0	4	0	5	0	1
641	0.150	7	4	5	5	0	1
641	0.150	0	8	0	5	1	1
642	0.300	0	8	0	5	0	1
642	0.300	7	1	5	5	0	1
642	0.300	3	0	5	0	0	1
642	0.150	0	2	0	5	0	1
642	0.150	0	0	0	0	1	1
642	0.300	7	0	5	0	0	1
642	0.300	7	1	5	5	0	1
642	0.300	0	8	0	5	0	1
642	0.150	4	0	5	0	0	1
642	0.150	8	0	5	0	1	1
643	0.300	0	0	0	0	0	1
643	0.050	8	0	5	0	0	1
643	0.300	0	1	0	5	0	1
643	0.250	7	5	5	5	0	1
643	0.200	0	1	0	5	0	1
643	0.100	0	8	0	5	1	1
643	0.100	1	0	5	0	0	1
643	0.050	1	0	5	0	0	1
643	0.050	1	0	5	0	0	1
643	0.100	8	0	5	0	0	1
643	0.150	0	1	0	5	0	1
643	0.150	8	0	5	0	0	1
643	0.150	8	0	5	0	0	1
643	0.150	4	5	5	5	0	1
643	0.150	7	4	5	5	0	1
643	0.150	0	8	0	5	1	1
644	0.300	0	8	0	5	0	1
644	0.300	0	1	0	5	0	1
644	0.050	0	8	0	5	0	1
644	0.250	2	0	5	0	0	1
644	0.150	2	0	5	0	0	1
644	0.150	0	8	0	5	1	1
644	0.300	0	8	0	5	0	1
644	0.200	1	0	5	0	0	1
644	0.100	8	0	5	0	0	1
644	0.150	8	0	5	0	0	1
644	0.150	0	4	0	5	0	1
644	0.150	4	0	5	0	0	1
644	0.050	8	0	5	0	0	1
644	0.100	8	0	5	0	1	1
645	0.300	8	0	5	0	0	1
645	0.300	7	1	5	5	0	1
645	0.300	2	0	5	0	0	1
645	0.150	0	2	0	5	0	1
645	0.150	7	0	5	0	1	1
645	0.300	7	0	5	0	0	1
645	0.150	0	1	0	5	0	1
645	0.150	0	8	0	5	0	1
645	0.150	0	8	0	5	0	1
645	0.150	4	5	5	5	0	1
645	0.150	7	4	5	5	0	1
645	0.150	0	8	0	5	1	1
646	0.300	0	8	0	5	0	1
646	0.300	0	8	0	5	0	1
646	0.050	1	0	5	0	0	1
646	0.250	2	0	5	0	0	1
646	0.150	2	0	5	0	0	1
646	0.150	0	8	0	5	1	1
646	0.300	0	8	0	5	0	1
646	0.200	1	0	5	0	0	1
646	0.100	8	0	5	0	0	1
646	0.150	8	0	5	0	0	1
646	0.150	0	4	0	5	0	1
646	0.150	4	0	5	0	0	1
646	0.050	8	0	5	0	0	1
646	0.100	0	0	0	0	1	1
647	0.050	8	0	5	0	0	1
647	0.250	8	0	5	0	0	1
647	0.300	7	1	5	5	0	1
647	0.300	0	8	0	5	0	1
647	0.150	2	0	5	0	0	1
647	0.150	0	8	0	5	1	1
647	0.300	0	8	0	5	0	1
647	0.150	1	0	5	0	0	1
647	0.150	8	0	5	0	0	1
647	0.150	8	0	5	0	0	1
647	0.100	0	0	0	0	0	1
647	0.050	0	4	0	5	0	1
647	0.150	7	4	5	5	0	1
647	0.150	0	8	0	5	1	1
648	0.300	0	8	0	5	0	1
648	0.300	7	1	5	5	0	1
648	0.250	0	5	0	5	0	1
648	0.050	2	0	5	0	0	1
648	0.150	2	0	5	0	0	1
648	0.150	0	8	0	5	1	1
648	0.300	7	5	5	5	0	1
648	0.200	0	1	0	5	0	1
648	0.100	0	8	0	5	0	1
648	0.150	0	8	0	5	0	1
648	0.150	4	5	5	5	0	1
648	0.150	7	4	5	5	0	1
648	0.150	0	0	0	0	1	1
649	0.050	0	8	0	5	0	1
649	0.250	0	8	0	5	0	1
649	0.350	7	1	5	5	0	1
649	0.250	0	0	0	0	0	1
649	0.050	0	8	0	5	0	1
649	0.150	2	0	5	0	0	1
649	0.100	0	8	0	5	0	1
649	0.050	0	0	0	0	1	1
649	0.250	0	0	0	0	0	1
649	0.050	0	8	0	5	0	1
649	0.150	1	0	5	0	0	1
649	0.100	8	0	5	0	0	1
649	0.200	8	0	5	0	0	1
649	0.100	4	5	5	5	0	1
649	0.150	7	4	5	5	0	1
650	0.200	0	8	0	5	1	1
650	0.250	0	8	0	5	0	1
650	0.350	7	1	5	5	0	1
650	0.250	0	0	0	0	0	1
650	0.050	0	8	0	5	0	1
650	0.150	2	0	5	0	0	1
650	0.150	0	8	0	5	1	1
650	0.250	0	0	0	0	0	1
650	0.050	0	8	0	5	0	1
650	0.150	1	0	5	0	0	1
650	0.150	8	0	5	0	0	1
650	0.150	8	0	5	0	0	1
650	0.100	0	0	0	0	0	1
650	0.050	0	4	0	5	0	1
651	0.150	4	0	5	0	0	1
651	0.100	0	0	0	0	1	1
651	0.050	8	0	5	0	0	1
651	0.250	8	0	5	0	1	1
651	0.300	8	0	5	0	0	1
651	0.050	0	1	0	5	0	1
651	0.250	8	0	5	0	0	1
651	0.150	2	0	5	0	0	1
651	0.150	0	8	0	5	1	1
651	0.300	0	0	0	0	0	1
651	0.050	0	8	0	5	0	1
651	0.100	1	0	5	0	0	1
651	0.150	8	0	5	0	0	1
651	0.150	8	0	5	0	0	1
651	0.100	0	0	0	0	0	1
651	0.050	0	4	0	5	0	1
652	0.150	7	4	5	5	0	1
652	0.150	0	8	0	5	1	1
652	0.300	7	5	5	5	1	1
652	0.300	7	1	5	5	0	1
652	0.250	0	0	0	0	0	1
652	0.050	2	0	5	0	0	1
652	0.150	0	2	0	5	0	1
652	0.150	7	0	5	0	1	1
652	0.250	0	0	0	0	0	1
652	0.050	7	0	5	0	0	1
652	0.150	0	1	0	5	0	1
652	0.150	0	8	0	5	0	1
652	0.250	7	8	5	5	0	1
652	0.050	0	4	0	5	0	1
653	0.150	0	4	0	5	0	1
653	0.150	0	0	0	0	1	1
653	0.250	0	0	0	0	0	1
653	0.050	0	8	0	5	0	1
653	0.300	7	1	5	5	0	1
653	0.250	0	5	0	5	0	1
653	0.050	2	0	5	0	0	1
653	0.150	2	0	5	0	0	1
653	0.150	0	8	0	5	1	1
653	0.250	0	0	0	0	0	1
653	0.050	0	8	0	5	0	1
653	0.200	1	0	5	0	0	1
653	0.100	8	0	5	0	0	1
653	0.150	8	0	5	0	0	1
653	0.150	0	4	0	5	0	1
654	0.150	7	4	5	5	0	1
654	0.150	0	8	0	5	1	1
654	0.300	0	8	0	5	0	1
654	0.300	7	1	5	5	0	1
654	0.300	2	5	5	5	0	1
654	0.150	2	0	5	0	0	1
654	0.150	0	8	0	5	1	1
654	0.300	0	8	0	5	0	1
654	0.200	1	0	5	0	0	1
655	0.600	0	0	0	0	0	0
655	0.600	0	0	0	0	0	0
655	0.600	0	0	0	0	0	0
655	0.600	0	0	0	0	0	0
end	100
