bpm	102
1	0.600	0	0	0	0	0	0
1	0.600	0	0	0	0	0	0
1	0.600	0	0	0	0	0	0
1	0.600	0	0	0	0	0	0
2	0.600	6	0	5	0	0	1
2	0.050	0	4	0	5	0	1
2	0.100	6	0	5	0	0	1
2	0.150	0	0	0	0	1	1
2	0.300	6	1	5	5	1	1
2	0.300	0	0	0	0	1	1
2	0.050	6	6	5	5	0	1
2	0.100	0	4	0	5	0	1
2	0.050	0	4	0	5	1	1
2	0.050	6	0	5	0	0	1
2	0.050	0	4	0	5	1	1
2	0.050	6	4	5	5	0	1
2	0.050	6	0	5	0	0	1
2	0.050	6	0	5	0	0	1
2	0.150	0	5	0	5	1	1
2	0.050	0	8	0	5	1	1
2	0.200	6	0	5	0	0	1
2	0.050	6	1	5	5	0	1
3	0.050	0	1	0	5	1	1
3	0.250	0	1	0	5	0	1
3	0.050	6	0	5	0	0	1
3	0.100	4	4	5	5	1	1
3	0.150	6	1	5	5	0	1
3	0.050	0	4	0	5	0	1
3	0.100	6	0	5	0	0	1
3	0.150	0	1	0	5	1	1
3	0.300	6	1	5	5	1	1
3	0.050	0	1	0	5	0	1
3	0.250	6	0	5	0	0	1
3	0.050	6	0	5	0	0	1
3	0.100	0	4	0	5	1	1
3	0.050	0	4	0	5	1	1
3	0.100	6	4	5	5	0	1
3	0.050	6	4	5	5	0	1
3	0.150	6	6	5	5	0	1
3	0.100	0	5	0	5	1	0
3	0.050	8	5	5	5	1	1
3	0.250	0	5	0	5	1	1
4	0.050	6	6	5	5	1	1
4	0.300	6	6	5	5	0	1
4	0.150	4	4	5	5	1	1
4	0.100	6	5	5	5	0	1
4	0.050	6	4	5	5	0	1
4	0.100	6	0	5	0	0	1
4	0.050	6	0	5	0	0	1
4	0.050	0	5	0	5	0	0
4	0.050	0	5	0	5	0	0
4	0.050	0	8	0	5	1	1
4	0.050	0	8	0	5	0	1
4	0.250	6	1	5	5	1	1
4	0.250	0	5	0	5	0	0
4	0.050	6	6	5	5	0	1
4	0.150	4	4	5	5	1	1
4	0.100	6	0	5	0	0	1
4	0.050	6	4	5	5	0	1
4	0.150	6	6	5	5	0	1
4	0.100	5	5	5	5	0	0
4	0.050	0	0	0	0	1	1
4	0.250	5	5	5	5	0	1
5	0.050	6	1	5	5	1	1
5	0.300	6	6	5	5	0	1
5	0.100	0	4	0	5	0	1
5	0.050	0	4	0	5	1	1
5	0.100	5	5	5	5	0	1
5	0.050	6	4	5	5	0	1
5	0.100	6	0	5	0	0	1
5	0.050	6	0	5	0	0	1
5	0.150	0	0	0	0	1	1
5	0.250	0	5	0	5	1	1
5	0.050	6	1	5	5	1	1
5	0.250	0	0	0	0	0	1
5	0.050	6	6	5	5	0	1
5	0.100	0	4	0	5	0	1
5	0.050	0	4	0	5	1	1
5	0.100	6	6	5	5	0	1
5	0.050	4	4	5	5	0	1
5	0.100	6	6	5	5	0	1
5	0.150	0	0	0	0	1	1
5	0.050	7	0	5	0	1	1
5	0.250	6	6	5	5	0	1
6	0.050	1	1	5	5	1	1
6	0.300	6	6	5	5	0	1
6	0.150	4	4	5	5	1	1
6	0.100	6	5	5	5	0	1
6	0.050	6	4	5	5	0	1
6	0.100	6	0	5	0	0	1
6	0.050	6	0	5	0	0	1
6	0.100	0	0	0	0	1	1
6	0.050	0	0	0	0	1	1
6	0.250	0	0	0	0	1	1
6	0.050	6	1	5	5	1	1
6	0.250	0	0	0	0	0	1
6	0.050	6	6	5	5	0	1
6	0.150	4	4	5	5	1	1
6	0.100	6	0	5	0	0	1
6	0.050	6	4	5	5	0	1
6	0.150	6	6	5	5	0	1
6	0.100	0	5	0	5	0	0
6	0.050	0	0	0	0	1	1
6	0.050	0	8	0	5	0	1
7	0.250	6	1	5	5	1	1
7	0.300	6	6	5	5	0	1
7	0.150	4	4	5	5	1	1
7	0.100	6	0	5	0	0	1
7	0.050	6	4	5	5	0	1
7	0.150	6	6	5	5	0	1
7	0.150	0	0	0	0	1	1
7	0.050	7	0	5	0	0	1
7	0.250	6	6	5	5	1	1
7	0.300	6	6	5	5	0	1
7	0.150	4	4	5	5	1	1
7	0.100	6	0	5	0	0	1
7	0.050	6	4	5	5	0	1
7	0.150	6	6	5	5	0	1
7	0.150	0	0	0	0	1	1
7	0.050	7	0	5	0	0	1
8	0.250	6	1	5	5	1	1
8	0.300	6	6	5	5	0	1
8	0.150	4	4	5	5	1	1
8	0.100	6	0	5	0	0	1
8	0.050	6	4	5	5	0	1
8	0.150	6	6	5	5	0	1
8	0.150	0	0	0	0	1	1
8	0.050	7	0	5	0	0	1
8	0.250	6	6	5	5	1	1
8	0.300	6	6	5	5	0	1
8	0.150	4	4	5	5	1	1
8	0.100	6	0	5	0	0	1
8	0.050	6	4	5	5	0	1
8	0.150	6	6	5	5	0	1
8	0.100	0	5	0	5	0	0
8	0.050	0	5	0	5	1	1
9	0.250	0	5	0	5	0	0
9	0.050	5	1	5	5	1	1
9	0.300	6	6	5	5	0	1
9	0.150	4	4	5	5	1	1
9	0.100	6	5	5	5	0	0
9	0.050	6	5	5	5	0	1
9	0.150	6	6	5	5	0	1
9	0.150	0	0	0	0	1	1
9	0.300	6	1	5	5	1	1
9	0.250	0	5	0	5	0	0
9	0.050	6	6	5	5	1	1
9	0.150	4	4	5	5	1	1
9	0.100	6	0	5	0	0	1
9	0.050	6	4	5	5	0	1
9	0.100	6	0	5	0	0	1
9	0.050	6	0	5	0	0	1
9	0.100	0	5	0	5	1	0
9	0.050	0	0	0	0	1	1
10	0.050	0	8	0	5	0	1
10	0.200	6	1	5	5	0	1
10	0.050	6	1	5	5	1	1
10	0.300	6	6	5	5	0	1
10	0.100	0	4	0	5	0	1
10	0.050	0	4	0	5	1	1
10	0.100	6	6	5	5	0	1
10	0.050	0	4	0	5	0	1
10	0.050	6	0	5	0	0	1
10	0.100	6	0	5	0	0	1
10	0.100	0	0	0	0	1	1
10	0.100	0	1	0	5	0	1
10	0.200	0	0	0	0	1	1
10	0.050	6	1	5	5	1	1
10	0.250	0	0	0	0	0	1
10	0.050	6	6	5	5	0	1
10	0.100	0	4	0	5	0	1
10	0.050	0	4	0	5	1	1
10	0.100	6	0	5	0	0	1
10	0.050	6	4	5	5	0	1
10	0.150	6	6	5	5	0	1
10	0.100	5	5	5	5	1	1
10	0.050	8	0	5	0	0	1
11	0.250	6	5	5	5	1	1
11	0.050	1	1	5	5	0	1
11	0.250	6	5	5	5	0	1
11	0.050	6	0	5	0	0	1
11	0.100	0	4	0	5	1	1
11	0.050	0	4	0	5	1	1
11	0.050	6	0	5	0	0	1
11	0.050	6	5	5	5	0	1
11	0.050	0	4	0	5	0	1
11	0.100	6	6	5	5	0	1
11	0.150	0	0	0	0	1	1
11	0.300	6	1	5	5	1	1
11	0.300	0	0	0	0	0	1
11	0.050	6	6	5	5	0	1
11	0.100	0	4	0	5	1	1
11	0.050	0	4	0	5	1	1
11	0.100	6	6	5	5	0	1
11	0.050	4	4	5	5	0	1
11	0.100	6	0	5	0	0	1
11	0.050	6	0	5	0	0	1
11	0.100	0	0	0	0	1	1
11	0.050	0	8	0	5	0	1
12	0.250	6	0	5	0	1	1
12	0.050	6	1	5	5	1	1
12	0.250	0	0	0	0	0	1
12	0.050	6	6	5	5	0	1
12	0.100	0	4	0	5	0	1
12	0.050	0	4	0	5	1	1
12	0.100	6	6	5	5	0	1
12	0.050	4	4	5	5	0	1
12	0.100	6	0	5	0	0	1
12	0.050	6	0	5	0	0	1
12	0.100	0	0	0	0	1	1
12	0.050	7	8	5	5	1	1
12	0.250	6	1	5	5	1	1
12	0.050	6	1	5	5	1	1
12	0.300	6	6	5	5	0	1
12	0.150	4	4	5	5	1	1
12	0.050	6	0	5	0	0	1
12	0.050	6	0	5	0	0	1
12	0.050	4	4	5	5	0	1
12	0.050	6	0	5	0	0	1
12	0.100	6	0	5	0	0	1
12	0.100	0	0	0	0	1	1
13	0.300	6	0	5	0	1	1
13	0.050	6	1	5	5	0	1
13	0.250	0	0	0	0	0	1
13	0.050	6	6	5	5	0	1
13	0.150	4	4	5	5	1	1
13	0.100	6	6	5	5	0	1
13	0.050	4	4	5	5	0	1
13	0.100	6	0	5	0	0	1
13	0.050	6	0	5	0	0	1
13	0.100	0	0	0	0	0	1
13	0.050	0	0	0	0	1	1
13	0.300	6	1	5	5	1	1
13	0.250	0	0	0	0	0	1
13	0.050	6	6	5	5	0	1
13	0.100	0	4	0	5	0	1
13	0.050	0	4	0	5	1	1
13	0.100	6	0	5	0	0	1
13	0.050	6	4	5	5	0	1
13	0.150	6	6	5	5	0	1
13	0.100	0	5	0	5	1	1
14	0.050	0	8	0	5	1	1
14	0.250	6	5	5	5	1	1
14	0.050	1	1	5	5	1	1
14	0.300	6	6	5	5	0	1
14	0.100	0	4	0	5	1	1
14	0.050	0	4	0	5	1	1
14	0.100	6	5	5	5	0	1
14	0.050	4	4	5	5	0	1
14	0.100	6	6	5	5	0	1
14	0.150	0	0	0	0	1	1
14	0.050	0	0	0	0	1	1
14	0.250	0	6	0	5	1	1
14	0.050	6	1	5	5	1	1
14	0.250	0	0	0	0	0	1
14	0.050	6	6	5	5	0	1
14	0.150	4	4	5	5	1	1
14	0.100	6	0	5	0	0	1
14	0.050	6	4	5	5	0	1
14	0.150	6	6	5	5	0	1
14	0.100	5	5	5	5	0	0
15	0.050	0	0	0	0	1	1
15	0.050	8	0	5	0	0	1
15	0.200	5	5	5	5	0	0
15	0.050	6	1	5	5	1	1
15	0.300	6	6	5	5	0	1
15	0.150	4	4	5	5	1	1
15	0.100	6	5	5	5	0	1
15	0.050	4	4	5	5	0	1
15	0.150	6	6	5	5	0	1
15	0.100	0	0	0	0	1	1
15	0.050	0	0	0	0	1	1
15	0.250	0	0	0	0	1	1
15	0.050	6	1	5	5	1	1
15	0.250	0	0	0	0	0	1
15	0.050	6	6	5	5	0	1
15	0.150	4	4	5	5	1	1
15	0.100	6	6	5	5	0	1
15	0.050	4	4	5	5	0	1
15	0.150	6	6	5	5	0	1
15	0.100	5	5	5	5	1	1
16	0.050	0	0	0	0	1	1
16	0.050	8	0	5	0	0	1
16	0.150	0	5	0	5	0	0
16	0.050	5	1	5	5	1	1
16	0.050	6	6	5	5	0	1
16	0.250	0	5	0	5	0	0
16	0.050	6	6	5	5	0	1
16	0.100	0	0	0	0	1	1
16	0.050	4	4	5	5	1	1
16	0.100	6	5	5	5	0	1
16	0.050	4	4	5	5	0	1
16	0.100	6	6	5	5	0	1
16	0.150	0	0	0	0	1	1
16	0.050	7	0	5	0	0	1
16	0.250	6	6	5	5	1	1
16	0.050	0	1	0	5	0	1
16	0.250	6	0	5	0	0	1
16	0.050	6	0	5	0	0	1
16	0.100	4	4	5	5	0	1
16	0.050	0	0	0	0	1	1
16	0.100	6	6	5	5	0	1
16	0.050	0	4	0	5	0	1
16	0.100	6	5	5	5	0	0
16	0.100	0	5	0	5	0	0
16	0.050	0	5	0	5	1	1
17	0.050	0	8	0	5	0	1
17	0.200	0	5	0	5	0	0
17	0.050	6	1	5	5	1	1
17	0.300	6	0	5	0	0	1
17	0.150	0	4	0	5	1	1
17	0.100	6	5	5	5	0	0
17	0.050	0	4	0	5	0	1
17	0.150	6	0	5	0	0	1
17	0.150	0	0	0	0	1	1
17	0.300	6	1	5	5	1	1
17	0.300	6	0	5	0	0	1
17	0.150	0	4	0	5	1	1
17	0.100	6	0	5	0	0	1
17	0.050	0	4	0	5	0	1
17	0.150	6	0	5	0	0	1
17	0.100	0	5	0	5	0	0
17	0.050	6	5	5	5	1	1
18	0.300	6	5	5	5	1	1
18	0.300	6	0	5	0	0	1
18	0.150	0	4	0	5	1	1
18	0.100	6	5	5	5	0	0
18	0.050	0	4	0	5	0	1
18	0.150	6	0	5	0	0	1
18	0.150	0	0	0	0	1	1
18	0.300	6	1	5	5	1	1
18	0.300	0	5	0	5	0	1
18	0.050	6	0	5	0	0	1
18	0.100	0	4	0	5	0	1
18	0.050	0	0	0	0	1	1
18	0.100	6	4	5	5	0	1
18	0.150	6	0	5	0	0	1
18	0.150	0	0	0	0	1	1
19	0.300	6	1	5	5	1	1
19	0.300	6	0	5	0	0	1
19	0.150	0	4	0	5	1	1
19	0.100	6	0	5	0	0	1
19	0.050	0	4	0	5	0	1
19	0.150	6	0	5	0	0	1
19	0.150	0	5	0	5	1	1
19	0.300	6	1	5	5	1	1
19	0.300	6	0	5	0	0	1
19	0.150	0	4	0	5	1	1
19	0.050	6	0	5	0	0	1
19	0.100	0	4	0	5	0	1
19	0.100	6	0	5	0	0	1
19	0.200	0	0	0	0	1	1
20	0.300	6	1	5	5	1	1
20	0.300	6	0	5	0	0	1
20	0.150	0	4	0	5	1	1
20	0.050	6	0	5	0	0	1
20	0.100	0	4	0	5	0	1
20	0.100	6	0	5	0	0	1
20	0.150	0	0	0	0	1	1
20	0.050	0	8	0	5	0	1
20	0.250	6	0	5	0	0	1
20	0.050	0	1	0	5	1	1
20	0.250	6	0	5	0	0	1
20	0.050	0	0	0	0	0	1
20	0.100	0	4	0	5	0	1
20	0.050	0	0	0	0	1	1
20	0.150	6	4	5	5	0	1
20	0.150	6	0	5	0	0	1
20	0.100	0	0	0	0	0	1
20	0.050	0	0	0	0	1	1
21	0.300	6	1	5	5	1	1
21	0.300	6	0	5	0	0	1
21	0.150	0	4	0	5	1	1
21	0.150	6	4	5	5	0	1
21	0.150	6	0	5	0	0	1
21	0.100	0	0	0	0	0	1
21	0.050	6	0	5	0	1	1
21	0.300	6	1	5	5	1	1
21	0.300	6	0	5	0	0	1
21	0.150	0	4	0	5	1	1
21	0.150	6	4	5	5	0	1
21	0.200	6	0	5	0	0	1
21	0.100	6	0	5	0	1	1
22	0.300	6	0	5	0	1	1
22	0.050	0	1	0	5	0	1
22	0.250	0	0	0	0	0	1
22	0.050	6	0	5	0	0	1
22	0.100	0	4	0	5	1	1
22	0.150	6	4	5	5	0	1
22	0.150	6	0	5	0	0	1
22	0.150	0	5	0	5	1	1
22	0.300	6	0	5	0	0	1
22	0.050	0	1	0	5	1	1
22	0.250	0	0	0	0	0	1
22	0.050	6	0	5	0	0	1
22	0.100	0	4	0	5	0	1
22	0.050	0	0	0	0	1	1
22	0.100	6	0	5	0	0	1
22	0.050	0	4	0	5	0	1
22	0.100	6	0	5	0	0	1
22	0.150	0	0	0	0	1	1
23	0.350	6	1	5	5	1	1
23	0.250	0	0	0	0	0	1
23	0.050	6	0	5	0	0	1
23	0.150	0	4	0	5	1	1
23	0.100	6	0	5	0	0	1
23	0.050	0	4	0	5	0	1
23	0.100	6	0	5	0	0	1
23	0.150	0	0	0	0	1	1
23	0.300	6	1	5	5	0	1
23	0.050	0	0	0	0	1	1
23	0.250	6	0	5	0	0	1
23	0.150	0	4	0	5	1	1
23	0.150	6	4	5	5	0	1
23	0.200	6	0	5	0	0	1
23	0.100	0	0	0	0	1	1
24	0.300	6	1	5	5	1	1
24	0.300	0	0	0	0	0	1
24	0.050	6	0	5	0	0	1
24	0.100	0	4	0	5	1	1
24	0.150	6	4	5	5	0	1
24	0.150	6	0	5	0	0	1
24	0.150	0	0	0	0	1	1
24	0.050	0	8	0	5	0	1
24	0.250	6	5	5	5	1	1
24	0.300	6	0	5	0	0	1
24	0.150	0	4	0	5	1	1
24	0.100	6	0	5	0	0	1
24	0.050	0	4	0	5	0	1
24	0.150	6	0	5	0	0	1
25	0.200	0	0	0	0	1	1
25	0.250	6	0	5	0	0	1
25	0.050	0	1	0	5	0	1
25	0.250	0	0	0	0	1	1
25	0.050	6	0	5	0	0	1
25	0.100	0	4	0	5	0	1
25	0.150	6	4	5	5	0	1
25	0.150	6	0	5	0	0	1
25	0.200	0	0	0	0	1	1
25	0.250	5	5	5	5	0	0
25	0.050	6	1	5	5	1	0
25	0.300	6	0	5	0	0	0
25	0.100	0	0	0	0	1	0
25	0.050	0	4	0	5	0	0
25	0.100	6	0	5	0	0	1
25	0.050	0	4	0	5	0	1
25	0.100	6	0	5	0	0	1
26	0.150	0	0	0	0	1	1
26	0.300	6	0	5	0	1	1
26	0.050	0	1	0	5	0	1
26	0.250	0	0	0	0	0	1
26	0.050	6	0	5	0	0	1
26	0.150	0	4	0	5	1	1
26	0.100	6	0	5	0	0	1
26	0.050	0	4	0	5	0	1
26	0.100	6	0	5	0	0	1
26	0.150	0	0	0	0	1	1
26	0.050	0	8	0	5	0	1
26	0.300	6	1	5	5	1	1
26	0.250	0	0	0	0	0	1
26	0.050	6	0	5	0	0	1
26	0.150	0	4	0	5	1	1
26	0.100	6	0	5	0	0	1
26	0.050	0	4	0	5	0	1
26	0.100	6	0	5	0	0	1
27	0.150	0	0	0	0	1	1
27	0.050	0	8	0	5	0	1
27	0.250	0	0	0	0	1	1
27	0.050	6	1	5	5	0	1
27	0.250	0	0	0	0	0	1
27	0.050	6	0	5	0	0	1
27	0.150	6	4	5	5	1	1
27	0.050	6	0	5	0	0	1
27	0.100	0	4	0	5	0	1
27	0.100	6	0	5	0	0	1
27	0.150	0	0	0	0	1	1
27	0.050	0	8	0	5	0	1
27	0.250	6	0	5	0	1	1
27	0.050	0	1	0	5	0	1
27	0.250	6	0	5	0	0	1
27	0.150	0	4	0	5	1	1
27	0.150	0	4	0	5	0	1
27	0.050	6	0	5	0	0	1
28	0.150	6	0	5	0	0	1
28	0.100	0	0	0	0	1	1
28	0.300	6	0	5	0	1	1
28	0.050	0	1	0	5	0	1
28	0.300	6	0	5	0	0	1
28	0.100	0	4	0	5	0	1
28	0.050	0	0	0	0	1	1
28	0.150	6	4	5	5	0	1
28	0.150	6	0	5	0	0	1
28	0.150	0	0	0	0	1	1
28	0.300	6	1	5	5	1	1
28	0.300	6	0	5	0	0	1
28	0.150	0	4	0	5	1	1
28	0.150	6	4	5	5	0	1
29	0.150	6	0	5	0	0	1
29	0.150	0	0	0	0	1	1
29	0.200	6	0	5	0	0	1
29	0.100	0	0	0	0	1	1
29	0.050	0	1	0	5	0	1
29	0.250	6	0	5	0	0	1
29	0.150	0	4	0	5	1	1
29	0.150	6	4	5	5	0	1
29	0.150	6	0	5	0	0	1
29	0.150	0	0	0	0	1	1
29	0.300	6	0	5	0	0	1
29	0.050	0	1	0	5	1	1
29	0.250	6	0	5	0	0	1
29	0.150	0	4	0	5	0	1
29	0.050	0	0	0	0	1	1
29	0.100	0	4	0	5	0	1
30	0.050	6	0	5	0	0	1
30	0.150	6	0	5	0	0	1
30	0.100	0	0	0	0	1	1
30	0.050	6	0	5	0	0	1
30	0.150	0	6	0	5	0	1
30	0.100	0	0	0	0	1	1
30	0.050	0	1	0	5	0	1
30	0.250	6	0	5	0	0	1
30	0.200	0	4	0	5	1	1
30	0.150	6	4	5	5	0	1
30	0.150	6	0	5	0	0	1
30	0.100	0	0	0	0	0	1
30	0.050	0	0	0	0	1	1
30	0.300	6	1	5	5	1	1
30	0.250	6	0	5	0	0	1
30	0.150	0	4	0	5	1	1
30	0.150	6	4	5	5	0	1
31	0.200	6	0	5	0	0	1
31	0.100	0	5	0	5	1	1
31	0.150	6	0	5	0	0	1
31	0.150	0	1	0	5	1	1
31	0.300	6	0	5	0	0	1
31	0.150	0	4	0	5	1	1
31	0.150	6	4	5	5	0	1
31	0.150	6	0	5	0	0	1
31	0.150	6	0	5	0	1	1
31	0.300	6	1	5	5	1	1
31	0.300	6	0	5	0	0	1
31	0.150	0	4	0	5	1	1
31	0.150	6	4	5	5	0	1
32	0.150	6	0	5	0	0	1
32	0.150	0	0	0	0	1	1
32	0.150	6	0	5	0	0	1
32	0.150	0	1	0	5	1	1
32	0.300	6	0	5	0	0	1
32	0.150	0	4	0	5	1	1
32	0.150	6	4	5	5	0	1
32	0.200	6	0	5	0	0	1
32	0.100	6	0	5	0	1	1
32	0.300	6	0	5	0	0	1
32	0.050	0	1	0	5	1	1
32	0.250	6	0	5	0	0	1
32	0.150	0	4	0	5	1	1
32	0.150	6	4	5	5	0	1
33	0.150	6	0	5	0	0	1
33	0.150	0	0	0	0	1	1
33	0.150	6	0	5	0	0	1
33	0.150	0	1	0	5	1	1
33	0.300	6	0	5	0	0	1
33	0.150	0	4	0	5	1	1
33	0.200	6	4	5	5	0	1
33	0.150	6	0	5	0	0	1
33	0.100	0	0	0	0	1	1
33	0.300	6	1	5	5	1	1
33	0.300	6	0	5	0	0	1
33	0.150	0	4	0	5	1	1
33	0.150	6	4	5	5	0	1
34	0.200	6	0	5	0	0	1
34	0.100	0	0	0	0	1	1
34	0.150	6	0	5	0	0	1
34	0.150	0	1	0	5	1	1
34	0.300	6	0	5	0	0	1
34	0.150	0	4	0	5	1	1
34	0.150	6	4	5	5	0	1
34	0.200	6	0	5	0	0	1
34	0.050	0	0	0	0	0	1
34	0.050	0	0	0	0	1	1
34	0.300	6	1	5	5	1	1
34	0.300	6	0	5	0	0	1
34	0.150	0	4	0	5	1	1
34	0.150	6	4	5	5	0	1
35	0.150	6	0	5	0	0	1
35	0.150	0	5	0	5	1	1
35	0.150	6	0	5	0	0	1
35	0.150	0	1	0	5	1	1
35	0.300	6	0	5	0	0	1
35	0.150	0	4	0	5	1	1
35	0.150	6	4	5	5	0	1
35	0.200	6	0	5	0	0	1
35	0.100	0	0	0	0	1	1
35	0.300	6	1	5	5	1	1
35	0.300	6	0	5	0	0	1
35	0.150	0	4	0	5	1	1
35	0.150	6	4	5	5	0	1
36	0.150	6	0	5	0	0	1
36	0.150	0	0	0	0	1	1
36	0.150	6	0	5	0	0	1
36	0.150	6	1	5	5	1	1
36	0.300	6	0	5	0	0	1
36	0.150	0	4	0	5	1	1
36	0.150	6	4	5	5	0	1
36	0.150	6	0	5	0	0	1
36	0.150	0	0	0	0	1	1
36	0.300	6	1	5	5	1	1
36	0.300	6	0	5	0	0	1
36	0.150	0	4	0	5	1	1
36	0.150	6	4	5	5	0	1
37	0.150	6	0	5	0	0	1
37	0.100	0	5	0	5	0	0
37	0.050	0	0	0	0	1	1
37	0.250	6	5	5	5	0	1
37	0.050	0	1	0	5	1	1
37	0.300	6	0	5	0	0	1
37	0.100	0	4	0	5	0	1
37	0.050	0	0	0	0	1	1
37	0.100	6	0	5	0	0	1
37	0.050	0	4	0	5	0	1
37	0.150	6	0	5	0	0	1
37	0.150	0	0	0	0	1	1
37	0.250	6	0	5	0	1	1
37	0.050	0	1	0	5	0	1
37	0.250	0	0	0	0	0	1
37	0.050	6	0	5	0	0	1
37	0.100	0	4	0	5	0	1
37	0.050	0	0	0	0	1	1
37	0.100	6	4	5	5	0	1
38	0.200	6	0	5	0	0	1
38	0.100	0	5	0	5	1	1
38	0.050	0	8	0	5	0	1
38	0.050	6	0	5	0	0	1
38	0.100	0	5	0	5	0	0
38	0.100	6	5	5	5	0	0
38	0.050	0	1	0	5	1	1
38	0.300	6	0	5	0	0	1
38	0.100	0	4	0	5	1	1
38	0.150	6	5	5	5	0	1
38	0.150	6	0	5	0	0	1
38	0.150	6	0	5	0	1	1
38	0.300	6	0	5	0	0	1
38	0.050	0	1	0	5	0	1
38	0.250	0	0	0	0	1	1
38	0.050	6	0	5	0	0	1
38	0.100	0	4	0	5	0	1
38	0.150	6	4	5	5	0	1
39	0.050	0	0	0	0	1	1
39	0.100	6	0	5	0	0	1
39	0.200	0	0	0	0	1	1
39	0.050	0	8	0	5	0	1
39	0.250	6	1	5	5	0	1
39	0.300	6	0	5	0	0	1
39	0.100	0	4	0	5	0	1
39	0.150	6	4	5	5	0	1
39	0.050	0	0	0	0	1	1
39	0.100	6	0	5	0	0	1
39	0.150	0	0	0	0	1	1
39	0.300	6	1	5	5	0	1
39	0.300	6	0	5	0	0	1
39	0.150	0	4	0	5	0	1
40	0.200	0	1	0	5	0	1
40	0.100	0	1	0	5	0	1
40	0.200	0	1	0	5	0	1
40	0.250	0	1	0	5	0	1
40	0.350	0	1	0	5	0	1
40	0.250	0	1	0	5	0	1
40	0.150	0	1	0	5	0	1
40	0.150	0	1	0	5	0	1
40	0.350	6	1	5	5	1	1
40	0.300	6	0	5	0	0	1
41	0.150	0	4	0	5	1	1
41	0.150	6	4	5	5	0	1
41	0.150	6	0	5	0	0	1
41	0.100	0	5	0	5	1	1
41	0.300	0	0	0	0	1	1
41	0.050	6	1	5	5	0	1
41	0.250	0	5	0	5	0	1
41	0.050	6	0	5	0	0	1
41	0.100	0	0	0	0	1	1
41	0.050	0	4	0	5	0	1
41	0.100	6	4	5	5	0	1
41	0.150	6	0	5	0	0	1
41	0.150	0	0	0	0	1	1
41	0.300	6	1	5	5	1	1
41	0.300	0	0	0	0	0	1
41	0.050	6	0	5	0	0	1
42	0.100	0	4	0	5	0	1
42	0.050	0	0	0	0	1	1
42	0.100	6	4	5	5	0	1
42	0.200	6	0	5	0	0	1
42	0.100	0	0	0	0	1	1
42	0.300	6	1	5	5	1	1
42	0.300	0	0	0	0	0	1
42	0.050	6	0	5	0	0	1
42	0.100	0	4	0	5	0	1
42	0.050	0	0	0	0	1	1
42	0.100	6	0	5	0	0	1
42	0.050	0	4	0	5	0	1
42	0.150	6	0	5	0	0	1
42	0.100	0	0	0	0	0	1
42	0.050	0	0	0	0	1	1
42	0.300	6	1	5	5	1	1
42	0.250	0	0	0	0	0	1
42	0.050	6	0	5	0	0	1
43	0.150	0	4	0	5	1	1
43	0.100	6	0	5	0	0	1
43	0.050	0	4	0	5	0	1
43	0.150	6	0	5	0	0	1
43	0.150	0	0	0	0	1	1
43	0.300	6	1	5	5	1	1
43	0.300	6	0	5	0	0	1
43	0.150	0	4	0	5	1	1
43	0.100	6	0	5	0	0	1
43	0.050	0	4	0	5	0	1
43	0.150	6	0	5	0	0	1
43	0.150	0	0	0	0	1	1
43	0.300	6	1	5	5	1	1
43	0.300	6	0	5	0	0	1
44	0.150	0	4	0	5	1	1
44	0.100	6	0	5	0	0	1
44	0.050	0	4	0	5	0	1
44	0.150	6	0	5	0	0	1
44	0.150	0	0	0	0	1	1
44	0.250	6	1	5	5	0	1
44	0.050	0	0	0	0	1	1
44	0.300	6	0	5	0	0	1
44	0.100	0	4	0	5	0	1
44	0.050	0	0	0	0	1	1
44	0.150	6	4	5	5	0	1
44	0.200	6	0	5	0	0	1
44	0.100	0	0	0	0	1	1
44	0.300	6	1	5	5	1	1
44	0.300	6	0	5	0	0	1
45	0.150	0	4	0	5	1	1
45	0.150	6	4	5	5	0	1
45	0.150	6	0	5	0	0	1
45	0.150	0	0	0	0	1	1
45	0.150	6	0	5	0	0	1
45	0.150	0	1	0	5	1	1
45	0.300	6	5	5	5	0	0
45	0.150	0	4	0	5	1	0
45	0.150	6	4	5	5	0	0
45	0.150	6	0	5	0	0	0
45	0.100	0	0	0	0	0	1
45	0.050	0	0	0	0	1	1
45	0.300	6	1	5	5	1	1
45	0.300	6	0	5	0	0	1
46	0.150	0	4	0	5	1	1
46	0.150	6	4	5	5	0	1
46	0.150	6	0	5	0	0	1
46	0.100	0	0	0	0	0	1
46	0.050	0	0	0	0	1	1
46	0.150	6	0	5	0	0	1
46	0.150	0	1	0	5	1	1
46	0.300	6	0	5	0	0	1
46	0.150	0	4	0	5	1	1
46	0.150	6	4	5	5	0	1
46	0.150	6	0	5	0	0	1
46	0.150	6	0	5	0	1	1
46	0.300	6	1	5	5	1	1
46	0.300	6	0	5	0	0	1
47	0.150	0	4	0	5	1	1
47	0.150	6	4	5	5	0	1
47	0.150	6	0	5	0	0	1
47	0.150	0	0	0	0	1	1
47	0.150	6	0	5	0	0	1
47	0.150	0	1	0	5	1	1
47	0.300	6	0	5	0	0	1
47	0.150	0	4	0	5	1	1
47	0.150	6	4	5	5	0	1
47	0.150	6	0	5	0	0	1
47	0.150	6	0	5	0	1	1
47	0.300	6	1	5	5	1	1
47	0.300	6	0	5	0	0	1
48	0.150	0	4	0	5	1	1
48	0.150	6	4	5	5	0	1
48	0.150	6	0	5	0	0	1
48	0.050	0	5	0	5	0	0
48	0.050	0	0	0	0	0	1
48	0.050	0	0	0	0	1	1
48	0.150	6	0	5	0	0	1
48	0.150	0	1	0	5	1	1
48	0.250	6	0	5	0	0	1
48	0.050	0	0	0	0	0	1
48	0.100	6	0	5	0	0	1
48	0.050	0	4	0	5	1	1
48	0.150	6	4	5	5	0	1
48	0.150	6	0	5	0	0	1
48	0.150	6	0	5	0	1	1
48	0.300	6	1	5	5	1	1
48	0.300	6	0	5	0	0	1
49	0.150	0	4	0	5	1	1
49	0.150	6	4	5	5	0	1
49	0.150	6	0	5	0	0	1
49	0.100	0	0	0	0	1	1
49	0.300	6	0	5	0	0	1
49	0.050	0	1	0	5	1	1
49	0.300	6	0	5	0	0	1
49	0.100	0	4	0	5	1	1
49	0.150	6	4	5	5	0	1
49	0.150	6	0	5	0	0	1
49	0.150	6	0	5	0	0	1
49	0.050	0	0	0	0	1	1
49	0.250	6	1	5	5	1	1
49	0.300	0	0	0	0	0	1
49	0.050	6	0	5	0	0	1
50	0.100	0	4	0	5	0	1
50	0.050	0	0	0	0	1	1
50	0.100	6	4	5	5	0	1
50	0.150	6	0	5	0	0	1
50	0.150	0	5	0	5	1	1
50	0.250	0	5	0	5	0	0
50	0.050	6	5	5	5	1	1
50	0.300	6	0	5	0	0	1
50	0.150	0	4	0	5	1	1
50	0.150	6	5	5	5	0	1
50	0.150	6	0	5	0	0	1
50	0.150	6	0	5	0	1	1
50	0.300	6	1	5	5	1	1
50	0.250	0	5	0	5	0	0
50	0.050	6	0	5	0	0	1
51	0.150	0	4	0	5	1	1
51	0.150	6	4	5	5	0	1
51	0.150	6	0	5	0	0	1
51	0.150	0	5	0	5	1	1
51	0.300	6	5	5	5	1	1
51	0.300	6	0	5	0	0	1
51	0.150	0	4	0	5	1	1
51	0.100	0	5	0	5	0	0
51	0.050	6	4	5	5	0	1
51	0.150	6	0	5	0	0	1
51	0.150	6	0	5	0	1	1
51	0.300	6	1	5	5	1	1
51	0.300	6	0	5	0	0	1
52	0.150	0	4	0	5	1	1
52	0.150	6	4	5	5	0	1
52	0.150	6	0	5	0	0	1
52	0.150	6	5	5	5	1	1
52	0.200	6	0	5	0	0	1
52	0.100	0	0	0	0	1	1
52	0.050	0	1	0	5	0	1
52	0.250	6	0	5	0	0	1
52	0.150	0	4	0	5	1	1
52	0.150	6	4	5	5	0	1
52	0.150	6	0	5	0	0	1
52	0.150	0	0	0	0	0	1
52	0.050	0	8	0	5	0	1
52	0.300	6	1	5	5	1	1
52	0.250	0	0	0	0	0	1
53	0.050	6	0	5	0	0	1
53	0.100	0	0	0	0	1	1
53	0.050	0	4	0	5	0	1
53	0.100	0	4	0	5	0	1
53	0.050	6	0	5	0	0	1
53	0.150	6	0	5	0	0	1
53	0.100	0	0	0	0	1	1
53	0.200	6	0	5	0	0	1
53	0.150	0	1	0	5	1	1
53	0.250	6	0	5	0	0	1
53	0.150	0	4	0	5	0	1
53	0.050	0	0	0	0	1	1
53	0.100	6	0	5	0	0	1
53	0.050	0	4	0	5	0	1
53	0.150	6	0	5	0	0	1
53	0.100	0	0	0	0	1	1
53	0.350	6	1	5	5	1	1
53	0.250	0	0	0	0	0	1
54	0.050	6	0	5	0	0	1
54	0.100	0	4	0	5	0	1
54	0.050	0	0	0	0	1	1
54	0.100	6	4	5	5	0	1
54	0.150	6	0	5	0	0	1
54	0.150	0	5	0	5	1	1
54	0.150	6	0	5	0	0	1
54	0.150	5	1	5	5	1	1
54	0.300	6	0	5	0	0	1
54	0.150	0	4	0	5	1	1
54	0.150	4	5	5	5	0	1
54	0.050	6	0	5	0	0	1
54	0.150	6	0	5	0	0	1
54	0.100	0	0	0	0	1	1
54	0.300	6	1	5	5	1	1
54	0.300	6	0	5	0	0	1
55	0.150	0	4	0	5	0	1
55	0.050	0	0	0	0	1	1
55	0.100	6	4	5	5	0	1
55	0.200	6	0	5	0	0	1
55	0.100	0	0	0	0	1	1
55	0.050	0	8	0	5	0	1
55	0.150	6	0	5	0	0	1
55	0.150	0	1	0	5	1	1
55	0.300	6	0	5	0	0	1
55	0.100	0	4	0	5	0	1
55	0.050	0	0	0	0	1	1
55	0.100	6	0	5	0	0	1
55	0.050	0	4	0	5	0	1
55	0.150	6	0	5	0	0	1
55	0.100	0	0	0	0	1	1
55	0.350	6	1	5	5	1	1
56	0.300	6	0	5	0	0	1
56	0.150	0	4	0	5	1	1
56	0.150	6	4	5	5	0	1
56	0.150	6	0	5	0	0	1
56	0.150	0	0	0	0	1	1
56	0.150	6	0	5	0	0	1
56	0.150	0	1	0	5	1	1
56	0.300	6	0	5	0	0	1
56	0.150	0	4	0	5	1	1
56	0.150	6	4	5	5	0	1
56	0.150	6	0	5	0	0	1
56	0.150	0	0	0	0	1	1
56	0.300	6	1	5	5	1	1
57	0.300	6	0	5	0	0	1
57	0.150	0	4	0	5	1	1
57	0.150	6	4	5	5	0	1
57	0.150	6	0	5	0	0	1
57	0.100	0	5	0	5	0	0
57	0.050	0	0	0	0	1	1
57	0.250	0	5	0	5	0	1
57	0.050	6	1	5	5	1	1
57	0.250	0	0	0	0	0	1
57	0.050	6	0	5	0	0	1
57	0.150	0	4	0	5	1	1
57	0.150	6	4	5	5	0	1
57	0.150	6	0	5	0	0	1
57	0.100	0	0	0	0	0	1
57	0.050	0	0	0	0	1	1
57	0.050	6	0	5	0	0	1
57	0.250	6	1	5	5	1	1
58	0.300	6	0	5	0	0	1
58	0.150	0	4	0	5	1	1
58	0.150	6	4	5	5	0	1
58	0.150	6	0	5	0	0	1
58	0.150	0	0	0	0	1	1
58	0.200	6	0	5	0	0	1
58	0.100	0	1	0	5	1	1
58	0.300	6	0	5	0	0	1
58	0.150	0	4	0	5	1	1
58	0.150	6	4	5	5	0	1
58	0.150	6	0	5	0	0	1
58	0.150	0	0	0	0	1	1
58	0.300	6	1	5	5	1	1
59	0.300	6	0	5	0	0	1
59	0.150	0	4	0	5	1	1
59	0.150	6	4	5	5	0	1
59	0.150	6	0	5	0	0	1
59	0.150	0	0	0	0	1	1
59	0.150	6	0	5	0	0	1
59	0.150	0	1	0	5	1	1
59	0.300	6	0	5	0	0	1
59	0.150	0	4	0	5	1	1
59	0.150	6	4	5	5	0	1
59	0.150	6	0	5	0	0	1
59	0.150	0	0	0	0	1	1
59	0.300	6	1	5	5	1	1
60	0.300	6	0	5	0	0	1
60	0.150	0	4	0	5	1	1
60	0.150	6	4	5	5	0	1
60	0.150	6	0	5	0	0	1
60	0.100	0	5	0	5	1	0
60	0.050	6	0	5	0	0	1
60	0.250	0	5	0	5	0	0
60	0.050	6	1	5	5	1	1
60	0.300	6	0	5	0	0	1
60	0.150	0	4	0	5	1	1
60	0.100	6	5	5	5	0	1
60	0.050	0	4	0	5	0	1
60	0.100	6	0	5	0	0	1
60	0.150	0	0	0	0	1	1
60	0.300	0	0	0	0	1	1
60	0.050	6	1	5	5	0	1
61	0.250	0	0	0	0	0	1
61	0.050	6	0	5	0	0	1
61	0.150	0	4	0	5	1	1
61	0.100	6	0	5	0	0	1
61	0.050	0	4	0	5	0	1
61	0.150	6	0	5	0	0	1
61	0.100	0	0	0	0	1	1
61	0.200	6	0	5	0	0	1
61	0.150	0	1	0	5	1	1
61	0.300	6	0	5	0	0	1
61	0.150	0	4	0	5	1	1
61	0.150	6	4	5	5	0	1
61	0.150	6	0	5	0	0	1
61	0.100	0	0	0	0	1	1
61	0.050	0	0	0	0	0	1
61	0.300	6	1	5	5	1	1
62	0.300	6	0	5	0	0	1
62	0.150	0	4	0	5	1	1
62	0.150	6	4	5	5	0	1
62	0.150	6	0	5	0	0	1
62	0.100	0	5	0	5	1	0
62	0.050	0	0	0	0	0	1
62	0.150	6	0	5	0	0	1
62	0.100	0	5	0	5	1	1
62	0.050	0	1	0	5	0	1
62	0.300	6	0	5	0	0	1
62	0.100	0	4	0	5	1	1
62	0.150	0	0	0	0	0	1
62	0.050	6	4	5	5	0	1
62	0.150	6	0	5	0	0	1
62	0.100	0	0	0	0	1	1
62	0.300	6	1	5	5	1	1
63	0.300	0	0	0	0	0	1
63	0.050	6	0	5	0	0	1
63	0.100	0	4	0	5	1	1
63	0.150	6	0	5	0	0	1
63	0.050	0	4	0	5	0	1
63	0.150	6	0	5	0	0	1
63	0.100	0	0	0	0	1	1
63	0.150	6	0	5	0	0	1
63	0.150	0	1	0	5	1	1
63	0.300	6	0	5	0	0	1
63	0.150	0	4	0	5	1	1
63	0.150	0	4	0	5	0	1
63	0.050	6	0	5	0	0	1
63	0.150	6	0	5	0	0	1
63	0.100	0	0	0	0	1	1
63	0.050	6	0	5	0	0	1
63	0.250	0	6	0	5	1	1
64	0.050	0	1	0	5	0	1
64	0.250	0	0	0	0	0	1
64	0.050	6	0	5	0	0	1
64	0.100	0	4	0	5	0	1
64	0.050	0	0	0	0	1	1
64	0.150	6	4	5	5	0	1
64	0.150	6	0	5	0	0	1
64	0.100	0	5	0	5	1	0
64	0.050	0	0	0	0	0	1
64	0.100	6	0	5	0	0	1
64	0.150	5	1	5	5	0	1
64	0.050	0	0	0	0	1	1
64	0.250	6	0	5	0	0	1
64	0.150	0	4	0	5	1	1
64	0.150	4	5	5	5	0	1
64	0.200	6	0	5	0	0	1
64	0.100	0	0	0	0	1	1
64	0.300	6	1	5	5	1	1
65	0.300	6	0	5	0	0	1
65	0.150	0	4	0	5	1	1
65	0.200	6	4	5	5	0	1
65	0.150	6	0	5	0	0	1
65	0.100	0	0	0	0	1	1
65	0.200	6	0	5	0	0	1
65	0.100	0	0	0	0	1	1
65	0.050	0	1	0	5	0	1
65	0.300	6	0	5	0	1	1
65	0.150	0	4	0	5	0	1
65	0.150	6	4	5	5	0	1
65	0.150	6	0	5	0	0	1
65	0.100	0	0	0	0	0	1
66	0.350	6	1	5	5	1	1
66	0.300	6	0	5	0	0	1
66	0.150	0	4	0	5	1	1
66	0.150	6	4	5	5	0	1
66	0.150	6	0	5	0	0	1
66	0.150	0	5	0	5	1	1
66	0.050	0	8	0	5	0	1
66	0.050	6	0	5	0	0	1
66	0.150	6	0	5	0	0	1
66	0.050	0	1	0	5	1	1
66	0.250	6	0	5	0	0	1
66	0.050	0	0	0	0	0	1
66	0.100	6	4	5	5	0	1
66	0.050	0	0	0	0	1	1
66	0.150	6	4	5	5	0	1
66	0.150	6	0	5	0	0	1
66	0.100	0	0	0	0	1	1
67	0.300	6	0	5	0	0	1
67	0.050	0	1	0	5	1	1
67	0.300	6	0	5	0	0	1
67	0.150	0	4	0	5	1	1
67	0.100	6	0	5	0	0	1
67	0.050	0	4	0	5	0	1
67	0.150	6	0	5	0	0	1
67	0.100	0	5	0	5	1	1
67	0.300	5	1	5	5	1	1
67	0.300	6	0	5	0	0	1
67	0.150	0	4	0	5	1	1
67	0.150	4	5	5	5	0	1
67	0.050	6	0	5	0	0	1
67	0.150	6	0	5	0	0	1
67	0.100	0	0	0	0	1	1
68	0.350	6	1	5	5	1	1
68	0.300	6	0	5	0	0	1
68	0.150	0	4	0	5	1	1
68	0.100	6	0	5	0	0	1
68	0.050	0	4	0	5	0	1
68	0.150	6	0	5	0	0	1
68	0.100	0	0	0	0	1	1
68	0.050	0	8	0	5	0	1
68	0.150	6	0	5	0	0	1
68	0.150	0	1	0	5	1	1
68	0.250	0	0	0	0	0	1
68	0.050	6	0	5	0	0	1
68	0.150	0	4	0	5	1	1
68	0.150	6	4	5	5	0	1
68	0.150	6	0	5	0	0	1
69	0.400	0	0	0	0	0	1
69	0.050	6	1	5	5	1	1
69	0.300	6	0	5	0	0	1
69	0.100	0	0	0	0	1	1
69	0.050	0	4	0	5	0	1
69	0.100	0	0	0	0	0	1
69	0.050	6	4	5	5	0	1
69	0.150	6	0	5	0	0	1
69	0.150	6	0	5	0	1	1
69	0.150	0	6	0	5	0	1
69	0.100	0	0	0	0	1	1
69	0.050	0	1	0	5	0	1
69	0.300	6	0	5	0	0	1
69	0.150	0	4	0	5	1	1
69	0.150	6	4	5	5	0	1
69	0.150	6	0	5	0	0	1
70	0.150	0	0	0	0	1	1
70	0.300	6	1	5	5	1	1
70	0.300	6	0	5	0	0	1
70	0.150	0	4	0	5	1	1
70	0.150	6	4	5	5	0	1
70	0.150	6	0	5	0	0	1
70	0.150	0	0	0	0	1	1
70	0.150	6	0	5	0	0	1
70	0.150	0	1	0	5	1	1
70	0.300	6	0	5	0	0	1
70	0.150	0	4	0	5	1	1
70	0.150	6	4	5	5	0	1
70	0.150	6	0	5	0	0	1
71	0.150	0	0	0	0	1	1
71	0.300	6	1	5	5	1	1
71	0.300	6	0	5	0	0	1
71	0.150	0	4	0	5	1	1
71	0.150	6	4	5	5	0	1
71	0.150	6	0	5	0	0	1
71	0.150	0	0	0	0	1	1
71	0.150	6	0	5	0	0	1
71	0.150	0	1	0	5	1	1
71	0.250	6	0	5	0	0	1
71	0.050	0	0	0	0	0	1
71	0.150	0	4	0	5	1	1
71	0.150	6	4	5	5	0	1
71	0.150	6	0	5	0	0	1
72	0.150	6	0	5	0	1	1
72	0.300	6	1	5	5	1	1
72	0.300	6	0	5	0	0	1
72	0.150	0	4	0	5	1	1
72	0.150	6	4	5	5	0	1
72	0.150	6	0	5	0	0	1
72	0.100	0	5	0	5	0	0
72	0.050	6	0	5	0	1	1
72	0.150	6	0	5	0	0	1
72	0.150	0	1	0	5	1	1
72	0.300	6	0	5	0	0	1
72	0.150	6	4	5	5	1	1
72	0.150	6	4	5	5	0	1
72	0.150	6	0	5	0	0	1
73	0.150	0	0	0	0	1	1
73	0.300	6	1	5	5	1	1
73	0.300	6	0	5	0	0	1
73	0.150	0	4	0	5	1	1
73	0.150	6	4	5	5	0	1
73	0.200	6	0	5	0	0	1
73	0.100	6	5	5	5	1	1
73	0.200	6	5	5	5	0	0
73	0.050	0	5	0	5	0	0
73	0.050	0	1	0	5	1	1
73	0.300	6	0	5	0	0	1
73	0.150	0	4	0	5	1	1
73	0.100	0	5	0	5	0	1
73	0.050	6	4	5	5	0	1
73	0.150	6	0	5	0	0	1
74	0.100	0	0	0	0	1	1
74	0.300	0	0	0	0	1	1
74	0.050	6	1	5	5	0	1
74	0.250	0	0	0	0	0	1
74	0.050	6	0	5	0	0	1
74	0.100	0	4	0	5	0	1
74	0.050	0	0	0	0	1	1
74	0.150	6	4	5	5	0	1
74	0.150	6	0	5	0	0	1
74	0.100	0	5	0	5	1	1
74	0.200	6	0	5	0	0	1
74	0.100	0	0	0	0	1	1
74	0.050	0	1	0	5	0	1
74	0.250	6	0	5	0	0	1
74	0.050	0	0	0	0	0	1
74	0.100	0	4	0	5	0	1
74	0.050	0	0	0	0	1	1
74	0.150	6	4	5	5	0	1
74	0.150	6	0	5	0	0	1
75	0.100	0	0	0	0	1	1
75	0.050	6	0	5	0	0	1
75	0.300	6	1	5	5	1	1
75	0.300	6	0	5	0	0	1
75	0.100	0	4	0	5	0	1
75	0.050	0	0	0	0	1	1
75	0.150	6	4	5	5	0	1
75	0.150	6	0	5	0	0	1
75	0.100	0	5	0	5	1	0
75	0.050	0	0	0	0	0	1
75	0.150	6	0	5	0	0	1
75	0.100	0	0	0	0	0	1
75	0.050	0	1	0	5	1	1
75	0.250	6	0	5	0	0	1
75	0.150	0	4	0	5	1	1
75	0.150	0	4	0	5	0	1
75	0.050	6	0	5	0	0	1
75	0.150	6	0	5	0	0	1
76	0.100	0	0	0	0	1	1
76	0.300	6	1	5	5	1	1
76	0.300	0	0	0	0	0	1
76	0.050	6	0	5	0	0	1
76	0.100	0	4	0	5	0	1
76	0.050	0	0	0	0	1	1
76	0.100	0	4	0	5	0	1
76	0.050	6	0	5	0	0	1
76	0.150	6	0	5	0	0	1
76	0.100	0	5	0	5	1	1
76	0.050	6	0	5	0	0	1
76	0.100	6	0	5	0	0	1
76	0.100	0	5	0	5	0	0
76	0.050	6	1	5	5	1	1
76	0.300	6	0	5	0	0	1
76	0.150	0	4	0	5	1	1
76	0.150	6	4	5	5	0	1
76	0.150	6	0	5	0	0	1
77	0.150	0	0	0	0	1	1
77	0.300	6	1	5	5	1	1
77	0.300	6	0	5	0	0	1
77	0.150	0	4	0	5	1	1
77	0.150	6	4	5	5	0	1
77	0.200	6	0	5	0	0	1
77	0.100	0	0	0	0	1	1
77	0.150	6	0	5	0	0	1
77	0.150	0	1	0	5	1	1
77	0.300	6	0	5	0	1	1
77	0.150	6	4	5	5	0	1
77	0.150	6	4	5	5	0	1
77	0.150	6	0	5	0	0	1
78	0.050	0	0	0	0	1	1
78	0.100	6	0	5	0	0	1
78	0.350	6	1	5	5	1	1
78	0.300	6	0	5	0	0	1
78	0.150	0	4	0	5	1	1
78	0.150	6	4	5	5	0	1
78	0.150	6	0	5	0	0	1
78	0.100	0	0	0	0	1	1
78	0.050	0	0	0	0	0	1
78	0.150	6	0	5	0	0	1
78	0.150	0	1	0	5	1	1
78	0.300	6	5	5	5	0	1
78	0.150	0	4	0	5	1	1
78	0.150	6	4	5	5	0	1
79	0.150	6	0	5	0	0	1
79	0.150	6	0	5	0	1	1
79	0.300	6	1	5	5	1	1
79	0.300	6	0	5	0	0	1
79	0.150	0	4	0	5	1	1
79	0.150	6	4	5	5	0	1
79	0.150	6	0	5	0	0	1
79	0.150	0	0	0	0	1	1
79	0.150	6	0	5	0	0	1
79	0.150	5	1	5	5	1	1
79	0.300	6	0	5	0	0	1
79	0.150	0	4	0	5	1	1
79	0.100	0	5	0	5	0	0
79	0.050	6	4	5	5	0	1
80	0.150	6	0	5	0	0	1
80	0.150	0	0	0	0	1	1
80	0.300	6	1	5	5	1	1
80	0.300	6	0	5	0	0	1
80	0.150	0	4	0	5	1	1
80	0.150	6	4	5	5	0	1
80	0.150	6	0	5	0	0	1
80	0.150	0	5	0	5	1	1
80	0.150	6	0	5	0	0	1
80	0.150	5	1	5	5	1	1
80	0.300	6	0	5	0	0	1
80	0.150	0	4	0	5	1	1
80	0.100	0	5	0	5	0	1
80	0.050	6	4	5	5	0	1
81	0.150	6	0	5	0	0	1
81	0.100	0	0	0	0	1	1
81	0.300	6	1	5	5	1	1
81	0.300	0	0	0	0	0	1
81	0.050	6	0	5	0	0	1
81	0.150	0	4	0	5	1	1
81	0.150	6	4	5	5	0	1
81	0.150	6	0	5	0	0	1
81	0.100	0	5	0	5	1	0
81	0.050	0	0	0	0	0	1
81	0.150	6	0	5	0	0	1
81	0.100	6	5	5	5	1	0
81	0.050	0	1	0	5	0	1
81	0.250	6	0	5	0	0	1
81	0.150	0	4	0	5	1	1
81	0.150	4	5	5	5	0	1
81	0.050	6	0	5	0	0	1
82	0.150	6	0	5	0	0	1
82	0.100	6	0	5	0	1	1
82	0.300	6	1	5	5	0	1
82	0.050	0	0	0	0	1	1
82	0.250	0	0	0	0	0	1
82	0.050	6	0	5	0	0	1
82	0.100	0	4	0	5	0	1
82	0.050	0	0	0	0	1	1
82	0.150	6	4	5	5	0	1
82	0.150	6	0	5	0	0	1
82	0.100	0	5	0	5	1	1
82	0.200	6	0	5	0	0	1
82	0.100	0	0	0	0	1	1
82	0.050	0	1	0	5	0	1
82	0.300	6	0	5	0	1	1
82	0.150	0	4	0	5	0	1
82	0.150	6	4	5	5	0	1
83	0.150	6	0	5	0	0	1
83	0.050	0	0	0	0	1	1
83	0.100	6	0	5	0	0	1
83	0.050	6	0	5	0	0	1
83	0.250	6	1	5	5	0	1
83	0.300	6	0	5	0	1	1
83	0.150	0	1	0	5	0	1
83	0.150	6	1	5	5	0	1
83	0.550	6	1	5	5	0	1
83	0.300	0	1	0	5	0	1
83	0.150	4	0	5	0	0	1
83	0.200	3	0	5	0	0	1
84	0.250	0	1	0	5	0	1
84	0.050	0	1	0	5	0	1
84	0.600	3	1	5	5	0	1
84	0.600	4	1	5	5	0	1
84	0.300	4	1	5	5	0	1
84	0.300	3	0	5	0	0	1
84	0.150	0	1	0	5	0	1
84	0.150	0	1	0	5	0	1
85	0.300	3	1	5	5	0	1
85	0.600	4	1	5	5	0	1
85	0.600	4	1	5	5	0	1
85	0.300	3	0	5	0	0	1
85	0.150	0	1	0	5	0	1
85	0.150	0	1	0	5	0	1
85	0.100	0	1	0	5	0	1
85	0.200	4	0	5	0	0	1
86	0.300	3	0	5	0	0	1
86	0.300	0	1	0	5	0	1
86	0.150	4	0	5	0	0	1
86	0.150	0	1	0	5	0	1
86	0.150	1	0	5	0	0	1
86	0.150	0	4	0	5	0	1
86	0.300	3	0	5	0	0	1
86	0.300	0	1	0	5	0	1
86	0.300	0	1	0	5	0	1
86	0.150	4	0	5	0	0	1
86	0.150	0	1	0	5	0	1
87	0.300	3	1	5	5	0	1
87	0.300	0	1	0	5	0	1
87	0.300	3	4	5	5	0	1
87	0.300	0	1	0	5	0	1
87	0.300	3	1	5	5	0	1
87	0.300	6	1	5	5	1	1
87	0.300	6	0	5	0	0	1
87	0.150	0	4	0	5	1	1
87	0.150	6	0	5	0	0	1
88	0.150	6	0	5	0	0	1
88	0.150	0	0	0	0	1	1
88	0.050	0	8	0	5	0	1
88	0.050	6	0	5	0	0	1
88	0.200	6	1	5	5	1	1
88	0.300	6	5	5	5	0	1
88	0.150	0	4	0	5	1	1
88	0.150	6	0	5	0	0	1
88	0.150	6	0	5	0	0	1
88	0.150	0	1	0	5	1	1
88	0.300	6	1	5	5	1	1
88	0.300	6	0	5	0	0	1
88	0.150	0	4	0	5	1	1
88	0.150	6	0	5	0	0	1
89	0.150	6	0	5	0	0	1
89	0.150	0	1	0	5	1	1
89	0.150	6	0	5	0	0	1
89	0.150	0	4	0	5	1	1
89	0.250	6	0	5	0	0	1
89	0.050	0	1	0	5	0	1
89	0.150	0	0	0	0	1	1
89	0.150	6	0	5	0	0	1
89	0.150	0	1	0	5	0	1
89	0.100	6	0	5	0	0	1
89	0.050	0	0	0	0	1	1
89	0.300	6	1	5	5	1	1
89	0.250	0	0	0	0	0	1
89	0.050	6	0	5	0	0	1
89	0.150	0	4	0	5	1	1
89	0.150	6	0	5	0	0	1
90	0.150	6	0	5	0	0	1
90	0.100	0	5	0	5	1	0
90	0.050	6	0	5	0	0	0
90	0.250	6	1	5	5	1	0
90	0.300	0	0	0	0	0	1
90	0.050	6	0	5	0	0	1
90	0.100	0	4	0	5	0	1
90	0.050	0	0	0	0	1	1
90	0.150	6	0	5	0	0	1
90	0.150	6	0	5	0	0	1
90	0.100	0	0	0	0	1	1
90	0.300	6	1	5	5	1	1
90	0.300	6	0	5	0	0	1
90	0.150	0	4	0	5	1	1
90	0.150	6	0	5	0	0	1
91	0.200	6	0	5	0	0	1
91	0.100	0	5	0	5	1	1
91	0.050	0	1	0	5	0	1
91	0.150	6	0	5	0	0	1
91	0.100	0	4	0	5	1	1
91	0.300	6	1	5	5	0	1
91	0.200	0	0	0	0	1	1
91	0.100	6	4	5	5	0	1
91	0.300	0	0	0	0	1	1
91	0.050	0	8	0	5	0	1
91	0.250	0	0	0	0	1	1
91	0.050	6	1	5	5	0	1
91	0.250	0	5	0	5	0	0
91	0.050	6	0	5	0	0	0
91	0.150	0	4	0	5	1	0
92	0.150	6	0	5	0	0	0
92	0.150	6	6	5	5	0	0
92	0.100	0	5	0	5	1	0
92	0.300	6	1	5	5	0	0
92	0.050	0	0	0	0	1	0
92	0.250	6	0	5	0	0	1
92	0.150	6	4	5	5	0	1
92	0.050	0	0	0	0	1	1
92	0.150	6	0	5	0	0	1
92	0.100	6	0	5	0	0	1
92	0.050	6	0	5	0	0	1
92	0.100	0	0	0	0	1	1
92	0.300	6	1	5	5	0	1
92	0.050	0	0	0	0	1	1
92	0.250	0	0	0	0	0	1
92	0.050	6	0	5	0	0	1
92	0.100	6	0	5	0	0	1
92	0.050	0	4	0	5	1	1
93	0.150	6	0	5	0	0	1
93	0.150	6	6	5	5	0	1
93	0.100	0	5	0	5	1	0
93	0.050	0	1	0	5	0	0
93	0.150	6	0	5	0	0	0
93	0.100	0	0	0	0	1	0
93	0.300	6	1	5	5	0	1
93	0.200	0	0	0	0	1	1
93	0.100	6	0	5	0	0	1
93	0.150	0	4	0	5	0	1
93	0.150	0	1	0	5	1	1
93	0.300	0	0	0	0	1	1
93	0.050	6	1	5	5	0	1
93	0.250	6	0	5	0	0	1
93	0.150	0	4	0	5	1	1
94	0.200	6	0	5	0	0	1
94	0.150	6	6	5	5	0	1
94	0.100	5	1	5	5	1	0
94	0.200	6	0	5	0	0	0
94	0.100	6	1	5	5	1	0
94	0.050	6	0	5	0	0	0
94	0.250	6	0	5	0	0	1
94	0.150	0	4	0	5	1	1
94	0.150	6	0	5	0	0	1
94	0.150	6	0	5	0	0	1
94	0.050	6	0	5	0	0	1
94	0.100	6	0	5	0	1	1
94	0.300	6	1	5	5	1	1
94	0.300	6	0	5	0	0	1
94	0.150	0	4	0	5	1	1
95	0.150	6	0	5	0	0	1
95	0.050	0	4	0	5	0	1
95	0.100	6	0	5	0	0	1
95	0.150	6	5	5	5	1	0
95	0.300	6	1	5	5	0	0
95	0.050	0	0	0	0	1	0
95	0.250	6	0	5	0	0	1
95	0.150	0	4	0	5	0	1
95	0.050	0	0	0	0	1	1
95	0.100	6	0	5	0	0	1
95	0.050	0	4	0	5	0	1
95	0.100	6	0	5	0	0	1
95	0.150	0	5	0	5	1	0
95	0.300	6	1	5	5	0	0
95	0.050	0	0	0	0	1	0
95	0.300	6	0	5	0	0	1
96	0.150	0	4	0	5	1	1
96	0.150	6	4	5	5	0	1
96	0.150	6	0	5	0	0	1
96	0.150	0	5	0	5	1	0
96	0.250	6	0	5	0	0	0
96	0.050	0	1	0	5	1	0
96	0.300	6	0	5	0	0	1
96	0.150	0	4	0	5	1	1
96	0.150	6	4	5	5	0	1
96	0.150	6	0	5	0	0	1
96	0.150	0	0	0	0	1	1
96	0.150	6	0	5	0	0	1
96	0.150	0	1	0	5	1	1
96	0.300	6	0	5	0	0	1
97	0.150	0	4	0	5	1	1
97	0.150	6	4	5	5	0	1
97	0.150	6	0	5	0	0	1
97	0.150	0	5	0	5	1	0
97	0.300	6	1	5	5	1	0
97	0.300	6	0	5	0	0	1
97	0.150	0	4	0	5	1	1
97	0.150	6	4	5	5	0	1
97	0.150	6	0	5	0	0	1
97	0.150	6	0	5	0	1	1
97	0.150	0	6	0	5	0	1
97	0.150	0	1	0	5	1	1
97	0.300	6	0	5	0	0	1
98	0.150	0	4	0	5	1	1
98	0.150	6	4	5	5	0	1
98	0.150	6	0	5	0	0	1
98	0.150	6	0	5	0	1	1
98	0.300	6	1	5	5	1	1
98	0.300	6	0	5	0	0	1
98	0.150	6	4	5	5	1	1
98	0.150	6	4	5	5	0	1
98	0.150	6	0	5	0	0	1
98	0.150	0	0	0	0	1	1
98	0.150	6	0	5	0	0	1
98	0.150	0	1	0	5	1	1
98	0.300	6	0	5	0	0	1
99	0.150	0	4	0	5	1	1
99	0.150	6	4	5	5	0	1
99	0.150	6	0	5	0	0	1
99	0.150	6	0	5	0	1	1
99	0.300	6	1	5	5	1	1
99	0.300	6	0	5	0	0	1
99	0.150	0	4	0	5	1	1
99	0.150	6	4	5	5	0	1
99	0.150	6	0	5	0	0	1
99	0.150	6	0	5	0	1	1
99	0.150	0	6	0	5	0	1
99	0.150	0	1	0	5	1	1
99	0.300	6	0	5	0	0	1
100	0.150	0	4	0	5	1	1
100	0.150	6	4	5	5	0	1
100	0.150	6	0	5	0	0	1
100	0.100	0	0	0	0	0	1
100	0.050	6	0	5	0	1	1
100	0.300	6	1	5	5	1	1
100	0.300	6	0	5	0	0	1
100	0.150	0	4	0	5	1	1
100	0.150	6	4	5	5	0	1
100	0.150	6	0	5	0	0	1
100	0.100	0	0	0	0	1	1
100	0.200	6	0	5	0	0	1
100	0.150	0	1	0	5	1	1
100	0.250	6	0	5	0	0	1
101	0.200	0	4	0	5	1	1
101	0.150	6	4	5	5	0	1
101	0.150	6	0	5	0	0	1
101	0.100	0	0	0	0	1	1
101	0.050	0	0	0	0	0	1
101	0.300	6	1	5	5	1	1
101	0.300	6	0	5	0	0	1
101	0.100	0	0	0	0	1	1
101	0.050	0	4	0	5	0	1
101	0.150	6	4	5	5	0	1
101	0.150	6	0	5	0	0	1
101	0.100	0	5	0	5	1	1
101	0.300	6	5	5	5	1	1
101	0.300	6	0	5	0	0	1
102	0.150	0	4	0	5	1	1
102	0.150	6	5	5	5	0	1
102	0.150	6	0	5	0	0	1
102	0.150	0	0	0	0	1	1
102	0.300	6	1	5	5	1	1
102	0.250	0	0	0	0	0	1
102	0.050	6	0	5	0	0	1
102	0.150	0	4	0	5	1	1
102	0.150	6	4	5	5	0	1
102	0.150	6	0	5	0	0	1
102	0.100	0	5	0	5	1	0
102	0.050	0	0	0	0	0	1
102	0.050	0	8	0	5	0	1
102	0.150	6	0	5	0	0	1
102	0.050	0	0	0	0	1	1
102	0.050	0	1	0	5	0	1
102	0.300	6	0	5	0	0	1
103	0.100	0	0	0	0	1	1
103	0.050	0	4	0	5	0	1
103	0.150	6	4	5	5	0	1
103	0.150	6	0	5	0	0	1
103	0.150	6	0	5	0	1	1
103	0.300	6	1	5	5	1	1
103	0.300	6	0	5	0	0	1
103	0.150	0	4	0	5	1	1
103	0.150	6	4	5	5	0	1
103	0.150	6	0	5	0	0	1
103	0.100	0	5	0	5	0	0
103	0.050	0	5	0	5	1	1
103	0.150	6	0	5	0	0	1
103	0.150	6	1	5	5	1	1
103	0.300	6	0	5	0	0	1
104	0.150	0	4	0	5	1	1
104	0.150	0	4	0	5	0	1
104	0.050	6	0	5	0	0	1
104	0.150	6	0	5	0	0	1
104	0.100	0	0	0	0	1	1
104	0.300	6	1	5	5	1	1
104	0.300	0	0	0	0	0	1
104	0.050	6	0	5	0	0	1
104	0.100	0	4	0	5	1	1
104	0.200	6	4	5	5	0	1
104	0.150	6	0	5	0	0	1
104	0.100	0	0	0	0	1	1
104	0.200	6	0	5	0	0	1
104	0.100	0	0	0	0	1	1
104	0.050	0	1	0	5	0	1
104	0.250	6	0	5	0	0	1
105	0.150	0	4	0	5	1	1
105	0.150	6	0	5	0	0	1
105	0.050	0	4	0	5	0	1
105	0.150	6	0	5	0	0	1
105	0.100	0	0	0	0	1	1
105	0.300	6	1	5	5	1	1
105	0.300	6	0	5	0	0	1
105	0.150	0	4	0	5	1	1
105	0.200	6	4	5	5	0	1
105	0.150	6	0	5	0	0	1
105	0.100	0	0	0	0	1	1
105	0.200	6	0	5	0	0	1
105	0.100	0	0	0	0	1	1
105	0.050	0	1	0	5	0	1
105	0.250	0	0	0	0	0	1
106	0.050	6	0	5	0	0	1
106	0.150	0	4	0	5	1	1
106	0.150	6	4	5	5	0	1
106	0.150	6	0	5	0	0	1
106	0.100	0	0	0	0	1	1
106	0.050	0	0	0	0	0	1
106	0.300	6	1	5	5	1	1
106	0.300	6	0	5	0	0	1
106	0.150	0	4	0	5	1	1
106	0.150	6	4	5	5	0	1
106	0.150	6	0	5	0	0	1
106	0.150	0	0	0	0	1	1
106	0.150	6	0	5	0	0	1
106	0.150	0	1	0	5	1	1
107	0.300	6	0	5	0	0	1
107	0.150	0	4	0	5	1	1
107	0.150	6	4	5	5	0	1
107	0.150	6	0	5	0	0	1
107	0.150	0	0	0	0	1	1
107	0.250	0	0	0	0	1	1
107	0.050	6	1	5	5	0	1
107	0.300	6	0	5	0	0	1
107	0.150	0	4	0	5	1	1
107	0.150	6	4	5	5	0	1
107	0.150	6	0	5	0	0	1
107	0.100	0	0	0	0	1	1
107	0.050	6	0	5	0	0	1
107	0.150	0	6	0	5	0	1
107	0.100	0	0	0	0	1	1
107	0.050	0	1	0	5	0	1
108	0.300	6	0	5	0	0	1
108	0.150	6	4	5	5	1	1
108	0.150	6	4	5	5	0	1
108	0.150	6	0	5	0	0	1
108	0.150	0	0	0	0	1	1
108	0.300	6	1	5	5	1	1
108	0.300	6	0	5	0	0	1
108	0.150	0	4	0	5	1	1
108	0.150	6	4	5	5	0	1
108	0.150	6	0	5	0	0	1
108	0.100	0	5	0	5	0	0
108	0.050	0	0	0	0	1	1
108	0.150	6	0	5	0	0	1
108	0.100	0	0	0	0	0	1
108	0.050	6	1	5	5	1	1
109	0.300	6	0	5	0	0	1
109	0.150	0	4	0	5	1	1
109	0.100	0	0	0	0	0	1
109	0.050	6	4	5	5	0	1
109	0.150	6	0	5	0	0	1
109	0.150	6	0	5	0	1	1
109	0.150	0	6	0	5	0	1
109	0.150	6	1	5	5	1	1
109	0.300	6	0	5	0	0	1
109	0.150	0	4	0	5	1	1
109	0.150	6	4	5	5	0	1
109	0.200	6	0	5	0	0	1
109	0.100	0	0	0	0	1	1
109	0.200	6	0	5	0	0	1
109	0.100	5	1	5	5	1	1
110	0.300	6	0	5	0	0	1
110	0.150	0	4	0	5	1	1
110	0.150	6	4	5	5	0	1
110	0.150	6	0	5	0	0	1
110	0.150	0	0	0	0	1	1
110	0.150	6	0	5	0	0	1
110	0.150	6	1	5	5	1	1
110	0.300	6	0	5	0	0	1
110	0.150	6	4	5	5	1	1
110	0.150	6	4	5	5	0	1
110	0.150	6	0	5	0	0	1
110	0.150	0	0	0	0	1	1
110	0.150	6	0	5	0	0	1
110	0.150	0	1	0	5	1	1
111	0.300	6	0	5	0	0	1
111	0.150	0	4	0	5	1	1
111	0.150	6	4	5	5	0	1
111	0.150	6	0	5	0	0	1
111	0.150	0	0	0	0	1	1
111	0.100	6	0	5	0	0	1
111	0.200	0	1	0	5	1	1
111	0.300	6	0	5	0	0	1
111	0.150	0	4	0	5	1	1
111	0.150	6	4	5	5	0	1
111	0.150	6	0	5	0	0	1
111	0.150	0	0	0	0	1	1
111	0.150	6	0	5	0	0	1
111	0.150	6	1	5	5	1	1
112	0.300	6	0	5	0	0	1
112	0.150	6	4	5	5	1	1
112	0.150	6	4	5	5	0	1
112	0.150	6	0	5	0	0	1
112	0.150	6	0	5	0	1	1
112	0.150	0	6	0	5	0	1
112	0.150	0	1	0	5	1	1
112	0.300	6	0	5	0	0	1
112	0.150	6	4	5	5	1	1
112	0.150	6	4	5	5	0	1
112	0.150	6	0	5	0	0	1
112	0.100	0	0	0	0	1	1
112	0.050	6	0	5	0	0	1
112	0.150	0	6	0	5	0	1
112	0.150	6	1	5	5	1	1
113	0.300	6	0	5	0	0	1
113	0.150	0	4	0	5	1	1
113	0.150	6	4	5	5	0	1
113	0.150	6	0	5	0	0	1
113	0.150	0	0	0	0	1	1
113	0.150	6	0	5	0	0	1
113	0.150	0	1	0	5	0	1
113	0.050	0	0	0	0	1	1
113	0.250	6	0	5	0	0	1
113	0.150	6	4	5	5	1	1
113	0.150	6	0	5	0	0	1
113	0.050	0	4	0	5	0	1
113	0.100	6	0	5	0	0	1
113	0.150	6	0	5	0	1	1
114	0.350	6	1	5	5	1	1
114	0.300	6	0	5	0	0	1
114	0.100	0	4	0	5	0	1
114	0.050	0	0	0	0	1	1
114	0.100	6	4	5	5	0	1
114	0.200	6	0	5	0	0	1
114	0.100	0	0	0	0	1	1
114	0.150	6	0	5	0	0	1
114	0.150	6	1	5	5	1	1
114	0.300	6	0	5	0	0	1
114	0.150	0	4	0	5	1	1
114	0.150	6	4	5	5	0	1
114	0.150	6	0	5	0	0	1
114	0.150	6	0	5	0	1	1
115	0.300	6	1	5	5	1	1
115	0.300	6	0	5	0	0	1
115	0.150	0	4	0	5	1	1
115	0.150	6	4	5	5	0	1
115	0.150	6	0	5	0	0	1
115	0.100	0	0	0	0	1	1
115	0.200	6	0	5	0	0	1
115	0.150	0	1	0	5	1	1
115	0.300	6	0	5	0	0	1
115	0.100	0	4	0	5	0	1
115	0.050	0	0	0	0	1	1
115	0.150	6	4	5	5	0	1
115	0.150	6	0	5	0	0	1
115	0.150	0	0	0	0	1	1
116	0.300	6	1	5	5	1	1
116	0.300	6	0	5	0	0	1
116	0.150	0	4	0	5	1	1
116	0.150	6	4	5	5	0	1
116	0.150	6	0	5	0	0	1
116	0.100	0	0	0	0	1	1
116	0.200	6	0	5	0	0	1
116	0.150	0	1	0	5	1	1
116	0.300	6	0	5	0	0	1
116	0.150	6	4	5	5	1	1
116	0.150	6	4	5	5	0	1
116	0.150	6	0	5	0	0	1
116	0.100	0	0	0	0	1	1
116	0.050	6	0	5	0	0	1
117	0.300	6	1	5	5	1	1
117	0.300	6	0	5	0	0	1
117	0.150	0	4	0	5	1	1
117	0.150	6	4	5	5	0	1
117	0.150	6	0	5	0	0	1
117	0.150	0	0	0	0	1	1
117	0.150	6	0	5	0	0	1
117	0.150	0	0	0	0	0	1
117	0.050	0	1	0	5	1	1
117	0.250	6	0	5	0	0	1
117	0.150	0	4	0	5	0	1
117	0.050	0	0	0	0	1	1
117	0.100	6	4	5	5	0	1
117	0.150	6	0	5	0	0	1
117	0.150	0	0	0	0	1	1
118	0.300	6	1	5	5	1	1
118	0.300	6	0	5	0	0	1
118	0.150	6	4	5	5	1	1
118	0.150	6	4	5	5	0	1
118	0.150	6	0	5	0	0	1
118	0.100	0	0	0	0	1	1
118	0.200	6	0	5	0	0	1
118	0.150	0	1	0	5	1	1
118	0.300	6	0	5	0	0	1
118	0.150	0	4	0	5	1	1
118	0.150	6	4	5	5	0	1
118	0.150	6	0	5	0	0	1
118	0.150	0	0	0	0	1	1
119	0.300	6	1	5	5	1	1
119	0.300	6	0	5	0	0	1
119	0.150	0	4	0	5	1	1
119	0.150	6	4	5	5	0	1
119	0.150	6	0	5	0	0	1
119	0.100	0	0	0	0	1	1
119	0.200	6	0	5	0	0	1
119	0.150	0	1	0	5	1	1
119	0.300	6	0	5	0	0	1
119	0.150	0	4	0	5	1	1
119	0.150	6	4	5	5	0	1
119	0.150	6	0	5	0	0	1
119	0.150	0	0	0	0	1	1
120	0.300	6	1	5	5	1	1
120	0.300	6	0	5	0	0	1
120	0.150	0	4	0	5	1	1
120	0.150	6	4	5	5	0	1
120	0.150	6	0	5	0	0	1
120	0.150	6	0	5	0	1	1
120	0.150	0	6	0	5	0	1
120	0.150	0	1	0	5	1	1
120	0.250	6	0	5	0	0	1
120	0.150	0	4	0	5	0	1
120	0.050	0	0	0	0	1	1
120	0.150	6	4	5	5	0	1
120	0.150	6	0	5	0	0	1
120	0.150	0	0	0	0	1	1
121	0.300	6	1	5	5	1	1
121	0.300	6	0	5	0	0	1
121	0.150	0	4	0	5	1	1
121	0.150	6	4	5	5	0	1
121	0.150	6	0	5	0	0	1
121	0.150	0	0	0	0	1	1
121	0.150	6	0	5	0	0	1
121	0.150	0	1	0	5	1	1
121	0.300	6	0	5	0	0	1
121	0.150	0	4	0	5	1	1
121	0.150	6	4	5	5	0	1
121	0.150	6	0	5	0	0	1
121	0.150	0	0	0	0	1	1
122	0.300	6	1	5	5	1	1
122	0.300	6	0	5	0	0	1
122	0.150	0	4	0	5	1	1
122	0.150	6	4	5	5	0	1
122	0.150	6	0	5	0	0	1
122	0.150	0	0	0	0	1	1
122	0.150	6	0	5	0	0	1
122	0.150	5	1	5	5	1	1
122	0.300	6	0	5	0	0	1
122	0.150	0	4	0	5	1	1
122	0.150	6	4	5	5	0	1
122	0.150	6	0	5	0	0	1
122	0.150	0	0	0	0	1	1
123	0.250	0	5	0	5	0	0
123	0.050	6	1	5	5	1	0
123	0.300	6	0	5	0	0	0
123	0.150	0	4	0	5	1	0
123	0.100	0	0	0	0	0	1
123	0.050	6	4	5	5	0	1
123	0.150	6	0	5	0	0	1
123	0.100	0	0	0	0	1	1
123	0.200	6	0	5	0	0	1
123	0.100	0	0	0	0	1	1
123	0.050	0	1	0	5	0	1
123	0.250	6	0	5	0	0	1
123	0.150	0	4	0	5	1	1
123	0.150	6	4	5	5	0	1
123	0.150	6	0	5	0	0	1
123	0.150	6	0	5	0	1	1
124	0.300	6	1	5	5	1	1
124	0.300	6	0	5	0	0	1
124	0.150	0	4	0	5	1	1
124	0.150	6	4	5	5	0	1
124	0.150	6	0	5	0	0	1
124	0.150	6	0	5	0	1	1
124	0.150	0	6	0	5	0	1
124	0.150	0	1	0	5	1	1
124	0.300	6	0	5	0	0	1
124	0.150	0	4	0	5	1	1
124	0.150	6	4	5	5	0	1
124	0.150	6	0	5	0	0	1
124	0.150	0	0	0	0	1	1
125	0.050	0	8	0	5	0	1
125	0.250	6	1	5	5	1	1
125	0.300	6	0	5	0	0	1
125	0.150	0	4	0	5	0	1
125	0.050	0	0	0	0	1	1
125	0.150	6	4	5	5	0	1
125	0.150	6	0	5	0	0	1
125	0.100	0	0	0	0	1	1
125	0.150	6	0	5	0	0	1
125	0.150	0	1	0	5	1	1
125	0.300	6	0	5	0	0	1
125	0.150	0	4	0	5	1	1
125	0.150	6	4	5	5	0	1
125	0.150	6	0	5	0	0	1
125	0.150	6	0	5	0	1	1
126	0.150	0	6	0	5	0	1
126	0.150	0	1	0	5	1	1
126	0.300	6	0	5	0	0	1
126	0.150	0	4	0	5	1	1
126	0.150	6	4	5	5	0	1
126	0.150	6	0	5	0	0	1
126	0.150	0	0	0	0	1	1
126	0.150	6	0	5	0	0	1
126	0.150	0	1	0	5	1	1
126	0.300	6	0	5	0	0	1
126	0.150	0	4	0	5	1	1
126	0.150	6	4	5	5	0	1
126	0.150	6	0	5	0	0	1
126	0.150	0	0	0	0	1	1
127	0.300	6	1	5	5	1	1
127	0.300	6	0	5	0	0	1
127	0.150	0	4	0	5	0	1
127	0.050	0	0	0	0	1	1
127	0.100	6	4	5	5	0	1
127	0.150	6	0	5	0	0	1
127	0.150	0	0	0	0	1	1
127	0.150	6	0	5	0	0	1
127	0.150	0	1	0	5	0	1
127	0.050	0	0	0	0	1	1
127	0.250	6	0	5	0	0	1
127	0.200	0	4	0	5	1	1
127	0.150	6	4	5	5	0	1
127	0.150	6	0	5	0	0	1
127	0.100	0	0	0	0	1	1
128	0.350	6	1	5	5	1	1
128	0.250	0	0	0	0	0	1
128	0.050	6	0	5	0	0	1
128	0.150	0	4	0	5	1	1
128	0.150	6	4	5	5	0	1
128	0.150	6	0	5	0	0	1
128	0.100	0	0	0	0	1	1
128	0.200	6	0	5	0	0	1
128	0.150	0	1	0	5	1	1
128	0.300	6	0	5	0	0	1
128	0.150	0	4	0	5	1	1
128	0.150	6	4	5	5	0	1
128	0.150	6	0	5	0	0	1
128	0.100	0	0	0	0	1	1
129	0.350	6	1	5	5	1	1
129	0.300	6	0	5	0	0	1
129	0.150	0	4	0	5	1	1
129	0.150	6	4	5	5	0	1
129	0.150	6	0	5	0	0	1
129	0.150	0	5	0	5	1	1
129	0.150	6	0	5	0	0	1
129	0.150	6	5	5	5	1	1
129	0.300	6	0	5	0	0	1
129	0.150	0	4	0	5	1	1
129	0.100	0	5	0	5	0	0
129	0.050	6	4	5	5	0	1
129	0.150	6	0	5	0	0	1
130	0.150	0	0	0	0	1	1
130	0.300	6	1	5	5	1	1
130	0.300	6	0	5	0	0	1
130	0.150	0	4	0	5	1	1
130	0.150	6	4	5	5	0	1
130	0.150	6	0	5	0	0	1
130	0.150	0	5	0	5	1	1
130	0.150	6	0	5	0	0	1
130	0.150	0	1	0	5	1	1
130	0.300	6	0	5	0	0	1
130	0.150	0	4	0	5	1	1
130	0.150	6	4	5	5	0	1
130	0.150	6	0	5	0	0	1
131	0.150	0	0	0	0	1	1
131	0.300	6	1	5	5	1	1
131	0.300	6	0	5	0	0	1
131	0.150	0	4	0	5	1	1
131	0.150	6	4	5	5	0	1
131	0.150	6	0	5	0	0	1
131	0.150	0	0	0	0	1	1
131	0.050	6	0	5	0	0	1
131	0.200	0	1	0	5	0	1
131	0.050	0	0	0	0	1	1
131	0.300	6	0	5	0	0	1
131	0.100	0	4	0	5	0	1
131	0.050	0	0	0	0	1	1
131	0.100	6	0	5	0	0	1
131	0.050	0	4	0	5	0	1
131	0.150	6	0	5	0	0	1
132	0.100	0	0	0	0	1	1
132	0.050	0	0	0	0	0	1
132	0.300	6	1	5	5	1	1
132	0.300	6	0	5	0	0	1
132	0.150	6	4	5	5	1	1
132	0.150	6	4	5	5	0	1
132	0.150	6	0	5	0	0	1
132	0.100	0	5	0	5	1	1
132	0.200	6	0	5	0	0	1
132	0.100	0	0	0	0	1	1
132	0.050	0	1	0	5	0	1
132	0.250	0	0	0	0	0	1
132	0.050	6	0	5	0	0	1
132	0.100	0	0	0	0	1	1
132	0.050	0	4	0	5	0	1
132	0.150	6	4	5	5	0	1
132	0.150	6	0	5	0	0	1
133	0.100	0	0	0	0	1	1
133	0.350	6	1	5	5	1	1
133	0.300	6	0	5	0	0	1
133	0.150	0	4	0	5	1	1
133	0.150	6	4	5	5	0	1
133	0.150	6	0	5	0	0	1
133	0.150	0	0	0	0	1	1
133	0.150	6	0	5	0	0	1
133	0.150	0	1	0	5	1	1
133	0.300	6	0	5	0	0	1
133	0.150	0	4	0	5	1	1
133	0.150	6	4	5	5	0	1
133	0.150	6	0	5	0	0	1
134	0.150	0	0	0	0	1	1
134	0.300	6	1	5	5	1	1
134	0.300	6	0	5	0	0	1
134	0.150	0	4	0	5	1	1
134	0.150	6	4	5	5	0	1
134	0.150	6	0	5	0	0	1
134	0.100	0	0	0	0	1	1
134	0.050	0	5	0	5	0	1
134	0.150	6	0	5	0	0	1
134	0.100	0	0	0	0	1	1
134	0.050	0	1	0	5	0	1
134	0.300	6	0	5	0	0	1
134	0.150	0	4	0	5	1	1
134	0.150	6	4	5	5	0	1
134	0.150	6	0	5	0	0	1
135	0.100	0	0	0	0	1	1
135	0.050	0	0	0	0	0	1
135	0.300	6	1	5	5	1	1
135	0.300	6	0	5	0	0	1
135	0.150	0	4	0	5	1	1
135	0.150	6	4	5	5	0	1
135	0.150	6	0	5	0	0	1
135	0.150	0	0	0	0	1	1
135	0.050	0	8	0	5	0	1
135	0.100	6	0	5	0	0	1
135	0.050	0	5	0	5	0	0
135	0.050	0	5	0	5	0	1
135	0.050	0	1	0	5	1	1
135	0.300	6	0	5	0	0	1
135	0.150	0	4	0	5	1	1
135	0.100	0	5	0	5	0	1
135	0.050	6	4	5	5	0	1
135	0.150	6	0	5	0	0	1
136	0.100	0	0	0	0	1	1
136	0.050	6	0	5	0	0	1
136	0.250	0	0	0	0	1	1
136	0.050	6	1	5	5	0	1
136	0.300	6	0	5	0	0	1
136	0.150	0	4	0	5	1	1
136	0.150	6	4	5	5	0	1
136	0.150	6	0	5	0	0	1
136	0.100	0	5	0	5	0	0
136	0.050	0	0	0	0	1	1
136	0.050	6	0	5	0	0	1
136	0.200	0	1	0	5	1	1
136	0.300	6	0	5	0	0	1
136	0.150	0	4	0	5	0	1
136	0.050	0	0	0	0	1	1
136	0.100	6	4	5	5	0	1
136	0.200	6	0	5	0	0	1
137	0.100	0	0	0	0	1	1
137	0.300	0	1	0	5	1	1
137	0.050	6	0	5	0	0	1
137	0.250	0	0	0	0	0	1
137	0.050	6	0	5	0	0	1
137	0.100	0	4	0	5	0	1
137	0.050	0	0	0	0	1	1
137	0.100	6	4	5	5	0	1
137	0.200	6	0	5	0	0	1
137	0.100	0	5	0	5	1	1
137	0.150	6	0	5	0	0	1
137	0.150	5	1	5	5	0	1
137	0.050	0	0	0	0	1	1
137	0.250	6	0	5	0	0	1
137	0.150	6	4	5	5	1	1
137	0.150	6	5	5	5	0	1
137	0.050	0	4	0	5	0	1
137	0.150	6	0	5	0	0	1
138	0.100	6	0	5	0	1	1
138	0.300	6	1	5	5	1	1
138	0.300	6	0	5	0	0	1
138	0.150	0	4	0	5	1	1
138	0.150	0	4	0	5	0	1
138	0.050	6	0	5	0	0	1
138	0.150	6	0	5	0	0	1
138	0.100	0	0	0	0	1	1
138	0.200	6	0	5	0	0	1
138	0.100	0	0	0	0	1	1
138	0.050	0	1	0	5	0	1
138	0.250	0	0	0	0	0	1
138	0.050	6	0	5	0	0	1
138	0.100	0	4	0	5	1	1
138	0.150	6	0	5	0	0	1
138	0.050	0	4	0	5	0	1
138	0.100	6	0	5	0	0	1
139	0.150	0	0	0	0	1	1
139	0.300	0	0	0	0	1	1
139	0.050	6	1	5	5	0	1
139	0.250	0	0	0	0	0	1
139	0.050	6	0	5	0	0	1
139	0.150	0	4	0	5	1	1
139	0.150	6	4	5	5	0	1
139	0.150	6	0	5	0	0	1
139	0.100	0	5	0	5	1	0
139	0.050	0	0	0	0	0	1
139	0.150	6	0	5	0	0	1
139	0.050	0	5	0	5	0	0
139	0.050	5	1	5	5	1	1
139	0.300	6	0	5	0	0	1
139	0.150	6	4	5	5	1	1
139	0.150	6	5	5	5	0	1
139	0.050	0	4	0	5	0	1
140	0.150	6	0	5	0	0	1
140	0.100	6	0	5	0	1	1
140	0.300	6	1	5	5	1	1
140	0.300	6	0	5	0	0	1
140	0.150	0	4	0	5	0	1
140	0.050	0	0	0	0	1	1
140	0.150	6	4	5	5	0	1
140	0.150	6	0	5	0	0	1
140	0.100	0	5	0	5	1	1
140	0.050	0	8	0	5	0	1
140	0.100	6	0	5	0	0	1
140	0.150	5	1	5	5	1	1
140	0.300	6	0	5	0	0	1
140	0.150	6	4	5	5	1	1
140	0.150	6	5	5	5	0	1
141	0.150	6	0	5	0	0	1
141	0.150	0	0	0	0	1	1
141	0.300	6	1	5	5	0	1
141	0.300	6	0	5	0	1	1
141	0.300	0	4	0	5	1	1
141	0.050	6	0	5	0	0	1
141	0.300	6	0	5	0	0	1
141	0.300	6	1	5	5	0	1
141	0.250	0	0	0	0	1	1
141	0.050	6	0	5	0	0	1
141	0.100	6	0	5	0	0	1
142	0.200	6	4	5	5	1	1
142	0.300	6	0	5	0	0	1
142	0.300	6	1	5	5	0	1
142	0.300	6	0	5	0	1	1
142	0.300	6	4	5	5	1	1
142	0.300	6	0	5	0	0	1
142	0.300	6	1	5	5	0	1
142	0.300	6	0	5	0	1	1
143	0.300	6	4	5	5	1	1
143	0.600	6	1	5	5	1	1
143	0.300	6	0	5	0	0	1
143	0.150	0	4	0	5	1	1
143	0.150	6	4	5	5	0	1
143	0.200	6	0	5	0	0	1
143	0.100	6	0	5	0	1	1
143	0.050	0	8	0	5	0	1
143	0.100	6	0	5	0	0	1
143	0.100	0	0	0	0	1	1
143	0.050	0	1	0	5	0	1
143	0.250	0	0	0	0	0	1
143	0.050	6	0	5	0	1	1
144	0.150	0	4	0	5	0	1
144	0.150	6	4	5	5	0	1
144	0.150	6	0	5	0	0	1
144	0.450	6	1	5	5	1	1
144	0.250	0	0	0	0	0	1
144	0.050	6	0	5	0	0	1
144	0.150	0	4	0	5	1	1
144	0.150	6	4	5	5	0	1
144	0.150	6	0	5	0	0	1
144	0.100	0	5	0	5	0	1
144	0.050	0	0	0	0	1	1
144	0.150	6	0	5	0	0	1
144	0.100	0	0	0	0	0	1
144	0.050	6	1	5	5	1	1
144	0.300	6	0	5	0	0	1
145	0.100	0	4	0	5	0	1
145	0.050	0	0	0	0	1	1
145	0.100	0	5	0	5	0	1
145	0.050	6	4	5	5	0	1
145	0.150	6	0	5	0	0	1
145	0.100	0	0	0	0	1	1
145	0.300	6	0	5	0	1	1
145	0.050	0	1	0	5	0	1
145	0.250	0	0	0	0	0	1
145	0.050	6	0	5	0	0	1
145	0.100	0	4	0	5	0	1
145	0.050	0	0	0	0	1	1
145	0.100	6	0	5	0	0	1
145	0.050	0	4	0	5	0	1
145	0.150	6	0	5	0	0	1
145	0.100	0	0	0	0	1	1
145	0.050	0	0	0	0	0	1
145	0.100	6	0	5	0	0	1
145	0.150	0	1	0	5	1	1
145	0.300	6	0	5	0	0	1
146	0.200	0	4	0	5	1	1
146	0.100	6	0	5	0	0	1
146	0.050	0	4	0	5	0	1
146	0.150	6	0	5	0	0	1
146	0.100	0	0	0	0	1	1
146	0.050	6	0	5	0	0	1
146	0.300	6	1	5	5	0	1
146	0.250	0	0	0	0	1	1
146	0.050	6	0	5	0	0	1
146	0.250	0	0	0	0	0	1
146	0.050	6	4	5	5	0	1
146	0.250	0	0	0	0	1	1
146	0.050	6	0	5	0	0	1
146	0.250	6	5	5	5	0	1
146	0.050	0	1	0	5	0	1
147	0.300	6	0	5	0	1	1
147	0.250	0	3	0	5	0	1
147	0.050	0	3	0	5	0	1
147	0.250	3	5	5	5	0	0
147	0.050	3	0	5	0	0	0
147	0.250	6	0	5	0	0	0
147	0.050	0	1	0	5	1	0
147	0.250	0	5	0	5	0	1
147	0.050	6	0	5	0	0	1
147	0.150	0	4	0	5	1	1
147	0.150	6	4	5	5	0	1
147	0.150	6	0	5	0	0	1
147	0.100	0	0	0	0	1	1
147	0.200	6	0	5	0	0	1
147	0.100	0	0	0	0	1	1
147	0.050	0	1	0	5	0	1
148	0.250	6	0	5	0	0	1
148	0.200	0	4	0	5	1	1
148	0.100	6	0	5	0	0	1
148	0.300	0	1	0	5	1	1
148	0.050	6	0	5	0	0	1
148	0.250	0	0	0	0	1	1
148	0.050	6	0	5	0	0	1
148	0.300	6	1	5	5	0	1
148	0.300	6	0	5	0	1	1
148	0.150	0	1	0	5	0	1
148	0.100	0	5	0	5	0	1
148	0.050	1	0	5	0	0	1
148	0.100	0	5	0	5	0	0
148	0.050	1	0	5	0	0	0
148	0.100	1	0	5	0	0	0
149	0.300	1	0	5	0	0	0
149	0.350	1	0	5	0	0	0
149	0.150	0	1	0	5	0	0
149	0.050	0	0	0	0	0	1
149	0.050	1	0	5	0	0	1
149	0.200	0	1	0	5	0	1
149	0.100	8	0	5	0	1	1
149	0.300	6	0	5	0	0	1
149	0.150	0	1	0	5	1	1
149	0.150	0	1	0	5	0	1
149	0.200	0	1	0	5	0	1
149	0.050	5	0	5	0	0	0
149	0.050	4	5	5	5	0	1
149	0.150	0	5	0	5	0	0
149	0.150	6	0	5	0	0	0
150	0.050	0	1	0	5	1	0
150	0.050	6	0	5	0	0	0
150	0.200	0	1	0	5	0	1
150	0.150	4	0	5	0	1	1
150	0.150	6	5	5	5	0	0
150	0.050	0	0	0	0	0	1
150	0.100	0	1	0	5	0	1
150	0.150	0	1	0	5	1	1
150	0.300	6	1	5	5	1	1
150	0.300	1	8	5	5	1	1
150	0.300	0	0	0	0	0	1
150	0.050	6	0	5	0	0	1
150	0.150	0	1	0	5	0	1
150	0.150	6	0	5	0	0	1
150	0.150	0	0	0	0	1	1
150	0.100	5	1	5	5	0	1
151	0.150	4	0	5	0	0	1
151	0.150	6	0	5	0	1	1
151	0.300	6	1	5	5	0	1
151	0.300	3	1	5	5	0	1
151	0.300	6	0	5	0	1	1
151	0.300	1	8	5	5	1	1
151	0.300	6	0	5	0	0	1
151	0.150	0	1	0	5	0	1
151	0.150	6	5	5	5	0	1
151	0.150	5	1	5	5	1	0
151	0.150	6	0	5	0	1	0
152	0.050	6	0	5	0	0	0
152	0.100	0	1	0	5	0	0
152	0.150	0	1	0	5	0	1
152	0.150	0	0	0	0	1	1
152	0.100	0	5	0	5	0	0
152	0.050	1	0	5	0	0	1
152	0.150	0	4	0	5	0	1
152	0.150	6	0	5	0	1	1
152	0.200	0	1	0	5	0	1
152	0.100	0	0	0	0	1	1
152	0.050	6	0	5	0	0	1
152	0.250	1	8	5	5	0	1
152	0.300	6	5	5	5	0	1
152	0.150	0	1	0	5	0	1
152	0.150	0	0	0	0	1	1
152	0.050	6	0	5	0	0	1
152	0.050	6	0	5	0	0	1
152	0.100	0	1	0	5	0	1
152	0.100	5	1	5	5	0	0
153	0.050	0	0	0	0	0	1
153	0.100	0	1	0	5	1	1
153	0.150	6	0	5	0	1	1
153	0.100	0	1	0	5	0	1
153	0.100	0	1	0	5	0	1
153	0.050	0	1	0	5	0	1
153	0.050	0	1	0	5	0	1
153	0.050	5	0	5	0	0	1
153	0.100	0	1	0	5	0	1
153	0.150	0	1	0	5	0	1
153	0.150	1	0	5	0	0	1
153	0.150	6	0	5	0	1	1
153	0.300	1	8	5	5	1	1
153	0.300	6	5	5	5	0	1
153	0.150	0	1	0	5	0	1
153	0.150	6	0	5	0	0	1
153	0.050	0	1	0	5	0	1
153	0.100	0	0	0	0	1	1
153	0.150	5	1	5	5	1	0
154	0.150	4	0	5	0	0	0
154	0.150	0	1	0	5	0	0
154	0.200	0	0	0	0	1	0
154	0.100	5	1	5	5	0	1
154	0.200	5	1	5	5	0	0
154	0.100	6	0	5	0	1	0
154	0.300	5	1	5	5	0	1
154	0.050	6	0	5	0	0	1
154	0.250	0	8	0	5	0	1
154	0.050	0	0	0	0	1	1
154	0.100	0	5	0	5	0	0
154	0.150	6	5	5	5	0	1
154	0.150	0	1	0	5	0	1
154	0.150	6	0	5	0	0	1
154	0.150	0	0	0	0	1	1
154	0.150	0	0	0	0	1	1
155	0.150	0	4	0	5	0	1
155	0.100	0	0	0	0	0	1
155	0.050	0	1	0	5	0	1
155	0.200	0	0	0	0	1	1
155	0.100	0	5	0	5	0	0
155	0.050	1	0	5	0	0	1
155	0.150	1	0	5	0	0	1
155	0.100	0	0	0	0	1	1
155	0.200	1	0	5	0	0	1
155	0.100	0	0	0	0	0	1
155	0.050	3	0	5	0	0	1
155	0.250	1	8	5	5	0	1
155	0.300	0	5	0	5	0	0
155	0.050	6	0	5	0	0	1
155	0.150	0	1	0	5	0	1
155	0.150	6	0	5	0	0	1
155	0.050	0	1	0	5	0	1
155	0.050	0	1	0	5	1	1
155	0.050	0	1	0	5	0	1
155	0.050	0	1	0	5	0	1
155	0.050	0	0	0	0	1	1
156	0.100	0	1	0	5	0	1
156	0.100	0	1	0	5	0	1
156	0.050	0	1	0	5	0	1
156	0.050	0	0	0	0	0	1
156	0.050	0	1	0	5	0	1
156	0.150	0	0	0	0	1	1
156	0.100	0	0	0	0	0	1
156	0.050	0	1	0	5	0	1
156	0.150	4	0	5	0	0	1
156	0.100	0	0	0	0	0	1
156	0.050	3	0	5	0	0	1
156	0.100	0	1	0	5	0	1
156	0.150	0	1	0	5	0	1
156	0.300	6	1	5	5	0	1
156	0.250	0	0	0	0	0	1
156	0.050	0	1	0	5	0	1
156	0.150	4	0	5	0	0	1
156	0.150	6	0	5	0	0	1
156	0.150	0	0	0	0	1	1
156	0.150	0	0	0	0	1	1
157	0.300	0	8	0	5	0	1
157	0.050	0	0	0	0	1	1
157	0.250	6	0	5	0	0	1
157	0.150	0	1	0	5	0	1
157	0.150	0	1	0	5	0	1
157	0.150	0	1	0	5	0	1
157	0.150	6	5	5	5	0	0
157	0.050	0	0	0	0	0	1
157	0.250	6	1	5	5	0	1
157	0.250	0	0	0	0	0	1
157	0.050	6	0	5	0	0	1
157	0.150	0	4	0	5	0	1
157	0.150	0	1	0	5	0	1
157	0.150	0	0	0	0	1	1
157	0.150	0	1	0	5	0	1
158	0.200	0	1	0	5	0	1
158	0.100	6	0	5	0	1	1
158	0.300	6	1	5	5	0	1
158	0.300	6	0	5	0	0	1
158	0.200	0	1	0	5	0	1
158	0.150	6	0	5	0	1	1
158	0.150	0	1	0	5	0	1
158	0.150	6	0	5	0	0	1
158	0.150	6	6	5	5	0	1
158	0.150	0	1	0	5	0	1
158	0.300	6	0	5	0	0	1
158	0.150	0	1	0	5	0	1
159	0.200	6	0	5	0	0	1
159	0.250	6	1	5	5	0	1
159	0.300	6	0	5	0	0	1
159	0.150	0	4	0	5	0	1
159	0.150	0	1	0	5	0	1
159	0.150	0	1	0	5	0	1
159	0.150	0	8	0	5	1	1
159	0.300	6	0	5	0	1	1
159	0.150	0	1	0	5	0	1
159	0.100	0	5	0	5	0	0
159	0.050	6	0	5	0	0	1
159	0.150	0	1	0	5	0	1
159	0.150	6	0	5	0	0	1
159	0.100	0	0	0	0	1	1
159	0.050	0	1	0	5	0	1
160	0.100	0	0	0	0	1	1
160	0.050	6	0	5	0	0	1
160	0.100	0	4	0	5	0	1
160	0.150	0	1	0	5	0	1
160	0.200	0	0	0	0	1	1
160	0.150	5	1	5	5	0	1
160	0.300	6	1	5	5	1	1
160	0.250	0	5	0	5	0	1
160	0.350	6	1	5	5	0	1
160	0.250	0	5	0	5	0	0
160	0.050	6	0	5	0	0	1
160	0.300	6	4	5	5	0	1
160	0.150	0	0	0	0	1	1
161	0.150	6	0	5	0	0	1
161	0.150	0	1	0	5	0	1
161	0.150	0	1	0	5	0	1
161	0.150	0	1	0	5	0	1
161	0.050	0	1	0	5	0	1
161	0.050	0	1	0	5	0	1
161	0.050	3	0	5	0	0	1
161	0.150	0	1	0	5	0	1
161	0.100	5	0	5	0	0	1
161	0.050	0	1	0	5	0	1
161	0.150	0	1	0	5	0	1
161	0.100	8	0	5	0	1	1
161	0.300	0	0	0	0	1	1
161	0.050	6	0	5	0	0	1
161	0.150	0	1	0	5	0	1
161	0.100	0	5	0	5	0	1
161	0.050	1	0	5	0	0	1
161	0.100	0	0	0	0	1	1
161	0.200	5	1	5	5	1	1
161	0.150	4	0	5	0	0	1
162	0.100	0	0	0	0	0	1
162	0.050	6	0	5	0	0	1
162	0.150	0	0	0	0	1	1
162	0.100	5	1	5	5	0	0
162	0.050	0	1	0	5	0	1
162	0.300	6	0	5	0	1	1
162	0.150	0	1	0	5	0	1
162	0.100	0	0	0	0	1	1
162	0.050	0	8	0	5	0	1
162	0.150	1	0	5	0	0	1
162	0.100	6	0	5	0	0	1
162	0.150	0	1	0	5	0	1
162	0.150	0	1	0	5	0	1
162	0.150	0	0	0	0	1	1
162	0.150	0	1	0	5	0	1
162	0.150	4	0	5	0	0	1
162	0.150	8	0	5	0	0	1
162	0.150	0	1	0	5	0	1
163	0.150	0	1	0	5	0	1
163	0.200	8	0	5	0	0	1
163	0.100	0	0	0	0	0	1
163	0.300	6	1	5	5	0	1
163	0.300	0	5	0	5	0	1
163	0.050	6	0	5	0	0	1
163	0.250	0	0	0	0	1	1
163	0.050	0	8	0	5	0	1
163	0.200	0	8	0	5	0	1
163	0.050	0	0	0	0	1	1
163	0.050	6	0	5	0	0	1
163	0.150	0	1	0	5	0	1
163	0.100	0	0	0	0	0	1
163	0.050	0	8	0	5	0	1
163	0.150	1	0	5	0	0	1
163	0.150	1	0	5	0	0	1
164	0.250	0	0	0	0	0	1
164	0.050	1	0	5	0	0	1
164	0.150	8	0	5	0	0	1
164	0.150	0	1	0	5	0	1
164	0.150	0	1	0	5	0	1
164	0.100	8	0	5	0	0	1
164	0.050	0	0	0	0	0	1
164	0.150	0	1	0	5	0	1
164	0.150	0	1	0	5	0	1
164	0.300	8	0	5	0	0	1
164	0.300	8	0	5	0	1	1
164	0.200	0	5	0	5	0	0
164	0.050	0	5	0	5	0	0
164	0.050	6	0	5	0	0	1
164	0.150	0	1	0	5	0	1
165	0.200	6	1	5	5	0	1
165	0.100	0	1	0	5	1	1
165	0.050	0	1	0	5	0	1
165	0.050	0	1	0	5	1	1
165	0.100	0	1	0	5	0	1
165	0.100	0	1	0	5	0	1
165	0.050	0	1	0	5	0	1
165	0.050	0	0	0	0	0	1
165	0.050	0	1	0	5	0	1
165	0.150	0	0	0	0	1	1
165	0.100	0	5	0	5	0	1
165	0.050	1	8	5	5	0	1
165	0.150	0	4	0	5	0	1
165	0.100	0	0	0	0	1	1
165	0.050	6	0	5	0	0	1
165	0.050	6	0	5	0	0	1
165	0.100	0	1	0	5	0	1
165	0.100	6	0	5	0	1	1
165	0.300	6	1	5	5	0	1
165	0.300	6	0	5	0	0	1
165	0.050	0	0	0	0	0	1
166	0.250	6	1	5	5	0	1
166	0.300	6	0	5	0	0	1
166	0.050	0	0	0	0	1	1
166	0.050	6	0	5	0	0	1
166	0.050	0	4	0	5	0	1
166	0.150	5	1	5	5	0	1
166	0.150	0	0	0	0	1	1
166	0.150	6	5	5	5	0	1
166	0.150	0	1	0	5	0	1
166	0.150	6	0	5	0	1	1
166	0.300	6	1	5	5	0	1
166	0.200	0	5	0	5	0	0
166	0.100	6	5	5	5	1	1
166	0.150	0	1	0	5	0	1
166	0.150	6	0	5	0	1	1
167	0.150	0	4	0	5	0	1
167	0.100	0	0	0	0	0	1
167	0.050	0	1	0	5	0	1
167	0.150	0	0	0	0	1	1
167	0.150	6	0	5	0	0	1
167	0.150	0	1	0	5	0	1
167	0.150	6	0	5	0	1	1
167	0.300	6	1	5	5	0	1
167	0.300	6	0	5	0	0	1
167	0.150	0	1	0	5	0	1
167	0.100	0	1	0	5	0	1
167	0.050	6	0	5	0	1	1
167	0.300	6	1	5	5	0	1
167	0.150	0	5	0	5	0	0
167	0.150	6	0	5	0	0	0
168	0.150	0	4	0	5	0	0
168	0.050	0	0	0	0	0	1
168	0.100	0	1	0	5	0	1
168	0.150	0	0	0	0	1	1
168	0.100	0	5	0	5	0	0
168	0.050	6	8	5	5	0	1
168	0.200	0	1	0	5	0	1
168	0.100	6	0	5	0	0	1
168	0.250	0	0	0	0	0	1
168	0.050	6	1	5	5	0	1
168	0.250	0	5	0	5	0	0
168	0.050	6	0	5	0	0	1
168	0.150	0	4	0	5	0	1
168	0.150	0	1	0	5	0	1
168	0.300	6	5	5	5	1	1
168	0.100	0	1	0	5	0	1
168	0.100	0	1	0	5	0	1
168	0.100	6	5	5	5	0	1
169	0.150	0	1	0	5	0	1
169	0.150	6	0	5	0	1	1
169	0.250	0	5	0	5	0	0
169	0.050	6	1	5	5	1	1
169	0.300	6	0	5	0	0	1
169	0.050	6	0	5	0	0	1
169	0.100	0	1	0	5	0	1
169	0.150	0	1	0	5	0	1
169	0.150	4	0	5	0	0	1
169	0.150	6	5	5	5	0	1
169	0.150	0	0	0	0	1	1
169	0.150	1	1	5	5	0	1
169	0.300	6	0	5	0	1	1
169	0.100	0	1	0	5	0	1
169	0.100	0	1	0	5	0	1
169	0.100	0	1	0	5	0	1
170	0.150	0	0	0	0	1	1
170	0.050	0	5	0	5	0	0
170	0.050	0	5	0	5	0	0
170	0.050	1	8	5	5	0	1
170	0.150	0	4	0	5	0	1
170	0.150	3	0	5	0	1	1
170	0.300	1	1	5	5	0	1
170	0.300	3	0	5	0	1	1
170	0.150	0	1	0	5	0	1
170	0.150	0	0	0	0	0	1
170	0.050	0	1	0	5	0	1
170	0.100	0	1	0	5	1	1
170	0.150	0	8	0	5	1	1
170	0.300	6	0	5	0	1	1
170	0.150	0	1	0	5	0	1
170	0.150	1	1	5	5	0	1
171	0.100	1	0	5	0	0	1
171	0.050	1	1	5	5	1	1
171	0.150	0	0	0	0	1	1
171	0.100	0	1	0	5	0	1
171	0.050	0	1	0	5	0	1
171	0.050	5	1	5	5	0	0
171	0.100	0	1	0	5	0	0
171	0.150	0	1	0	5	1	0
171	0.150	1	0	5	0	0	1
171	0.150	0	4	0	5	0	1
171	0.150	1	0	5	0	1	1
171	0.150	0	1	0	5	0	1
171	0.100	5	0	5	0	0	1
171	0.050	3	0	5	0	0	1
171	0.100	0	5	0	5	0	0
171	0.050	3	0	5	0	0	0
171	0.150	0	1	0	5	1	0
171	0.300	4	1	5	5	1	0
171	0.050	4	0	5	0	0	0
171	0.200	0	5	0	5	0	1
171	0.050	1	0	5	0	0	1
172	0.150	0	4	0	5	0	1
172	0.050	0	4	0	5	0	1
172	0.100	6	5	5	5	0	1
172	0.150	0	0	0	0	1	1
172	0.150	6	0	5	0	1	1
172	0.150	0	1	0	5	0	1
172	0.050	0	1	0	5	0	1
172	0.100	0	5	0	5	0	0
172	0.050	1	0	5	0	0	0
172	0.100	0	0	0	0	1	0
172	0.150	0	5	0	5	0	1
172	0.050	1	0	5	0	0	1
172	0.050	1	0	5	0	0	1
172	0.050	0	4	0	5	0	1
172	0.200	1	0	5	0	1	1
172	0.150	0	1	0	5	0	1
172	0.100	0	0	0	0	0	1
172	0.050	1	0	5	0	0	1
172	0.250	6	0	5	0	1	1
172	0.100	6	0	5	0	0	1
172	0.050	0	1	0	5	0	1
172	0.150	0	0	0	0	0	1
173	0.050	6	0	5	0	0	1
173	0.150	0	1	0	5	0	1
173	0.100	6	0	5	0	0	1
173	0.050	0	0	0	0	1	1
173	0.050	0	1	0	5	0	1
173	0.100	0	1	0	5	0	1
173	0.050	0	1	0	5	0	1
173	0.050	0	1	0	5	0	1
173	0.150	0	1	0	5	0	1
173	0.150	0	1	0	5	0	1
173	0.150	0	1	0	5	0	1
173	0.150	0	1	0	5	0	1
173	0.150	0	1	0	5	0	1
173	0.150	0	1	0	5	0	1
173	0.200	0	1	0	5	0	1
173	0.150	6	0	5	0	1	1
173	0.300	6	1	5	5	0	1
173	0.150	1	1	5	5	0	1
174	0.150	6	0	5	0	1	1
174	0.150	6	0	5	0	0	1
174	0.150	0	4	0	5	0	1
174	0.150	0	4	0	5	0	1
174	0.150	6	0	5	0	0	1
174	0.300	0	1	0	5	0	1
174	0.250	0	1	0	5	0	1
174	0.350	0	8	0	5	0	1
174	0.300	6	1	5	5	1	1
174	0.150	0	1	0	5	0	1
174	0.150	6	0	5	0	0	1
174	0.150	0	4	0	5	1	1
175	0.150	6	4	5	5	0	1
175	0.150	6	0	5	0	0	1
175	0.150	0	0	0	0	1	1
175	0.150	6	0	5	0	0	1
175	0.150	0	1	0	5	1	1
175	0.150	0	1	0	5	0	1
175	0.150	6	0	5	0	0	1
175	0.300	6	4	5	5	1	1
175	0.300	6	0	5	0	0	1
175	0.300	6	1	5	5	1	1
175	0.150	0	1	0	5	0	1
175	0.050	0	1	0	5	0	1
175	0.100	6	0	5	0	0	1
175	0.150	0	4	0	5	0	1
176	0.050	0	0	0	0	1	1
176	0.100	6	4	5	5	0	1
176	0.150	6	0	5	0	0	1
176	0.150	0	0	0	0	1	1
176	0.200	6	0	5	0	0	1
176	0.100	0	1	0	5	1	1
176	0.300	6	0	5	0	0	1
176	0.150	0	4	0	5	1	1
176	0.150	6	4	5	5	0	1
176	0.300	0	0	0	0	1	1
176	0.300	6	0	5	0	1	1
176	0.050	0	1	0	5	0	1
176	0.250	6	0	5	0	0	1
176	0.150	0	4	0	5	1	1
177	0.150	6	4	5	5	0	1
177	0.150	6	0	5	0	0	1
177	0.150	0	0	0	0	1	1
177	0.150	6	0	5	0	0	1
177	0.150	0	1	0	5	1	1
177	0.300	6	0	5	0	0	1
177	0.150	0	4	0	5	1	1
177	0.150	6	4	5	5	0	1
177	0.150	6	0	5	0	0	1
177	0.150	0	0	0	0	1	1
177	0.300	6	1	5	5	1	1
177	0.300	6	0	5	0	0	1
177	0.150	0	4	0	5	1	1
178	0.150	6	4	5	5	0	1
178	0.150	6	0	5	0	0	1
178	0.150	6	0	5	0	1	1
178	0.200	0	6	0	5	0	1
178	0.100	0	1	0	5	1	1
178	0.300	6	0	5	0	0	1
178	0.150	0	4	0	5	1	1
178	0.150	6	0	5	0	0	1
178	0.050	0	4	0	5	0	1
178	0.150	6	0	5	0	0	1
178	0.100	0	0	0	0	1	1
178	0.300	7	1	5	5	1	1
178	0.300	0	8	0	5	0	1
178	0.150	4	0	5	0	1	1
179	0.150	7	4	5	5	0	1
179	0.150	0	8	0	5	0	1
179	0.150	0	0	0	0	1	1
179	0.200	0	8	0	5	0	1
179	0.100	1	0	5	0	1	1
179	0.300	8	0	5	0	0	1
179	0.200	0	4	0	5	1	1
179	0.100	8	0	5	0	0	1
179	0.050	0	4	0	5	0	1
179	0.150	8	0	5	0	0	1
179	0.100	0	0	0	0	1	1
179	0.300	0	0	0	0	1	1
179	0.050	7	1	5	5	0	1
179	0.250	0	8	0	5	0	1
180	0.200	0	4	0	5	1	1
180	0.100	0	4	0	5	0	1
180	0.050	0	8	0	5	0	1
180	0.150	0	8	0	5	0	1
180	0.100	0	0	0	0	1	1
180	0.200	0	8	0	5	0	1
180	0.100	0	0	0	0	1	1
180	0.050	1	0	5	0	0	1
180	0.250	8	0	5	0	0	1
180	0.150	0	4	0	5	1	1
180	0.150	7	4	5	5	0	1
180	0.150	0	8	0	5	0	1
180	0.150	0	0	0	0	1	1
180	0.300	7	1	5	5	1	1
180	0.300	0	8	0	5	0	1
181	0.150	4	0	5	0	1	1
181	0.150	0	4	0	5	0	1
181	0.150	8	0	5	0	0	1
181	0.150	0	0	0	0	1	1
181	0.150	8	0	5	0	0	1
181	0.150	0	1	0	5	1	1
181	0.300	8	0	5	0	0	1
181	0.150	0	4	0	5	1	1
181	0.150	7	4	5	5	0	1
181	0.150	0	8	0	5	0	1
181	0.150	0	0	0	0	1	1
181	0.300	7	1	5	5	1	1
181	0.300	0	8	0	5	0	1
182	0.150	4	0	5	0	1	1
182	0.150	7	4	5	5	0	1
182	0.150	0	8	0	5	0	1
182	0.150	0	5	0	5	1	0
182	0.200	0	8	0	5	0	0
182	0.100	0	0	0	0	1	0
182	0.050	1	0	5	0	0	0
182	0.250	8	0	5	0	0	1
182	0.150	0	4	0	5	1	1
182	0.150	7	4	5	5	0	1
182	0.150	0	8	0	5	0	1
182	0.150	0	0	0	0	1	1
182	0.300	6	1	5	5	1	1
182	0.200	0	1	0	5	0	1
182	0.100	6	0	5	0	0	1
183	0.150	0	0	0	0	1	1
183	0.050	0	4	0	5	0	1
183	0.100	6	0	5	0	0	1
183	0.050	0	4	0	5	0	1
183	0.150	6	0	5	0	0	1
183	0.100	0	0	0	0	1	1
183	0.200	6	0	5	0	0	1
183	0.100	0	1	0	5	1	1
183	0.300	6	0	5	0	0	1
183	0.150	0	4	0	5	1	1
183	0.150	6	4	5	5	0	1
183	0.150	6	0	5	0	0	1
183	0.150	0	0	0	0	1	1
183	0.300	6	1	5	5	1	1
183	0.300	6	0	5	0	0	1
184	0.150	0	4	0	5	1	1
184	0.150	6	4	5	5	0	1
184	0.150	6	0	5	0	0	1
184	0.100	0	0	0	0	0	1
184	0.050	0	0	0	0	1	1
184	0.150	6	0	5	0	0	1
184	0.100	0	0	0	0	1	1
184	0.050	0	1	0	5	0	1
184	0.300	6	0	5	0	0	1
184	0.150	0	4	0	5	1	1
184	0.150	6	4	5	5	0	1
184	0.150	6	0	5	0	0	1
184	0.150	0	0	0	0	1	1
184	0.300	6	1	5	5	1	1
184	0.300	6	0	5	0	0	1
185	0.150	0	4	0	5	1	1
185	0.150	6	4	5	5	0	1
185	0.150	6	0	5	0	0	1
185	0.150	6	0	5	0	1	1
185	0.150	0	6	0	5	0	1
185	0.150	0	1	0	5	1	1
185	0.300	6	0	5	0	0	1
185	0.150	0	4	0	5	1	1
185	0.150	6	4	5	5	0	1
185	0.150	6	0	5	0	0	1
185	0.150	0	0	0	0	1	1
185	0.300	6	1	5	5	1	1
185	0.300	6	0	5	0	0	1
186	0.150	0	4	0	5	1	1
186	0.150	6	4	5	5	0	1
186	0.150	6	0	5	0	0	1
186	0.150	6	0	5	0	1	1
186	0.150	0	6	0	5	0	1
186	0.150	0	1	0	5	1	1
186	0.300	6	0	5	0	0	1
186	0.150	0	4	0	5	1	1
186	0.150	6	4	5	5	0	1
186	0.150	6	0	5	0	0	1
186	0.150	6	5	5	5	1	1
186	0.300	6	1	5	5	1	1
186	0.300	6	0	5	0	0	1
187	0.150	0	4	0	5	1	1
187	0.150	6	4	5	5	0	1
187	0.150	6	0	5	0	0	1
187	0.150	6	0	5	0	1	1
187	0.150	0	6	0	5	0	1
187	0.100	0	0	0	0	1	1
187	0.050	0	1	0	5	0	1
187	0.250	6	0	5	0	0	1
187	0.050	0	0	0	0	0	1
187	0.150	0	4	0	5	1	1
187	0.150	6	4	5	5	0	1
187	0.150	6	0	5	0	0	1
187	0.100	0	0	0	0	0	1
187	0.050	0	0	0	0	1	1
187	0.250	6	0	5	0	1	1
187	0.050	0	1	0	5	0	1
187	0.250	0	0	0	0	0	1
187	0.050	6	0	5	0	0	1
188	0.100	0	0	0	0	1	1
188	0.050	0	4	0	5	0	1
188	0.100	6	0	5	0	0	1
188	0.050	0	4	0	5	0	1
188	0.100	6	0	5	0	0	1
188	0.150	0	0	0	0	1	1
188	0.200	6	0	5	0	0	1
188	0.100	0	0	0	0	1	1
188	0.050	0	1	0	5	0	1
188	0.250	6	0	5	0	0	1
188	0.150	0	4	0	5	1	1
188	0.150	4	5	5	5	0	1
188	0.050	6	0	5	0	0	1
188	0.100	6	0	5	0	0	1
188	0.150	0	0	0	0	1	1
188	0.300	6	1	5	5	1	1
188	0.300	6	0	5	0	0	1
189	0.150	0	4	0	5	1	1
189	0.150	6	4	5	5	0	1
189	0.200	6	0	5	0	0	1
189	0.100	0	5	0	5	1	1
189	0.150	6	0	5	0	0	1
189	0.150	5	1	5	5	1	1
189	0.300	6	0	5	0	0	1
189	0.150	0	4	0	5	1	1
189	0.100	0	5	0	5	0	0
189	0.050	6	4	5	5	0	1
189	0.150	6	0	5	0	0	1
189	0.100	0	0	0	0	1	1
189	0.050	6	0	5	0	0	1
189	0.250	0	0	0	0	1	1
189	0.050	6	1	5	5	0	1
189	0.300	6	0	5	0	0	1
190	0.150	0	4	0	5	1	1
190	0.150	6	4	5	5	0	1
190	0.150	6	0	5	0	0	1
190	0.150	0	0	0	0	1	1
190	0.050	0	8	0	5	0	1
190	0.050	6	0	5	0	0	1
190	0.150	0	5	0	5	0	0
190	0.050	0	1	0	5	1	1
190	0.250	6	0	5	0	0	1
190	0.150	6	0	5	0	0	1
190	0.050	0	4	0	5	1	1
190	0.100	0	5	0	5	0	1
190	0.050	6	4	5	5	0	1
190	0.150	6	0	5	0	0	1
190	0.100	6	0	5	0	1	1
190	0.300	6	1	5	5	1	1
190	0.350	6	0	5	0	0	1
191	0.150	0	4	0	5	1	1
191	0.150	6	4	5	5	0	1
191	0.150	6	0	5	0	0	1
191	0.100	0	5	0	5	0	0
191	0.050	0	0	0	0	1	1
191	0.150	6	0	5	0	0	1
191	0.150	0	1	0	5	1	1
191	0.300	6	0	5	0	0	1
191	0.150	0	4	0	5	1	1
191	0.100	0	5	0	5	0	1
191	0.050	6	4	5	5	0	1
191	0.150	6	0	5	0	0	1
191	0.100	0	0	0	0	1	1
191	0.350	6	1	5	5	1	1
191	0.250	0	5	0	5	0	0
191	0.050	6	0	5	0	0	1
192	0.150	0	4	0	5	1	1
192	0.150	6	4	5	5	0	1
192	0.150	6	0	5	0	0	1
192	0.150	6	5	5	5	1	1
192	0.050	0	8	0	5	0	1
192	0.100	6	0	5	0	0	1
192	0.150	0	1	0	5	1	1
192	0.300	6	0	5	0	0	1
192	0.150	0	4	0	5	1	1
192	0.100	0	5	0	5	0	0
192	0.050	6	4	5	5	0	1
192	0.150	6	0	5	0	0	1
192	0.150	6	0	5	0	1	1
192	0.300	6	1	5	5	1	1
192	0.300	6	5	5	5	0	1
193	0.150	0	4	0	5	1	1
193	0.150	6	4	5	5	0	1
193	0.150	6	0	5	0	0	1
193	0.150	0	5	0	5	1	1
193	0.150	6	0	5	0	0	1
193	0.150	5	1	5	5	1	1
193	0.300	6	0	5	0	0	1
193	0.150	0	4	0	5	1	1
193	0.100	0	5	0	5	0	0
193	0.050	6	4	5	5	0	1
193	0.150	6	0	5	0	0	1
193	0.150	0	0	0	0	1	1
193	0.300	6	1	5	5	1	1
193	0.300	6	0	5	0	0	1
194	0.150	0	4	0	5	1	1
194	0.150	6	4	5	5	0	1
194	0.150	6	0	5	0	0	1
194	0.150	6	5	5	5	1	1
194	0.050	0	8	0	5	0	1
194	0.100	6	0	5	0	0	1
194	0.150	5	1	5	5	1	1
194	0.300	6	0	5	0	0	1
194	0.150	6	4	5	5	1	1
194	0.100	0	5	0	5	0	0
194	0.050	6	4	5	5	0	1
194	0.150	6	0	5	0	0	1
194	0.150	6	0	5	0	1	1
194	0.300	6	1	5	5	1	1
194	0.300	6	0	5	0	0	1
195	0.150	0	4	0	5	1	1
195	0.150	6	4	5	5	0	1
195	0.150	6	0	5	0	0	1
195	0.150	0	5	0	5	1	1
195	0.150	6	0	5	0	0	1
195	0.100	0	5	0	5	0	0
195	0.050	0	1	0	5	1	1
195	0.300	6	0	5	0	0	1
195	0.150	0	4	0	5	1	1
195	0.100	0	5	0	5	0	1
195	0.050	6	4	5	5	0	1
195	0.150	6	0	5	0	0	1
195	0.150	6	0	5	0	1	1
195	0.300	6	1	5	5	1	1
195	0.300	6	5	5	5	0	1
196	0.150	0	4	0	5	1	1
196	0.150	6	4	5	5	0	1
196	0.150	6	0	5	0	0	1
196	0.150	6	5	5	5	1	1
196	0.150	6	0	5	0	0	1
196	0.050	0	5	0	5	0	0
196	0.100	0	1	0	5	1	1
196	0.300	6	0	5	0	0	1
196	0.150	6	4	5	5	1	1
196	0.100	0	5	0	5	0	0
196	0.050	6	4	5	5	0	1
196	0.150	6	0	5	0	0	1
196	0.150	0	0	0	0	1	1
196	0.300	6	1	5	5	1	1
196	0.300	6	5	5	5	0	1
197	0.150	0	4	0	5	0	1
197	0.050	0	0	0	0	1	1
197	0.100	6	4	5	5	0	1
197	0.150	6	0	5	0	0	1
197	0.150	0	5	0	5	1	1
197	0.300	0	1	0	5	1	1
197	0.350	6	0	5	0	1	1
197	0.100	0	4	0	5	0	1
197	0.150	5	1	5	5	0	1
197	0.150	4	0	5	0	0	1
197	0.200	0	1	0	5	0	1
197	0.150	1	0	5	0	0	1
197	0.100	0	0	0	0	0	1
197	0.050	0	1	0	5	0	1
197	0.150	1	0	5	0	0	1
197	0.050	1	0	5	0	0	1
197	0.050	1	0	5	0	0	1
198	0.150	0	1	0	5	0	1
198	0.150	1	0	5	0	0	1
198	0.200	0	1	0	5	0	1
198	0.100	0	1	0	5	0	1
198	0.150	1	0	5	0	0	1
198	0.100	1	0	5	0	0	1
198	0.050	1	0	5	0	0	1
198	0.150	0	1	0	5	0	1
198	0.150	1	0	5	0	0	1
198	0.300	0	1	0	5	0	1
198	0.300	5	0	5	0	0	1
198	0.300	6	1	5	5	1	1
199	0.350	6	0	5	0	0	1
199	0.100	0	4	0	5	1	1
199	0.150	6	0	5	0	0	1
199	0.200	6	5	5	5	0	0
199	0.100	0	5	0	5	1	1
199	0.050	0	1	0	5	0	1
199	0.150	6	5	5	5	0	0
199	0.100	0	0	0	0	1	0
199	0.050	6	4	5	5	0	0
199	0.250	6	0	5	0	0	1
199	0.050	6	0	5	0	0	1
199	0.100	0	1	0	5	0	1
199	0.150	0	1	0	5	0	1
199	0.300	0	5	0	5	0	1
199	0.300	6	0	5	0	0	1
200	0.050	0	1	0	5	1	1
200	0.250	0	0	0	0	0	1
200	0.050	6	0	5	0	0	1
200	0.100	0	4	0	5	1	1
200	0.150	6	0	5	0	0	1
200	0.200	6	0	5	0	0	1
200	0.100	0	0	0	0	1	1
200	0.050	0	1	0	5	0	1
200	0.150	6	0	5	0	0	1
200	0.100	0	0	0	0	1	1
200	0.050	6	4	5	5	0	1
200	0.250	6	0	5	0	0	1
200	0.150	0	1	0	5	0	1
200	0.050	0	0	0	0	1	1
200	0.150	6	0	5	0	0	1
200	0.100	0	1	0	5	0	1
200	0.150	0	0	0	0	0	1
200	0.050	0	1	0	5	0	1
201	0.300	6	1	5	5	1	1
201	0.300	6	0	5	0	0	1
201	0.150	0	4	0	5	1	1
201	0.150	6	0	5	0	0	1
201	0.150	6	0	5	0	0	1
201	0.100	0	0	0	0	1	1
201	0.050	0	1	0	5	0	1
201	0.150	6	0	5	0	0	1
201	0.100	0	0	0	0	1	1
201	0.050	6	4	5	5	0	1
201	0.300	6	0	5	0	0	1
201	0.150	0	1	0	5	1	1
201	0.150	6	0	5	0	0	1
201	0.150	0	1	0	5	0	1
201	0.100	0	5	0	5	0	0
201	0.050	1	0	5	0	0	1
202	0.300	6	0	5	0	1	1
202	0.300	6	1	5	5	0	1
202	0.150	0	1	0	5	0	1
202	0.150	6	0	5	0	0	1
202	0.150	0	1	0	5	0	1
202	0.150	6	0	5	0	0	1
202	0.100	0	0	0	0	1	1
202	0.150	0	0	0	0	1	1
202	0.050	6	0	5	0	0	1
202	0.100	0	1	0	5	0	1
202	0.050	0	1	0	5	0	1
202	0.050	0	1	0	5	0	1
202	0.050	0	1	0	5	0	1
202	0.150	0	1	0	5	0	1
202	0.100	5	0	5	0	0	1
202	0.050	0	1	0	5	0	1
202	0.150	0	1	0	5	0	1
202	0.100	5	0	5	0	0	0
202	0.050	0	1	0	5	0	0
203	0.300	6	1	5	5	1	0
203	0.150	0	1	0	5	0	0
203	0.150	6	0	5	0	0	1
203	0.150	0	4	0	5	1	1
203	0.150	6	0	5	0	0	1
203	0.150	6	0	5	0	0	1
203	0.150	0	0	0	0	1	1
203	0.300	6	1	5	5	1	1
203	0.300	6	0	5	0	0	1
203	0.150	0	1	0	5	0	1
203	0.050	0	0	0	0	1	1
203	0.100	0	1	0	5	0	1
203	0.200	0	1	0	5	0	1
203	0.100	5	0	5	0	0	1
204	0.050	0	1	0	5	0	1
204	0.150	0	1	0	5	0	1
204	0.150	6	0	5	0	1	1
204	0.250	6	0	5	0	0	1
204	0.050	0	1	0	5	0	1
204	0.150	0	0	0	0	1	1
204	0.150	6	0	5	0	0	1
204	0.150	6	4	5	5	0	1
204	0.150	0	4	0	5	0	1
204	0.300	6	0	5	0	1	1
204	0.300	6	1	5	5	0	1
204	0.300	0	1	0	5	0	1
204	0.250	0	0	0	0	0	1
205	0.050	0	8	0	5	0	1
205	0.300	6	1	5	5	1	1
205	0.100	0	1	0	5	0	1
205	0.200	6	0	5	0	0	1
205	0.150	0	4	0	5	1	1
205	0.150	6	0	5	0	0	1
205	0.150	6	0	5	0	0	1
205	0.150	0	1	0	5	0	1
205	0.150	6	0	5	0	0	1
205	0.150	6	0	5	0	1	1
205	0.300	6	1	5	5	0	1
205	0.100	0	1	0	5	0	1
205	0.200	6	0	5	0	0	1
205	0.150	0	1	0	5	0	1
206	0.150	0	0	0	0	0	1
206	0.300	6	0	5	0	1	1
206	0.300	6	1	5	5	0	1
206	0.300	6	0	5	0	0	1
206	0.150	0	1	0	5	0	1
206	0.100	0	5	0	5	0	1
206	0.050	1	0	5	0	0	1
206	0.150	1	0	5	0	0	1
206	0.150	0	1	0	5	0	1
206	0.100	0	1	0	5	0	1
206	0.150	1	0	5	0	0	1
206	0.200	0	1	0	5	0	1
206	0.150	1	0	5	0	0	1
207	0.250	0	0	0	0	0	1
207	0.350	6	1	5	5	1	1
207	0.150	0	1	0	5	0	1
207	0.100	0	0	0	0	0	1
207	0.050	6	0	5	0	0	1
207	0.150	0	4	0	5	1	1
207	0.150	6	0	5	0	0	1
207	0.150	6	0	5	0	0	1
207	0.100	0	0	0	0	1	1
207	0.050	0	1	0	5	0	1
207	0.150	6	0	5	0	0	1
207	0.100	0	0	0	0	1	1
207	0.050	6	4	5	5	0	1
207	0.300	6	0	5	0	0	1
207	0.100	0	1	0	5	0	1
207	0.050	0	0	0	0	1	1
207	0.150	6	0	5	0	0	1
208	0.150	6	0	5	0	0	1
208	0.100	0	0	0	0	1	1
208	0.300	0	0	0	0	1	1
208	0.050	6	1	5	5	0	1
208	0.300	6	0	5	0	0	1
208	0.100	0	0	0	0	1	1
208	0.050	0	4	0	5	0	1
208	0.100	6	0	5	0	0	1
208	0.050	0	4	0	5	0	1
208	0.150	6	0	5	0	0	1
208	0.100	0	0	0	0	1	1
208	0.200	6	0	5	0	0	1
208	0.150	0	1	0	5	1	1
208	0.100	0	1	0	5	0	1
208	0.150	6	0	5	0	0	1
208	0.150	0	0	0	0	1	1
208	0.200	6	4	5	5	0	1
209	0.250	0	0	0	0	1	1
209	0.050	6	0	5	0	0	1
209	0.300	6	1	5	5	1	1
209	0.150	0	1	0	5	0	1
209	0.150	6	0	5	0	0	1
209	0.150	0	4	0	5	1	1
209	0.150	6	4	5	5	0	1
209	0.150	6	0	5	0	0	1
209	0.100	0	0	0	0	1	1
209	0.050	0	0	0	0	0	1
209	0.150	6	0	5	0	0	1
209	0.150	0	1	0	5	1	1
209	0.300	6	0	5	0	0	1
209	0.100	0	0	0	0	1	1
209	0.050	0	4	0	5	0	1
209	0.150	6	4	5	5	0	1
210	0.150	6	0	5	0	0	1
210	0.100	0	0	0	0	1	1
210	0.350	6	1	5	5	1	1
210	0.300	6	0	5	0	0	1
210	0.150	0	4	0	5	1	1
210	0.150	6	4	5	5	0	1
210	0.150	6	0	5	0	0	1
210	0.100	0	0	0	0	1	1
210	0.200	6	0	5	0	0	1
210	0.150	0	1	0	5	1	1
210	0.300	6	0	5	0	0	1
210	0.150	0	4	0	5	1	1
210	0.150	6	4	5	5	0	1
211	0.150	6	0	5	0	0	1
211	0.150	6	0	5	0	1	1
211	0.300	6	1	5	5	1	1
211	0.300	6	0	5	0	0	1
211	0.150	0	4	0	5	1	1
211	0.150	6	4	5	5	0	1
211	0.150	6	0	5	0	0	1
211	0.150	0	0	0	0	1	1
211	0.150	6	0	5	0	0	1
211	0.150	0	1	0	5	1	1
211	0.300	6	0	5	0	0	1
211	0.150	0	4	0	5	1	1
211	0.150	6	4	5	5	0	1
212	0.150	6	0	5	0	0	1
212	0.150	6	0	5	0	1	1
212	0.300	6	1	5	5	1	1
212	0.300	6	0	5	0	0	1
212	0.150	0	4	0	5	1	1
212	0.150	6	4	5	5	0	1
212	0.150	6	0	5	0	0	1
212	0.150	0	0	0	0	1	1
212	0.150	6	0	5	0	0	1
212	0.150	0	1	0	5	1	1
212	0.300	6	0	5	0	0	1
212	0.150	0	4	0	5	1	1
212	0.150	6	4	5	5	0	1
213	0.150	6	0	5	0	0	1
213	0.100	0	0	0	0	0	1
213	0.050	0	0	0	0	1	1
213	0.300	6	1	5	5	1	1
213	0.300	6	0	5	0	0	1
213	0.150	0	4	0	5	1	1
213	0.150	6	4	5	5	0	1
213	0.150	6	0	5	0	0	1
213	0.150	0	0	0	0	1	1
213	0.150	6	0	5	0	0	1
213	0.150	0	1	0	5	1	1
213	0.300	6	0	5	0	0	1
213	0.150	0	4	0	5	1	1
213	0.150	6	4	5	5	0	1
214	0.150	6	0	5	0	0	1
214	0.150	0	0	0	0	1	1
214	0.250	6	0	5	0	0	1
214	0.050	0	1	0	5	1	1
214	0.300	6	0	5	0	0	1
214	0.100	0	4	0	5	0	1
214	0.050	0	0	0	0	1	1
214	0.100	0	4	0	5	0	1
214	0.050	6	0	5	0	0	1
214	0.150	6	0	5	0	0	1
214	0.100	0	0	0	0	1	1
214	0.200	6	0	5	0	0	1
214	0.100	0	5	0	5	1	1
214	0.050	0	1	0	5	0	1
214	0.250	6	0	5	0	0	1
214	0.150	0	4	0	5	1	1
214	0.150	0	4	0	5	0	1
214	0.050	6	0	5	0	0	1
215	0.150	6	0	5	0	0	1
215	0.100	0	0	0	0	1	1
215	0.250	6	0	5	0	0	1
215	0.050	0	1	0	5	1	1
215	0.300	6	0	5	0	0	1
215	0.150	0	4	0	5	1	1
215	0.150	6	4	5	5	0	1
215	0.150	6	0	5	0	0	1
215	0.150	0	5	0	5	1	1
215	0.150	6	0	5	0	0	1
215	0.150	0	1	0	5	1	1
215	0.300	6	0	5	0	0	1
215	0.150	0	4	0	5	1	1
215	0.150	6	4	5	5	0	1
216	0.150	6	0	5	0	0	1
216	0.150	0	0	0	0	1	1
216	0.300	6	1	5	5	1	1
216	0.300	6	5	5	5	0	1
216	0.150	0	4	0	5	1	1
216	0.150	6	4	5	5	0	1
216	0.150	6	0	5	0	0	1
216	0.150	0	0	0	0	1	1
216	0.150	6	0	5	0	0	1
216	0.100	0	5	0	5	0	0
216	0.050	0	1	0	5	1	1
216	0.300	6	0	5	0	0	1
216	0.100	0	4	0	5	0	1
216	0.050	0	0	0	0	1	1
216	0.100	0	5	0	5	0	0
216	0.050	6	4	5	5	0	1
217	0.150	6	0	5	0	0	1
217	0.150	0	0	0	0	1	1
217	0.250	6	0	5	0	0	1
217	0.050	0	1	0	5	1	1
217	0.250	0	0	0	0	0	1
217	0.050	6	0	5	0	0	1
217	0.150	0	4	0	5	1	1
217	0.100	6	0	5	0	0	1
217	0.050	0	4	0	5	0	1
217	0.100	6	0	5	0	0	1
217	0.150	0	5	0	5	1	0
217	0.050	0	0	0	0	0	1
217	0.050	0	8	0	5	0	1
217	0.200	6	1	5	5	1	1
217	0.300	0	0	0	0	0	1
217	0.050	6	0	5	0	0	1
217	0.100	0	4	0	5	1	1
217	0.200	6	4	5	5	0	1
218	0.150	6	0	5	0	0	1
218	0.100	0	0	0	0	1	1
218	0.350	6	1	5	5	1	1
218	0.300	6	0	5	0	0	1
218	0.150	0	4	0	5	1	1
218	0.150	6	4	5	5	0	1
218	0.150	6	0	5	0	0	1
218	0.100	0	0	0	0	1	1
218	0.350	0	1	0	5	1	1
218	0.300	6	0	5	0	0	1
218	0.300	0	1	0	5	0	1
219	0.600	6	1	5	5	1	1
219	0.300	0	0	0	0	0	1
219	0.050	6	0	5	0	0	1
219	0.100	0	0	0	0	1	1
219	0.050	0	4	0	5	0	1
219	0.150	6	4	5	5	0	1
219	0.150	6	0	5	0	0	1
219	0.100	0	0	0	0	1	1
219	0.300	6	0	5	0	0	1
219	0.050	0	1	0	5	1	1
219	0.300	6	0	5	0	0	1
219	0.150	0	4	0	5	1	1
220	0.150	6	4	5	5	0	1
220	0.150	6	0	5	0	0	1
220	0.100	0	0	0	0	1	1
220	0.200	6	0	5	0	0	1
220	0.150	0	1	0	5	1	1
220	0.300	6	0	5	0	0	1
220	0.150	0	4	0	5	1	1
220	0.150	6	4	5	5	0	1
220	0.150	6	0	5	0	0	1
220	0.150	0	0	0	0	1	1
220	0.300	6	1	5	5	1	1
220	0.300	6	0	5	0	0	1
220	0.150	0	4	0	5	1	1
221	0.150	6	4	5	5	0	1
221	0.150	6	0	5	0	0	1
221	0.100	0	5	0	5	0	0
221	0.050	0	0	0	0	1	1
221	0.050	0	8	0	5	0	1
221	0.100	6	0	5	0	0	1
221	0.100	0	5	0	5	0	0
221	0.050	0	1	0	5	1	1
221	0.300	6	0	5	0	0	1
221	0.150	0	4	0	5	1	1
221	0.100	0	5	0	5	0	1
221	0.050	6	4	5	5	0	1
221	0.150	6	0	5	0	0	1
221	0.100	0	0	0	0	1	1
221	0.300	0	0	0	0	1	1
221	0.050	6	1	5	5	0	1
221	0.300	6	0	5	0	0	1
221	0.150	0	4	0	5	1	1
222	0.150	6	4	5	5	0	1
222	0.150	6	0	5	0	0	1
222	0.150	0	5	0	5	1	1
222	0.150	6	0	5	0	0	1
222	0.100	0	5	0	5	0	0
222	0.050	0	1	0	5	1	1
222	0.300	6	0	5	0	0	1
222	0.150	0	4	0	5	1	1
222	0.100	0	0	0	0	0	1
222	0.050	6	4	5	5	0	1
222	0.150	6	0	5	0	0	1
222	0.100	0	0	0	0	1	1
222	0.300	6	0	5	0	0	1
222	0.050	0	1	0	5	1	1
222	0.300	6	0	5	0	0	1
222	0.150	0	4	0	5	1	1
223	0.150	6	4	5	5	0	1
223	0.150	6	0	5	0	0	1
223	0.100	0	5	0	5	1	0
223	0.050	0	0	0	0	0	1
223	0.050	0	8	0	5	0	1
223	0.100	6	0	5	0	0	1
223	0.100	0	5	0	5	0	0
223	0.050	0	1	0	5	1	1
223	0.300	6	0	5	0	0	1
223	0.150	0	4	0	5	1	1
223	0.100	0	5	0	5	0	0
223	0.050	6	4	5	5	0	1
223	0.150	6	0	5	0	0	1
223	0.100	0	0	0	0	1	1
223	0.300	0	0	0	0	1	1
223	0.050	6	1	5	5	0	1
223	0.250	0	0	0	0	0	1
223	0.050	6	0	5	0	0	1
223	0.150	0	4	0	5	1	1
224	0.150	6	4	5	5	0	1
224	0.150	6	0	5	0	0	1
224	0.100	0	0	0	0	1	1
224	0.050	0	0	0	0	0	1
224	0.150	6	0	5	0	0	1
224	0.100	0	0	0	0	1	1
224	0.050	0	1	0	5	0	1
224	0.300	6	0	5	0	0	1
224	0.150	0	1	0	5	0	1
224	0.100	6	0	5	0	0	1
224	0.200	0	1	0	5	0	1
224	0.100	0	1	0	5	0	1
224	0.350	6	0	5	0	1	1
224	0.300	6	1	5	5	0	1
224	0.150	0	0	0	0	1	1
225	0.150	6	0	5	0	0	1
225	0.150	0	4	0	5	0	1
225	0.100	0	5	0	5	1	1
225	0.050	6	0	5	0	0	1
225	0.150	0	1	0	5	0	1
225	0.100	0	1	0	5	0	1
225	0.200	0	1	0	5	0	1
225	0.050	0	1	0	5	0	1
225	0.050	5	0	5	0	0	0
225	0.050	0	1	0	5	0	1
225	0.050	8	0	5	0	0	1
225	0.100	0	1	0	5	0	1
225	0.150	0	1	0	5	0	1
225	0.100	0	1	0	5	0	1
225	0.100	0	0	0	0	0	1
225	0.100	0	1	0	5	0	1
225	0.300	6	1	5	5	1	1
225	0.250	0	5	0	5	0	1
225	0.050	6	0	5	0	0	1
225	0.150	0	4	0	5	1	1
226	0.150	6	4	5	5	0	1
226	0.150	6	0	5	0	0	1
226	0.100	0	0	0	0	1	1
226	0.200	6	0	5	0	0	1
226	0.150	0	1	0	5	1	1
226	0.300	6	0	5	0	0	1
226	0.150	0	4	0	5	1	1
226	0.150	6	4	5	5	0	1
226	0.150	6	0	5	0	0	1
226	0.100	0	0	0	0	1	1
226	0.350	6	1	5	5	1	1
226	0.300	6	0	5	0	0	1
226	0.150	0	4	0	5	1	1
227	0.150	6	4	5	5	0	1
227	0.150	6	0	5	0	0	1
227	0.100	0	5	0	5	0	0
227	0.050	0	0	0	0	1	1
227	0.150	6	0	5	0	0	1
227	0.150	0	1	0	5	1	1
227	0.300	6	0	5	0	0	1
227	0.150	0	4	0	5	1	1
227	0.150	6	5	5	5	0	1
227	0.150	6	0	5	0	0	1
227	0.150	0	0	0	0	1	1
227	0.300	6	1	5	5	1	1
227	0.250	0	0	0	0	0	1
227	0.050	6	0	5	0	0	1
227	0.150	6	4	5	5	1	1
228	0.150	6	4	5	5	0	1
228	0.150	6	0	5	0	0	1
228	0.100	0	5	0	5	0	0
228	0.050	0	0	0	0	1	1
228	0.100	6	0	5	0	0	1
228	0.150	0	5	0	5	0	0
228	0.050	0	1	0	5	1	1
228	0.250	6	0	5	0	0	1
228	0.150	0	4	0	5	1	1
228	0.150	4	5	5	5	0	1
228	0.200	6	0	5	0	0	1
228	0.100	0	0	0	0	1	1
228	0.300	6	1	5	5	1	1
228	0.300	6	5	5	5	0	1
228	0.150	0	4	0	5	0	1
228	0.050	0	0	0	0	1	1
229	0.100	6	4	5	5	0	1
229	0.200	6	0	5	0	0	1
229	0.100	0	5	0	5	1	1
229	0.050	0	8	0	5	0	1
229	0.100	6	0	5	0	0	1
229	0.150	5	1	5	5	1	1
229	0.100	5	0	5	0	0	0
229	0.200	6	0	5	0	0	0
229	0.150	0	4	0	5	1	0
229	0.150	6	5	5	5	0	1
229	0.150	6	0	5	0	0	1
229	0.150	0	0	0	0	1	1
229	0.300	6	1	5	5	1	1
229	0.250	0	5	0	5	0	0
229	0.050	6	0	5	0	0	1
229	0.150	0	1	0	5	0	1
229	0.050	0	0	0	0	1	1
230	0.100	6	1	5	5	0	1
230	0.150	6	0	5	0	0	1
230	0.150	0	0	0	0	1	1
230	0.300	6	4	5	5	1	1
230	0.300	6	5	5	5	0	1
230	0.150	0	0	0	0	1	1
230	0.050	0	1	0	5	0	1
230	0.150	6	0	5	0	0	1
230	0.100	0	1	0	5	0	1
230	0.150	0	5	0	5	0	1
230	0.050	1	0	5	0	0	1
230	0.150	1	0	5	0	0	1
230	0.100	0	0	0	0	1	1
230	0.050	0	4	0	5	0	1
230	0.250	0	0	0	0	1	1
231	0.300	0	5	0	5	0	1
231	0.050	1	0	5	0	0	1
231	0.100	1	0	5	0	0	1
231	0.150	0	1	0	5	0	1
231	0.050	0	0	0	0	1	1
231	0.150	4	0	5	0	0	1
231	0.050	0	0	0	0	0	1
231	0.050	0	1	0	5	0	1
231	0.150	0	0	0	0	1	1
231	0.100	5	0	5	0	0	0
231	0.050	4	1	5	5	0	1
231	0.050	0	1	0	5	0	1
231	0.250	0	1	0	5	1	1
231	0.150	1	0	5	0	0	1
231	0.100	0	0	0	0	0	1
231	0.050	0	1	0	5	0	1
231	0.150	0	0	0	0	1	1
231	0.150	5	1	5	5	0	1
231	0.050	4	0	5	0	0	1
231	0.250	0	1	0	5	1	1
232	0.150	1	0	5	0	0	1
232	0.150	0	1	0	5	0	1
232	0.150	0	0	0	0	1	1
232	0.150	1	0	5	0	0	1
232	0.050	0	0	0	0	0	1
232	0.250	0	1	0	5	0	1
232	0.050	4	0	5	0	1	1
232	0.300	0	1	0	5	1	1
232	0.250	0	0	0	0	0	1
232	0.050	1	0	5	0	0	1
232	0.300	4	1	5	5	1	1
232	0.250	0	1	0	5	0	1
232	0.150	1	0	5	0	0	1
232	0.150	0	0	0	0	1	1
233	0.050	3	0	5	0	0	1
233	0.150	0	1	0	5	0	1
233	0.100	0	0	0	0	0	1
233	0.050	0	1	0	5	0	1
233	0.050	0	1	0	5	0	1
233	0.050	0	1	0	5	1	1
233	0.150	1	0	5	0	1	1
233	0.200	0	4	0	5	0	1
233	0.100	0	0	0	0	0	1
233	0.050	1	0	5	0	0	1
233	0.100	0	0	0	0	1	1
233	0.150	5	1	5	5	0	1
233	0.150	0	1	0	5	0	1
233	0.150	0	0	0	0	1	1
233	0.050	1	0	5	0	0	1
233	0.150	0	4	0	5	0	1
233	0.100	1	0	5	0	0	1
233	0.150	0	0	0	0	1	1
233	0.150	1	0	5	0	0	1
233	0.050	0	4	0	5	0	1
233	0.100	0	0	0	0	1	1
233	0.100	0	4	0	5	0	1
233	0.050	1	0	5	0	0	1
234	0.100	0	0	0	0	1	1
234	0.100	1	0	5	0	0	1
234	0.050	0	4	0	5	0	1
234	0.100	0	0	0	0	1	1
234	0.050	0	4	0	5	0	1
234	0.100	1	0	5	0	0	1
234	0.150	0	0	0	0	1	1
234	0.150	1	0	5	0	0	1
234	0.150	0	4	0	5	0	1
234	0.150	0	0	0	0	0	1
234	0.050	3	0	5	0	0	1
234	0.150	0	1	0	5	0	1
234	0.150	0	1	0	5	0	1
234	0.150	1	0	5	0	0	1
234	0.100	0	5	0	5	0	1
234	0.050	1	0	5	0	0	1
234	0.150	1	0	5	0	0	1
234	0.150	0	0	0	0	1	1
235	0.600	0	0	0	0	0	1
235	0.600	0	0	0	0	0	1
235	0.050	1	0	5	0	0	1
235	0.050	1	0	5	0	0	1
235	0.050	1	0	5	0	0	1
235	0.600	0	0	0	0	0	1
236	0.550	6	1	5	5	1	1
236	0.300	6	0	5	0	0	1
236	0.100	0	0	0	0	1	1
236	0.050	0	4	0	5	0	1
236	0.150	6	0	5	0	0	1
236	0.150	6	0	5	0	0	1
236	0.100	0	0	0	0	1	1
236	0.300	0	0	0	0	1	1
236	0.050	6	1	5	5	0	1
236	0.150	0	1	0	5	0	1
236	0.150	6	0	5	0	0	1
236	0.150	0	1	0	5	0	1
236	0.150	0	1	0	5	0	1
237	0.150	0	1	0	5	0	1
237	0.100	0	0	0	0	0	1
237	0.350	6	1	5	5	1	1
237	0.100	0	1	0	5	0	1
237	0.150	0	0	0	0	0	1
237	0.050	6	0	5	0	0	1
237	0.150	0	0	0	0	1	1
237	0.100	6	4	5	5	0	1
237	0.300	6	0	5	0	0	1
237	0.150	0	5	0	5	0	0
237	0.150	6	0	5	0	1	0
237	0.050	6	0	5	0	0	0
237	0.100	0	1	0	5	0	0
237	0.100	0	0	0	0	0	1
237	0.100	0	1	0	5	0	1
237	0.150	0	0	0	0	1	1
237	0.100	5	1	5	5	0	1
238	0.150	4	0	5	0	0	1
238	0.150	0	0	0	0	1	1
238	0.200	4	0	5	0	0	1
238	0.050	0	0	0	0	0	1
238	0.100	0	1	0	5	0	1
238	0.150	0	0	0	0	1	1
238	0.100	5	0	5	0	0	0
238	0.050	0	1	0	5	0	1
238	0.150	4	0	5	0	0	1
238	0.100	0	0	0	0	1	1
238	0.200	4	0	5	0	0	1
238	0.100	0	1	0	5	0	1
238	0.150	0	0	0	0	1	1
238	0.150	5	1	5	5	0	1
238	0.150	4	5	5	5	0	0
238	0.150	0	0	0	0	1	0
238	0.150	4	0	5	0	0	0
238	0.100	0	0	0	0	0	1
238	0.050	0	1	0	5	0	1
239	0.150	0	0	0	0	1	1
239	0.150	5	1	5	5	0	1
239	0.150	4	5	5	5	0	0
239	0.150	0	0	0	0	1	0
239	0.150	1	0	5	0	0	0
239	0.100	0	0	0	0	0	1
239	0.050	3	0	5	0	0	1
239	0.200	0	0	0	0	1	1
239	0.100	5	1	5	5	0	1
239	0.150	4	5	5	5	0	0
239	0.150	0	0	0	0	1	0
239	0.200	1	0	5	0	0	0
239	0.100	1	0	5	0	0	1
239	0.150	0	0	0	0	1	1
239	0.150	0	1	0	5	0	1
239	0.150	5	0	5	0	0	0
239	0.050	4	0	5	0	0	0
239	0.100	0	0	0	0	1	0
240	0.150	0	4	0	5	0	0
240	0.100	0	0	0	0	0	1
240	0.050	1	0	5	0	0	1
240	0.150	0	0	0	0	1	1
240	0.150	1	0	5	0	0	1
240	0.150	0	4	0	5	0	1
240	0.150	0	0	0	0	1	1
240	0.150	0	4	0	5	0	1
240	0.100	0	0	0	0	0	1
240	0.050	1	0	5	0	0	1
240	0.150	0	0	0	0	1	1
240	0.150	1	0	5	0	0	1
240	0.150	4	5	5	5	0	0
240	0.150	0	0	0	0	1	0
240	0.150	4	0	5	0	0	0
240	0.100	0	0	0	0	0	1
240	0.050	0	1	0	5	0	1
240	0.150	0	0	0	0	1	1
240	0.150	0	1	0	5	0	1
241	0.150	4	5	5	5	0	0
241	0.150	0	0	0	0	1	0
241	0.150	4	0	5	0	0	0
241	0.100	0	0	0	0	0	1
241	0.050	0	1	0	5	0	1
241	0.150	0	0	0	0	1	1
241	0.150	0	1	0	5	0	1
241	0.150	4	0	5	0	0	1
241	0.050	0	5	0	5	0	0
241	0.100	0	0	0	0	1	0
241	0.150	4	0	5	0	0	0
241	0.100	0	0	0	0	0	1
241	0.050	0	1	0	5	0	1
241	0.150	0	0	0	0	1	1
241	0.150	0	1	0	5	0	1
241	0.150	4	5	5	5	0	0
241	0.150	0	0	0	0	1	0
241	0.150	4	0	5	0	0	0
241	0.100	0	0	0	0	0	1
241	0.050	0	1	0	5	0	1
242	0.150	0	0	0	0	1	1
242	0.150	5	1	5	5	0	1
242	0.150	4	5	5	5	0	0
242	0.100	0	0	0	0	1	0
242	0.100	4	0	5	0	0	0
242	0.100	0	1	0	5	0	0
242	0.100	0	0	0	0	1	0
242	0.100	0	1	0	5	0	0
242	0.150	4	0	5	0	0	0
242	0.100	0	0	0	0	1	0
242	0.100	0	4	0	5	0	0
242	0.100	1	0	5	0	0	0
242	0.100	0	0	0	0	1	0
242	0.150	1	0	5	0	0	0
242	0.050	0	4	0	5	0	0
242	0.100	0	0	0	0	1	0
242	0.100	0	4	0	5	0	0
242	0.100	1	0	5	0	0	0
242	0.100	0	0	0	0	1	0
242	0.150	1	0	5	0	0	0
242	0.100	0	4	0	5	0	0
243	0.100	0	0	0	0	1	0
243	0.050	4	0	5	0	0	0
243	0.100	0	1	0	5	0	0
243	0.100	0	0	0	0	1	0
243	0.100	0	1	0	5	0	0
243	0.150	4	0	5	0	0	0
243	0.100	0	0	0	0	1	0
243	0.100	0	4	0	5	0	0
243	0.050	1	0	5	0	0	0
243	0.100	0	0	0	0	1	0
243	0.100	1	0	5	0	0	0
243	0.150	0	4	0	5	0	0
243	0.050	0	0	0	0	1	0
243	0.100	4	0	5	0	0	0
243	0.100	0	1	0	5	0	0
243	0.100	0	0	0	0	1	0
243	0.100	0	1	0	5	0	0
243	0.100	4	0	5	0	0	0
243	0.100	0	0	0	0	1	0
243	0.100	4	0	5	0	0	0
243	0.100	0	1	0	5	0	0
243	0.100	0	0	0	0	1	0
243	0.100	0	1	0	5	0	0
243	0.100	4	0	5	0	0	0
244	0.100	0	0	0	0	1	0
244	0.100	4	0	5	0	0	0
244	0.100	0	1	0	5	0	0
244	0.050	0	0	0	0	1	0
244	0.100	1	0	5	0	0	0
244	0.050	0	5	0	5	0	0
244	0.100	4	0	5	0	0	0
244	0.100	0	0	0	0	1	0
244	0.300	0	1	0	5	0	0
244	0.250	0	0	0	0	0	1
244	0.050	1	0	5	0	0	1
244	0.150	0	4	0	5	0	1
244	0.150	1	0	5	0	0	1
244	0.150	0	1	0	5	0	1
244	0.150	1	0	5	0	0	1
244	0.150	0	0	0	0	1	1
244	0.150	0	0	0	0	1	1
244	0.150	0	4	0	5	0	1
245	0.150	1	0	5	0	0	1
245	0.100	0	0	0	0	1	1
245	0.200	1	0	5	0	0	1
245	0.150	0	1	0	5	0	1
245	0.150	0	0	0	0	1	1
245	0.250	1	0	5	0	0	1
245	0.100	1	0	5	0	0	1
245	0.250	0	1	0	5	0	1
245	0.150	1	0	5	0	0	1
245	0.150	0	1	0	5	0	1
245	0.150	1	0	5	0	0	1
245	0.100	1	0	5	0	0	1
245	0.050	1	1	5	5	0	1
245	0.150	0	1	0	5	0	1
245	0.200	1	0	5	0	0	1
246	0.150	0	1	0	5	0	1
246	0.150	1	0	5	0	0	1
246	0.600	6	1	5	5	1	1
246	0.300	6	0	5	0	0	1
246	0.150	0	4	0	5	1	1
246	0.200	6	0	5	0	0	1
246	0.150	6	0	5	0	0	1
246	0.100	0	0	0	0	0	1
246	0.300	6	1	5	5	1	1
246	0.300	6	5	5	5	0	1
247	0.300	6	0	5	0	0	1
247	0.300	6	0	5	0	0	1
247	0.300	6	1	5	5	1	1
247	0.250	0	0	0	0	0	1
247	0.050	6	0	5	0	0	1
247	0.150	0	0	0	0	1	1
247	0.150	6	4	5	5	0	1
247	0.150	6	4	5	5	0	1
247	0.100	0	0	0	0	0	1
247	0.300	6	1	5	5	0	1
247	0.300	0	5	0	5	0	1
248	0.600	0	0	0	0	0	1
248	0.350	6	1	5	5	1	1
248	0.100	0	1	0	5	0	1
248	0.150	0	0	0	0	0	1
248	0.050	6	0	5	0	0	1
248	0.150	0	4	0	5	1	1
248	0.150	6	4	5	5	0	1
248	0.100	6	0	5	0	0	1
248	0.150	0	0	0	0	0	1
248	0.300	6	1	5	5	0	1
248	0.050	0	0	0	0	1	1
248	0.250	6	0	5	0	0	1
249	0.200	0	0	0	0	1	1
249	0.150	6	4	5	5	0	1
249	0.250	0	0	0	0	0	1
249	0.050	6	0	5	0	0	1
249	0.300	6	1	5	5	1	1
249	0.300	6	0	5	0	0	1
249	0.150	0	4	0	5	1	1
249	0.150	6	4	5	5	0	1
249	0.150	6	0	5	0	0	1
249	0.150	0	0	0	0	1	1
249	0.050	0	8	0	5	0	1
249	0.100	6	0	5	0	0	1
249	0.150	0	1	0	5	1	1
250	0.300	6	0	5	0	0	1
250	0.150	0	4	0	5	1	1
250	0.150	6	4	5	5	0	1
250	0.150	6	0	5	0	0	1
250	0.150	0	0	0	0	1	1
250	0.300	6	1	5	5	1	1
250	0.300	6	0	5	0	0	1
250	0.150	0	4	0	5	1	1
250	0.150	6	4	5	5	0	1
250	0.150	6	0	5	0	0	1
250	0.100	0	5	0	5	0	0
250	0.050	0	0	0	0	1	1
250	0.200	6	0	5	0	0	1
250	0.050	0	5	0	5	0	0
250	0.050	0	1	0	5	1	1
251	0.300	6	0	5	0	0	1
251	0.150	0	4	0	5	1	1
251	0.100	0	5	0	5	0	0
251	0.050	6	4	5	5	0	1
251	0.150	6	0	5	0	0	1
251	0.150	0	0	0	0	1	1
251	0.300	6	1	5	5	1	1
251	0.250	0	5	0	5	0	0
251	0.050	6	0	5	0	0	1
251	0.150	0	4	0	5	1	1
251	0.150	6	4	5	5	0	1
251	0.150	6	0	5	0	0	1
251	0.150	0	5	0	5	1	1
251	0.150	6	0	5	0	0	1
251	0.150	0	1	0	5	1	1
252	0.300	6	0	5	0	0	1
252	0.150	0	4	0	5	1	1
252	0.150	6	4	5	5	0	1
252	0.150	6	0	5	0	0	1
252	0.150	0	0	0	0	1	1
252	0.300	6	1	5	5	1	1
252	0.300	6	0	5	0	0	1
252	0.150	0	4	0	5	1	1
252	0.150	6	4	5	5	0	1
252	0.150	6	0	5	0	0	1
252	0.150	0	5	0	5	1	1
252	0.050	0	8	0	5	0	1
252	0.100	6	0	5	0	0	1
252	0.150	5	1	5	5	1	1
253	0.300	6	0	5	0	0	1
253	0.150	0	4	0	5	1	1
253	0.150	6	5	5	5	0	1
253	0.150	6	0	5	0	0	1
253	0.150	6	0	5	0	1	1
253	0.300	6	1	5	5	1	1
253	0.300	6	0	5	0	0	1
253	0.150	0	4	0	5	1	1
253	0.150	6	4	5	5	0	1
253	0.150	6	0	5	0	0	1
253	0.150	6	5	5	5	1	1
253	0.150	6	0	5	0	0	1
253	0.150	0	1	0	5	1	1
254	0.300	6	0	5	0	0	1
254	0.150	0	4	0	5	1	1
254	0.150	6	4	5	5	0	1
254	0.150	6	0	5	0	0	1
254	0.150	0	0	0	0	1	1
254	0.300	6	1	5	5	1	1
254	0.300	6	0	5	0	0	1
254	0.150	0	4	0	5	1	1
254	0.150	6	4	5	5	0	1
254	0.150	6	0	5	0	0	1
254	0.150	0	0	0	0	1	1
254	0.150	6	0	5	0	0	1
254	0.150	0	1	0	5	1	1
255	0.300	6	0	5	0	0	1
255	0.150	0	4	0	5	1	1
255	0.150	6	4	5	5	0	1
255	0.150	6	0	5	0	0	1
255	0.150	6	0	5	0	1	1
255	0.300	6	1	5	5	1	1
255	0.300	6	0	5	0	0	1
255	0.150	0	4	0	5	1	1
255	0.150	6	4	5	5	0	1
255	0.150	6	0	5	0	0	1
255	0.100	0	5	0	5	0	0
255	0.050	0	0	0	0	1	1
255	0.150	6	0	5	0	0	1
255	0.100	0	5	0	5	0	1
255	0.050	0	1	0	5	1	1
256	0.300	6	0	5	0	0	1
256	0.100	0	0	0	0	1	1
256	0.050	0	4	0	5	0	1
256	0.100	0	5	0	5	0	1
256	0.050	6	4	5	5	0	1
256	0.150	6	0	5	0	0	1
256	0.100	0	0	0	0	1	1
256	0.300	0	0	0	0	1	1
256	0.050	6	1	5	5	0	1
256	0.250	0	5	0	5	0	1
256	0.050	6	0	5	0	0	1
256	0.150	0	4	0	5	1	1
256	0.150	6	4	5	5	0	1
256	0.150	6	0	5	0	0	1
256	0.100	0	5	0	5	1	0
256	0.050	0	0	0	0	0	1
256	0.050	0	8	0	5	0	1
256	0.100	6	0	5	0	0	1
256	0.100	0	0	0	0	1	1
256	0.050	0	1	0	5	0	1
257	0.250	0	0	0	0	0	1
257	0.050	6	0	5	0	0	1
257	0.100	0	0	0	0	1	1
257	0.050	0	4	0	5	0	1
257	0.150	6	4	5	5	0	1
257	0.150	6	0	5	0	0	1
257	0.100	0	0	0	0	1	1
257	0.300	6	1	5	5	1	1
257	0.300	0	5	0	5	0	1
257	0.050	6	0	5	0	0	1
257	0.150	0	4	0	5	1	1
257	0.150	6	4	5	5	0	1
257	0.150	6	0	5	0	0	1
257	0.100	0	5	0	5	1	1
257	0.050	0	8	0	5	0	1
257	0.100	6	0	5	0	0	1
257	0.150	0	5	0	5	1	1
257	0.050	0	1	0	5	0	1
258	0.250	6	0	5	0	0	1
258	0.150	0	4	0	5	1	1
258	0.150	0	5	0	5	0	1
258	0.050	6	4	5	5	0	1
258	0.150	6	0	5	0	0	1
258	0.100	0	0	0	0	1	1
258	0.300	6	1	5	5	1	1
258	0.300	0	0	0	0	0	1
258	0.050	6	0	5	0	0	1
258	0.100	0	4	0	5	0	1
258	0.050	0	0	0	0	1	1
258	0.150	6	4	5	5	0	1
258	0.150	6	0	5	0	0	1
258	0.100	0	5	0	5	1	0
258	0.050	0	0	0	0	0	1
258	0.150	6	0	5	0	0	1
258	0.100	0	5	0	5	0	0
258	0.050	0	1	0	5	1	1
259	0.250	6	0	5	0	0	1
259	0.200	0	4	0	5	1	1
259	0.100	6	5	5	5	0	1
259	0.050	0	4	0	5	0	1
259	0.100	6	0	5	0	0	1
259	0.150	0	0	0	0	1	1
259	0.300	6	1	5	5	1	1
259	0.300	0	0	0	0	0	1
259	0.050	6	0	5	0	0	1
259	0.150	0	4	0	5	1	1
259	0.150	6	4	5	5	0	1
259	0.150	6	0	5	0	0	1
259	0.100	0	5	0	5	0	0
259	0.050	0	0	0	0	1	1
259	0.150	6	0	5	0	0	1
259	0.100	0	5	0	5	0	0
259	0.050	0	1	0	5	1	1
260	0.300	6	0	5	0	0	1
260	0.150	0	4	0	5	1	1
260	0.100	0	5	0	5	0	0
260	0.050	6	4	5	5	0	1
260	0.150	6	0	5	0	0	1
260	0.100	6	0	5	0	1	1
260	0.350	6	1	5	5	1	1
260	0.250	0	0	0	0	0	1
260	0.050	6	0	5	0	0	1
260	0.150	0	4	0	5	1	1
260	0.150	6	4	5	5	0	1
260	0.150	6	0	5	0	0	1
260	0.150	0	0	0	0	1	1
260	0.050	0	8	0	5	0	1
260	0.250	6	1	5	5	1	1
261	0.300	6	0	5	0	0	1
261	0.150	6	4	5	5	1	1
261	0.150	6	4	5	5	0	1
261	0.150	6	0	5	0	0	1
261	0.150	6	0	5	0	1	1
261	0.150	0	6	0	5	0	1
261	0.150	0	1	0	5	1	1
261	0.300	6	0	5	0	0	1
261	0.150	0	4	0	5	1	1
261	0.150	6	4	5	5	0	1
261	0.150	6	0	5	0	0	1
261	0.100	0	5	0	5	0	0
261	0.050	6	0	5	0	1	1
261	0.150	6	0	5	0	0	1
261	0.100	0	0	0	0	1	1
261	0.050	0	1	0	5	0	1
262	0.300	6	0	5	0	0	1
262	0.150	0	4	0	5	1	1
262	0.150	6	4	5	5	0	1
262	0.150	6	0	5	0	0	1
262	0.100	0	0	0	0	0	1
262	0.050	0	0	0	0	1	1
262	0.300	6	1	5	5	1	1
262	0.250	0	5	0	5	0	0
262	0.050	6	0	5	0	0	1
262	0.150	6	4	5	5	1	1
262	0.150	6	4	5	5	0	1
262	0.150	6	0	5	0	0	1
262	0.100	0	5	0	5	0	0
262	0.050	0	0	0	0	1	1
262	0.050	0	8	0	5	0	1
262	0.100	6	0	5	0	0	1
262	0.100	0	0	0	0	0	1
262	0.050	6	1	5	5	1	1
263	0.300	6	0	5	0	0	1
263	0.150	0	4	0	5	1	1
263	0.100	0	5	0	5	0	1
263	0.050	6	4	5	5	0	1
263	0.150	6	0	5	0	0	1
263	0.100	0	0	0	0	1	1
263	0.050	6	0	5	0	0	1
263	0.250	6	0	5	0	1	1
263	0.050	0	1	0	5	0	1
263	0.250	0	5	0	5	0	1
263	0.050	6	0	5	0	0	1
263	0.100	0	4	0	5	0	1
263	0.050	0	0	0	0	1	1
263	0.150	6	4	5	5	0	1
263	0.150	6	0	5	0	0	1
263	0.100	0	5	0	5	1	1
263	0.200	6	0	5	0	0	1
263	0.100	0	0	0	0	1	1
263	0.050	0	1	0	5	0	1
264	0.250	6	5	5	5	0	1
264	0.150	0	4	0	5	0	1
264	0.050	0	0	0	0	1	1
264	0.150	6	4	5	5	0	1
264	0.150	6	0	5	0	0	1
264	0.100	0	0	0	0	1	1
264	0.150	6	0	5	0	0	1
264	0.150	0	1	0	5	1	1
264	0.300	6	0	5	0	0	1
264	0.150	0	4	0	5	0	1
264	0.050	0	0	0	0	1	1
264	0.150	6	4	5	5	0	1
264	0.150	6	0	5	0	0	1
264	0.100	0	5	0	5	0	0
264	0.050	0	0	0	0	1	1
264	0.150	6	0	5	0	0	1
264	0.100	5	1	5	5	1	1
265	0.300	6	0	5	0	0	1
265	0.150	0	4	0	5	1	1
265	0.150	4	5	5	5	0	1
265	0.050	6	0	5	0	0	1
265	0.100	6	0	5	0	0	1
265	0.150	6	0	5	0	1	1
265	0.300	6	1	5	5	1	1
265	0.300	6	5	5	5	0	1
265	0.150	0	4	0	5	0	1
265	0.050	0	0	0	0	1	1
265	0.100	0	4	0	5	0	1
265	0.050	6	0	5	0	0	1
265	0.150	6	0	5	0	0	1
265	0.100	0	5	0	5	1	0
265	0.050	6	0	5	0	0	1
265	0.100	6	0	5	0	0	1
265	0.150	0	0	0	0	1	1
266	0.050	0	1	0	5	0	1
266	0.250	6	0	5	0	0	1
266	0.150	0	4	0	5	0	1
266	0.050	0	0	0	0	1	1
266	0.100	0	4	0	5	0	1
266	0.050	6	0	5	0	0	1
266	0.100	6	0	5	0	0	1
266	0.150	0	0	0	0	1	1
266	0.150	6	0	5	0	0	1
266	0.150	0	1	0	5	1	1
266	0.300	6	0	5	0	0	1
266	0.150	0	4	0	5	1	1
266	0.150	6	4	5	5	0	1
266	0.150	6	0	5	0	0	1
266	0.100	0	5	0	5	0	0
266	0.050	0	0	0	0	1	1
266	0.050	0	8	0	5	0	1
266	0.100	6	0	5	0	0	1
266	0.150	5	1	5	5	1	1
267	0.300	6	0	5	0	0	1
267	0.150	6	4	5	5	1	1
267	0.150	4	5	5	5	0	1
267	0.150	6	6	5	5	0	1
267	0.100	0	0	0	0	1	1
267	0.350	6	1	5	5	1	1
267	0.300	6	5	5	5	0	1
267	0.150	0	4	0	5	1	1
267	0.150	6	4	5	5	0	1
267	0.200	6	0	5	0	0	1
267	0.100	0	5	0	5	1	0
267	0.050	0	0	0	0	0	1
267	0.150	6	0	5	0	0	1
267	0.100	0	5	0	5	1	1
268	0.050	0	1	0	5	0	1
268	0.250	6	0	5	0	0	1
268	0.200	0	4	0	5	1	1
268	0.100	0	5	0	5	0	1
268	0.050	6	4	5	5	0	1
268	0.150	6	0	5	0	0	1
268	0.100	0	0	0	0	1	1
268	0.300	6	1	5	5	1	1
268	0.300	6	5	5	5	0	1
268	0.150	6	4	5	5	0	1
268	0.050	0	0	0	0	1	1
268	0.100	0	4	0	5	0	1
268	0.050	6	0	5	0	0	1
268	0.150	6	0	5	0	0	1
268	0.100	6	5	5	5	1	1
268	0.150	6	0	5	0	0	1
268	0.150	5	1	5	5	1	0
269	0.300	6	0	5	0	0	1
269	0.150	0	4	0	5	1	1
269	0.150	0	4	0	5	0	1
269	0.050	6	0	5	0	0	1
269	0.150	6	0	5	0	0	1
269	0.100	6	0	5	0	1	1
269	0.050	0	0	0	0	0	1
269	0.300	6	1	5	5	1	1
269	0.250	0	5	0	5	0	1
269	0.050	6	0	5	0	0	1
269	0.150	0	4	0	5	1	1
269	0.150	6	4	5	5	0	1
269	0.150	6	0	5	0	0	1
269	0.100	0	5	0	5	1	1
269	0.050	6	0	5	0	0	1
269	0.150	6	0	5	0	0	1
269	0.100	0	0	0	0	1	1
270	0.050	0	1	0	5	0	1
270	0.300	6	0	5	0	0	1
270	0.150	0	4	0	5	1	1
270	0.150	6	4	5	5	0	1
270	0.150	6	0	5	0	0	1
270	0.150	0	0	0	0	1	1
270	0.300	6	1	5	5	1	1
270	0.300	6	0	5	0	0	1
270	0.150	0	4	0	5	1	1
270	0.150	6	4	5	5	0	1
270	0.150	6	0	5	0	0	1
270	0.100	0	5	0	5	0	0
270	0.050	0	0	0	0	1	1
270	0.150	6	0	5	0	0	1
270	0.050	0	5	0	5	0	0
270	0.050	0	5	0	5	0	0
271	0.050	0	1	0	5	1	1
271	0.300	6	0	5	0	0	1
271	0.150	0	4	0	5	1	1
271	0.100	0	5	0	5	0	0
271	0.050	6	4	5	5	0	1
271	0.150	6	0	5	0	0	1
271	0.100	0	0	0	0	1	1
271	0.300	0	0	0	0	1	1
271	0.050	6	1	5	5	0	1
271	0.250	0	5	0	5	0	1
271	0.050	6	0	5	0	0	1
271	0.150	0	4	0	5	1	1
271	0.150	6	4	5	5	0	1
271	0.150	6	0	5	0	0	1
271	0.100	0	5	0	5	0	0
271	0.050	0	0	0	0	1	1
271	0.150	6	0	5	0	0	1
271	0.100	0	5	0	5	0	0
272	0.050	0	1	0	5	1	1
272	0.300	6	0	5	0	0	1
272	0.150	0	4	0	5	1	1
272	0.150	6	5	5	5	0	1
272	0.150	6	0	5	0	0	1
272	0.100	0	0	0	0	1	1
272	0.050	6	0	5	0	0	1
272	0.250	6	1	5	5	1	1
272	0.300	6	5	5	5	0	1
272	0.150	0	4	0	5	0	1
272	0.050	0	0	0	0	1	1
272	0.100	0	4	0	5	0	1
272	0.050	6	0	5	0	0	1
272	0.150	6	0	5	0	0	1
272	0.100	6	5	5	5	1	0
272	0.050	0	0	0	0	0	1
272	0.050	0	8	0	5	0	1
272	0.100	6	0	5	0	0	1
272	0.100	0	0	0	0	1	1
273	0.050	6	1	5	5	0	1
273	0.300	6	0	5	0	0	1
273	0.150	0	4	0	5	1	1
273	0.150	6	4	5	5	0	1
273	0.150	6	0	5	0	0	1
273	0.100	0	5	0	5	1	0
273	0.050	0	0	0	0	0	1
273	0.250	0	0	0	0	1	1
273	0.050	6	1	5	5	0	1
273	0.250	0	5	0	5	0	0
273	0.050	6	0	5	0	0	1
273	0.150	0	4	0	5	1	1
273	0.150	6	4	5	5	0	1
273	0.150	6	0	5	0	0	1
273	0.100	0	5	0	5	1	1
273	0.050	0	8	0	5	0	1
273	0.150	6	0	5	0	0	1
273	0.100	0	0	0	0	0	1
274	0.050	0	1	0	5	1	1
274	0.300	6	0	5	0	0	1
274	0.150	0	4	0	5	1	1
274	0.100	0	5	0	5	0	1
274	0.050	6	4	5	5	0	1
274	0.150	6	0	5	0	0	1
274	0.100	6	0	5	0	1	1
274	0.300	0	1	0	5	1	1
274	0.050	6	0	5	0	0	1
274	0.250	0	5	0	5	0	1
274	0.050	6	0	5	0	0	1
274	0.100	0	4	0	5	0	1
274	0.050	0	0	0	0	1	1
274	0.150	6	4	5	5	0	1
274	0.150	6	0	5	0	0	1
274	0.100	0	5	0	5	1	0
274	0.050	0	0	0	0	0	1
274	0.100	6	0	5	0	0	1
274	0.150	0	5	0	5	0	0
275	0.050	0	1	0	5	1	1
275	0.250	6	0	5	0	0	1
275	0.200	0	4	0	5	1	1
275	0.100	0	5	0	5	0	0
275	0.050	6	4	5	5	0	1
275	0.150	6	0	5	0	0	1
275	0.100	0	0	0	0	1	1
275	0.050	6	0	5	0	0	1
275	0.250	0	0	0	0	1	1
275	0.050	6	1	5	5	0	1
275	0.250	0	5	0	5	0	1
275	0.050	6	0	5	0	0	1
275	0.150	6	4	5	5	1	1
275	0.150	6	4	5	5	0	1
275	0.150	6	0	5	0	0	1
275	0.100	0	5	0	5	1	0
275	0.050	6	0	5	0	0	1
275	0.150	6	0	5	0	0	1
275	0.100	0	5	0	5	0	0
276	0.050	0	1	0	5	1	1
276	0.300	6	0	5	0	0	1
276	0.150	0	4	0	5	1	1
276	0.050	0	5	0	5	0	0
276	0.100	6	4	5	5	0	1
276	0.150	6	0	5	0	0	1
276	0.150	6	0	5	0	1	1
276	0.300	6	1	5	5	1	1
276	0.250	0	5	0	5	0	1
276	0.050	6	0	5	0	0	1
276	0.150	0	4	0	5	1	1
276	0.150	6	4	5	5	0	1
276	0.150	6	0	5	0	0	1
276	0.150	0	5	0	5	1	1
276	0.150	6	0	5	0	0	1
276	0.100	0	5	0	5	0	0
277	0.050	0	1	0	5	1	1
277	0.250	6	0	5	0	0	1
277	0.150	0	1	0	5	0	1
277	0.050	0	0	0	0	1	1
277	0.050	0	5	0	5	0	0
277	0.050	5	1	5	5	0	0
277	0.050	6	0	5	0	0	1
277	0.150	6	0	5	0	0	1
277	0.100	6	0	5	0	1	1
277	0.300	6	1	5	5	1	1
277	0.300	0	5	0	5	0	1
277	0.050	6	0	5	0	0	1
277	0.150	0	4	0	5	1	1
277	0.150	6	4	5	5	0	1
277	0.150	6	0	5	0	0	1
277	0.050	0	5	0	5	0	0
277	0.050	0	0	0	0	1	1
277	0.050	6	0	5	0	0	1
277	0.150	6	0	5	0	0	1
277	0.100	0	0	0	0	1	1
278	0.050	6	1	5	5	0	1
278	0.250	0	5	0	5	0	0
278	0.050	6	0	5	0	0	1
278	0.150	0	1	0	5	1	1
278	0.100	0	1	0	5	0	1
278	0.050	6	0	5	0	0	1
278	0.150	6	0	5	0	0	1
278	0.100	0	5	0	5	1	1
278	0.300	0	1	0	5	0	1
278	0.050	6	0	5	0	1	1
278	0.250	0	5	0	5	0	0
278	0.050	6	0	5	0	0	1
278	0.150	0	4	0	5	1	1
278	0.150	6	4	5	5	0	1
278	0.150	6	0	5	0	0	1
278	0.100	0	5	0	5	1	0
278	0.050	0	0	0	0	0	1
279	0.300	6	1	5	5	1	1
279	0.300	6	0	5	0	0	1
279	0.150	0	4	0	5	1	1
279	0.150	6	4	5	5	0	1
279	0.150	6	0	5	0	0	1
279	0.150	0	5	0	5	1	1
279	0.300	6	1	5	5	1	1
279	0.300	6	5	5	5	0	1
279	0.150	0	1	0	5	1	1
279	0.150	6	1	5	5	0	1
279	0.150	6	0	5	0	0	1
279	0.150	6	5	5	5	1	1
280	0.300	6	4	5	5	1	1
280	0.300	6	5	5	5	0	1
280	0.150	3	0	5	0	1	1
280	0.150	3	0	5	0	0	1
280	0.150	0	3	0	5	0	1
280	0.150	3	0	5	0	0	1
280	0.300	6	1	5	5	1	1
280	0.300	6	0	5	0	0	1
280	0.150	0	4	0	5	1	1
280	0.150	6	4	5	5	0	1
280	0.150	6	0	5	0	0	1
280	0.150	0	0	0	0	1	1
281	0.150	6	0	5	0	0	1
281	0.150	0	1	0	5	1	1
281	0.250	0	5	0	5	0	0
281	0.050	6	0	5	0	0	1
281	0.150	0	4	0	5	1	1
281	0.150	6	4	5	5	0	1
281	0.150	6	0	5	0	0	1
281	0.100	0	0	0	0	1	1
281	0.050	0	0	0	0	0	1
281	0.300	6	1	5	5	1	1
281	0.250	0	0	0	0	0	1
281	0.050	6	0	5	0	0	1
281	0.150	0	4	0	5	1	1
281	0.150	6	4	5	5	0	1
281	0.150	6	0	5	0	0	1
281	0.050	0	5	0	5	0	0
281	0.050	0	0	0	0	0	1
281	0.050	0	0	0	0	1	1
282	0.100	6	0	5	0	0	1
282	0.150	0	5	0	5	0	1
282	0.050	0	1	0	5	1	1
282	0.250	6	0	5	0	0	1
282	0.150	0	4	0	5	1	1
282	0.150	6	5	5	5	0	1
282	0.150	6	0	5	0	0	1
282	0.150	0	0	0	0	1	1
282	0.300	6	1	5	5	1	1
282	0.250	0	5	0	5	0	0
282	0.050	6	0	5	0	0	1
282	0.150	0	4	0	5	1	1
282	0.150	6	4	5	5	0	1
282	0.150	6	0	5	0	0	1
282	0.150	0	5	0	5	1	1
283	0.150	6	0	5	0	0	1
283	0.150	0	5	0	5	1	1
283	0.050	0	1	0	5	0	1
283	0.250	6	0	5	0	0	1
283	0.150	0	4	0	5	1	1
283	0.150	6	5	5	5	0	1
283	0.150	6	0	5	0	0	1
283	0.150	0	0	0	0	1	1
283	0.300	6	1	5	5	1	1
283	0.250	0	5	0	5	0	0
283	0.050	6	0	5	0	0	1
283	0.150	0	4	0	5	1	1
283	0.150	6	4	5	5	0	1
283	0.150	6	0	5	0	0	1
283	0.150	0	5	0	5	1	1
284	0.050	0	8	0	5	0	1
284	0.150	6	0	5	0	0	1
284	0.050	0	5	0	5	0	0
284	0.050	0	1	0	5	1	1
284	0.300	6	0	5	0	0	1
284	0.150	0	4	0	5	1	1
284	0.150	6	5	5	5	0	1
284	0.150	6	0	5	0	0	1
284	0.100	0	0	0	0	1	1
284	0.350	6	1	5	5	1	1
284	0.300	6	0	5	0	0	1
284	0.150	0	4	0	5	1	1
284	0.150	6	4	5	5	0	1
284	0.150	6	0	5	0	0	1
284	0.150	0	5	0	5	1	1
285	0.200	6	0	5	0	0	1
285	0.100	0	5	0	5	1	1
285	0.050	6	0	5	0	0	1
285	0.250	6	0	5	0	0	1
285	0.150	0	0	0	0	1	1
285	0.100	0	5	0	5	0	0
285	0.050	0	5	0	5	0	1
285	0.050	6	0	5	0	0	1
285	0.100	0	1	0	5	0	1
285	0.150	0	5	0	5	0	1
285	0.050	1	0	5	0	0	1
285	0.300	6	1	5	5	1	1
285	0.250	0	5	0	5	0	1
285	0.050	6	0	5	0	0	1
285	0.150	0	4	0	5	1	1
285	0.150	6	4	5	5	0	1
285	0.150	6	0	5	0	0	1
285	0.050	0	5	0	5	0	0
285	0.050	0	5	0	5	1	0
286	0.050	0	0	0	0	0	1
286	0.150	6	0	5	0	0	1
286	0.100	0	0	0	0	1	1
286	0.050	0	1	0	5	0	1
286	0.300	6	5	5	5	0	1
286	0.150	0	4	0	5	1	1
286	0.150	6	4	5	5	0	1
286	0.150	6	0	5	0	0	1
286	0.100	0	5	0	5	0	0
286	0.050	0	0	0	0	1	1
286	0.300	6	1	5	5	1	1
286	0.250	0	5	0	5	0	0
286	0.050	6	0	5	0	0	1
286	0.150	0	4	0	5	1	1
286	0.150	6	4	5	5	0	1
286	0.150	6	0	5	0	0	1
286	0.100	0	5	0	5	0	0
287	0.050	0	5	0	5	1	1
287	0.150	6	0	5	0	0	1
287	0.150	5	1	5	5	1	1
287	0.300	6	0	5	0	0	1
287	0.150	0	4	0	5	1	1
287	0.100	0	5	0	5	0	0
287	0.050	6	4	5	5	0	1
287	0.150	6	0	5	0	0	1
287	0.100	6	0	5	0	1	1
287	0.300	6	0	5	0	1	1
287	0.050	0	1	0	5	0	1
287	0.250	0	5	0	5	0	1
287	0.050	6	0	5	0	0	1
287	0.100	0	4	0	5	0	1
287	0.050	0	0	0	0	1	1
287	0.150	6	4	5	5	0	1
287	0.150	6	0	5	0	0	1
287	0.100	0	5	0	5	0	0
288	0.050	0	0	0	0	1	1
288	0.150	6	0	5	0	0	1
288	0.100	0	5	0	5	0	0
288	0.050	0	1	0	5	1	1
288	0.250	6	0	5	0	0	1
288	0.150	0	4	0	5	0	1
288	0.050	0	0	0	0	1	1
288	0.100	0	5	0	5	0	0
288	0.050	6	4	5	5	0	1
288	0.150	6	0	5	0	0	1
288	0.100	6	0	5	0	1	1
288	0.300	6	0	5	0	1	1
288	0.050	0	1	0	5	0	1
288	0.250	0	5	0	5	0	1
288	0.050	6	0	5	0	0	1
288	0.100	0	4	0	5	0	1
288	0.050	0	0	0	0	1	1
288	0.150	6	4	5	5	0	1
288	0.150	6	0	5	0	0	1
288	0.050	0	5	0	5	0	0
288	0.050	0	5	0	5	1	0
289	0.050	0	0	0	0	0	1
289	0.150	6	0	5	0	0	1
289	0.100	0	0	0	0	1	1
289	0.050	6	1	5	5	0	1
289	0.250	6	5	5	5	0	0
289	0.050	0	0	0	0	0	1
289	0.100	0	4	0	5	0	1
289	0.050	0	0	0	0	1	1
289	0.100	0	4	0	5	0	1
289	0.050	6	0	5	0	0	1
289	0.150	6	0	5	0	0	1
289	0.100	0	5	0	5	1	0
289	0.050	6	0	5	0	0	1
289	0.300	6	1	5	5	1	1
289	0.250	0	5	0	5	0	0
289	0.050	6	0	5	0	0	1
289	0.150	0	4	0	5	1	1
289	0.100	0	1	0	5	0	1
289	0.050	6	4	5	5	0	1
289	0.150	6	0	5	0	0	1
289	0.050	0	5	0	5	0	0
289	0.050	0	5	0	5	0	0
290	0.050	0	0	0	0	1	1
290	0.150	6	0	5	0	0	1
290	0.050	0	5	0	5	0	0
290	0.050	0	5	0	5	0	1
290	0.050	0	1	0	5	1	1
290	0.250	6	0	5	0	0	1
290	0.150	0	0	0	0	1	1
290	0.050	0	4	0	5	0	1
290	0.100	6	5	5	5	0	0
290	0.050	0	4	0	5	0	1
290	0.100	6	0	5	0	0	1
290	0.150	6	0	5	0	1	1
290	0.350	6	1	5	5	1	1
290	0.300	6	0	5	0	0	1
290	0.150	0	4	0	5	1	1
290	0.150	6	4	5	5	0	1
290	0.150	6	0	5	0	0	1
290	0.100	0	0	0	0	1	1
291	0.050	0	0	0	0	0	1
291	0.150	6	0	5	0	0	1
291	0.150	0	1	0	5	1	1
291	0.300	6	0	5	0	0	1
291	0.150	0	4	0	5	1	1
291	0.150	6	4	5	5	0	1
291	0.150	6	0	5	0	0	1
291	0.150	0	0	0	0	1	1
291	0.300	6	1	5	5	1	1
291	0.300	6	0	5	0	0	1
291	0.150	0	4	0	5	1	1
291	0.150	6	4	5	5	0	1
291	0.150	6	0	5	0	0	1
291	0.100	0	5	0	5	0	0
292	0.050	0	0	0	0	1	1
292	0.150	6	0	5	0	0	1
292	0.050	0	5	0	5	0	0
292	0.050	0	5	0	5	0	0
292	0.050	6	1	5	5	1	1
292	0.250	6	0	5	0	0	1
292	0.150	0	0	0	0	1	1
292	0.050	0	4	0	5	0	1
292	0.100	0	5	0	5	0	0
292	0.050	6	4	5	5	0	1
292	0.150	6	0	5	0	0	1
292	0.100	0	0	0	0	1	1
292	0.300	6	1	5	5	1	1
292	0.300	0	5	0	5	0	1
292	0.050	6	0	5	0	0	1
292	0.100	0	4	0	5	0	1
292	0.050	0	0	0	0	1	1
292	0.100	0	4	0	5	0	1
292	0.050	6	0	5	0	0	1
292	0.150	6	0	5	0	0	1
293	0.150	0	5	0	5	1	1
293	0.050	0	8	0	5	0	1
293	0.100	6	0	5	0	0	1
293	0.150	0	1	0	5	1	1
293	0.250	0	5	0	5	0	0
293	0.050	6	0	5	0	0	1
293	0.150	0	4	0	5	1	1
293	0.150	6	4	5	5	0	1
293	0.150	6	0	5	0	0	1
293	0.100	0	5	0	5	0	0
293	0.050	0	0	0	0	1	1
293	0.300	6	1	5	5	1	1
293	0.300	6	0	5	0	0	1
293	0.150	0	4	0	5	1	1
293	0.150	6	4	5	5	0	1
294	0.200	6	0	5	0	0	1
294	0.050	0	5	0	5	0	0
294	0.050	6	0	5	0	1	1
294	0.150	6	0	5	0	0	1
294	0.150	5	1	5	5	1	1
294	0.300	6	0	5	0	0	1
294	0.150	0	4	0	5	1	1
294	0.100	0	5	0	5	0	0
294	0.050	6	4	5	5	0	1
294	0.150	6	0	5	0	0	1
294	0.100	0	0	0	0	1	1
294	0.300	0	0	0	0	1	1
294	0.050	6	1	5	5	0	1
294	0.250	0	5	0	5	0	1
294	0.050	6	0	5	0	0	1
294	0.150	0	4	0	5	1	1
294	0.150	6	4	5	5	0	1
295	0.150	6	0	5	0	0	1
295	0.150	6	5	5	5	1	1
295	0.150	6	0	5	0	0	1
295	0.150	0	1	0	5	1	1
295	0.300	6	5	5	5	0	1
295	0.150	0	4	0	5	1	1
295	0.150	6	4	5	5	0	1
295	0.150	6	0	5	0	0	1
295	0.150	0	5	0	5	1	1
295	0.150	6	0	5	0	0	1
295	0.150	0	1	0	5	1	1
295	0.300	6	0	5	0	0	1
295	0.150	0	4	0	5	1	1
295	0.150	6	4	5	5	0	1
296	0.150	6	0	5	0	0	1
296	0.100	0	5	0	5	0	0
296	0.050	0	0	0	0	1	1
296	0.150	6	0	5	0	0	1
296	0.100	0	5	0	5	0	0
296	0.050	0	1	0	5	1	1
296	0.300	6	0	5	0	0	1
296	0.150	0	4	0	5	1	1
296	0.100	0	5	0	5	0	0
296	0.050	6	4	5	5	0	1
296	0.150	6	0	5	0	0	1
296	0.150	0	0	0	0	1	1
296	0.300	6	1	5	5	1	1
296	0.250	0	5	0	5	0	0
296	0.050	6	0	5	0	0	1
296	0.150	0	4	0	5	1	1
296	0.150	6	4	5	5	0	1
297	0.150	6	0	5	0	0	1
297	0.050	0	5	0	5	0	0
297	0.100	0	5	0	5	1	1
297	0.150	6	0	5	0	0	1
297	0.050	0	5	0	5	0	0
297	0.050	0	5	0	5	0	0
297	0.050	0	1	0	5	1	1
297	0.300	6	0	5	0	0	1
297	0.150	0	4	0	5	1	1
297	0.050	0	5	0	5	0	0
297	0.050	0	5	0	5	0	0
297	0.050	6	4	5	5	0	1
297	0.150	6	0	5	0	0	1
297	0.100	0	0	0	0	1	1
297	0.050	6	0	5	0	0	1
297	0.250	6	0	5	0	1	1
297	0.050	0	1	0	5	0	1
297	0.250	0	0	0	0	0	1
297	0.050	6	0	5	0	0	1
297	0.150	0	4	0	5	1	1
297	0.150	6	4	5	5	0	1
298	0.150	6	0	5	0	0	1
298	0.100	0	0	0	0	1	1
298	0.150	6	0	5	0	0	1
298	0.150	0	0	0	0	1	1
298	0.050	0	1	0	5	0	1
298	0.250	6	5	5	5	0	1
298	0.150	0	4	0	5	0	1
298	0.050	0	0	0	0	1	1
298	0.100	6	4	5	5	0	1
298	0.200	6	0	5	0	0	1
298	0.100	6	5	5	5	1	0
298	0.050	0	0	0	0	0	1
298	0.050	0	8	0	5	0	1
298	0.200	6	1	5	5	1	1
298	0.300	6	0	5	0	0	1
298	0.050	0	0	0	0	0	1
298	0.100	0	4	0	5	0	1
298	0.050	0	0	0	0	1	1
298	0.100	6	0	5	0	0	1
298	0.050	0	4	0	5	0	1
299	0.100	6	0	5	0	0	1
299	0.150	0	5	0	5	1	1
299	0.300	6	1	5	5	1	1
299	0.300	6	0	5	0	0	1
299	0.150	0	4	0	5	0	1
299	0.050	0	0	0	0	1	1
299	0.150	6	4	5	5	0	1
299	0.150	6	0	5	0	0	1
299	0.100	0	5	0	5	1	1
299	0.300	0	1	0	5	1	1
299	0.050	6	0	5	0	0	1
299	0.250	0	0	0	0	0	1
299	0.050	6	0	5	0	0	1
299	0.100	0	4	0	5	0	1
299	0.050	0	0	0	0	1	1
299	0.150	6	4	5	5	0	1
300	0.150	6	0	5	0	0	1
300	0.100	0	5	0	5	1	0
300	0.050	0	0	0	0	0	1
300	0.200	6	0	5	0	0	1
300	0.050	0	1	0	5	0	1
300	0.050	0	0	0	0	1	1
300	0.250	0	0	0	0	0	1
300	0.050	6	0	5	0	0	1
300	0.100	0	4	0	5	0	1
300	0.050	0	0	0	0	1	1
300	0.150	6	4	5	5	0	1
300	0.250	0	0	0	0	0	1
300	0.350	6	1	5	5	1	1
300	0.300	6	0	5	0	0	1
300	0.150	0	4	0	5	1	1
300	0.150	6	4	5	5	0	1
301	0.150	6	0	5	0	0	1
301	0.100	0	5	0	5	1	0
301	0.050	0	0	0	0	0	1
301	0.200	6	0	5	0	0	1
301	0.050	0	0	0	0	1	1
301	0.050	0	1	0	5	0	1
301	0.300	6	0	5	0	0	1
301	0.250	0	5	0	5	0	0
301	0.050	6	4	5	5	0	1
301	0.600	6	1	5	5	1	1
301	0.300	6	0	5	0	0	1
301	0.150	0	4	0	5	1	1
301	0.150	6	4	5	5	0	1
302	0.150	6	0	5	0	0	1
302	0.150	0	5	0	5	1	1
302	0.150	6	0	5	0	0	1
302	0.150	0	1	0	5	1	1
302	0.300	6	0	5	0	0	1
302	0.250	0	5	0	5	0	1
302	0.350	6	1	5	5	0	1
302	0.300	6	0	5	0	1	1
302	0.300	6	1	5	5	0	1
302	0.150	0	0	0	0	1	1
302	0.150	6	0	5	0	0	1
303	0.150	6	4	5	5	0	1
303	0.150	0	5	0	5	1	1
303	0.050	4	0	5	0	0	1
303	0.250	0	0	0	0	1	1
303	0.050	6	0	5	0	0	1
303	0.250	6	5	5	5	0	1
303	0.200	0	5	0	5	0	0
303	0.100	0	1	0	5	0	0
303	0.150	0	1	0	5	0	0
303	0.100	0	0	0	0	0	1
303	0.050	0	1	0	5	0	1
303	0.300	6	0	5	0	1	1
303	0.300	6	5	5	5	0	1
303	0.150	0	0	0	0	1	1
303	0.150	6	0	5	0	0	1
304	0.150	0	4	0	5	0	1
304	0.150	0	1	0	5	0	1
304	0.150	5	1	5	5	0	0
304	0.150	0	1	0	5	0	0
304	0.300	3	0	5	0	0	0
304	0.100	0	1	0	5	0	0
304	0.050	0	1	0	5	0	0
304	0.050	0	1	0	5	0	0
304	0.100	0	1	0	5	0	0
304	0.150	1	0	5	0	0	0
304	0.150	0	1	0	5	0	1
304	0.300	6	1	5	5	1	1
304	0.300	6	0	5	0	0	1
304	0.150	0	4	0	5	1	1
304	0.150	6	4	5	5	0	1
305	0.150	6	0	5	0	0	1
305	0.100	0	5	0	5	1	0
305	0.050	0	0	0	0	0	1
305	0.050	6	0	5	0	0	1
305	0.100	6	0	5	0	0	1
305	0.100	0	0	0	0	1	1
305	0.050	6	1	5	5	0	1
305	0.250	0	5	0	5	0	0
305	0.050	6	0	5	0	0	1
305	0.100	0	4	0	5	0	1
305	0.050	0	0	0	0	1	1
305	0.150	6	4	5	5	0	1
305	0.150	6	0	5	0	0	1
305	0.150	0	0	0	0	1	1
305	0.300	6	1	5	5	1	1
305	0.300	6	5	5	5	0	1
305	0.150	0	4	0	5	1	1
305	0.150	6	4	5	5	0	1
306	0.150	6	0	5	0	0	1
306	0.100	0	5	0	5	0	0
306	0.050	0	5	0	5	1	1
306	0.150	6	0	5	0	0	1
306	0.100	0	5	0	5	0	0
306	0.050	0	1	0	5	1	1
306	0.250	6	0	5	0	0	1
306	0.150	0	4	0	5	1	1
306	0.100	0	5	0	5	0	0
306	0.050	0	5	0	5	0	1
306	0.050	6	4	5	5	0	1
306	0.150	6	0	5	0	0	1
306	0.100	0	0	0	0	1	1
306	0.300	0	0	0	0	1	1
306	0.050	6	1	5	5	0	1
306	0.250	0	5	0	5	0	1
306	0.050	6	0	5	0	0	1
306	0.100	0	4	0	5	0	1
306	0.050	0	0	0	0	1	1
306	0.150	6	4	5	5	0	1
307	0.150	6	0	5	0	0	1
307	0.150	0	5	0	5	1	1
307	0.150	6	0	5	0	0	1
307	0.150	0	1	0	5	1	1
307	0.300	6	0	5	0	0	1
307	0.150	6	4	5	5	1	1
307	0.150	6	4	5	5	0	1
307	0.150	6	0	5	0	0	1
307	0.100	0	0	0	0	1	1
307	0.050	0	0	0	0	0	1
307	0.100	6	0	5	0	0	1
307	0.200	0	1	0	5	1	1
307	0.250	6	0	5	0	0	1
307	0.150	0	4	0	5	0	1
307	0.050	0	0	0	0	1	1
307	0.100	0	4	0	5	0	1
307	0.050	6	0	5	0	0	1
308	0.150	6	0	5	0	0	1
308	0.100	0	5	0	5	1	1
308	0.200	6	0	5	0	0	1
308	0.100	5	1	5	5	1	1
308	0.300	6	0	5	0	0	1
308	0.150	0	4	0	5	1	1
308	0.150	4	5	5	5	0	1
308	0.150	6	0	5	0	0	1
308	0.150	0	0	0	0	1	1
308	0.300	0	0	0	0	1	1
308	0.050	6	1	5	5	0	1
308	0.250	0	5	0	5	0	1
308	0.050	6	0	5	0	0	1
308	0.150	0	4	0	5	1	1
308	0.150	6	4	5	5	0	1
309	0.150	6	0	5	0	0	1
309	0.100	0	5	0	5	1	0
309	0.050	0	0	0	0	0	1
309	0.150	6	0	5	0	0	1
309	0.100	0	0	0	0	1	1
309	0.050	0	1	0	5	0	1
309	0.300	6	0	5	0	0	1
309	0.100	0	4	0	5	0	1
309	0.050	0	0	0	0	1	1
309	0.150	6	4	5	5	0	1
309	0.150	6	0	5	0	0	1
309	0.100	0	5	0	5	0	0
309	0.050	0	0	0	0	1	1
309	0.150	6	0	5	0	0	1
309	0.150	0	1	0	5	1	1
309	0.300	6	0	5	0	0	1
309	0.100	0	4	0	5	0	1
309	0.050	0	0	0	0	1	1
309	0.150	6	4	5	5	0	1
310	0.150	6	0	5	0	0	1
310	0.050	0	5	0	5	0	0
310	0.050	0	0	0	0	0	1
310	0.050	0	0	0	0	1	1
310	0.150	6	0	5	0	0	1
310	0.150	0	1	0	5	1	1
310	0.250	6	5	5	5	0	0
310	0.050	0	0	0	0	0	1
310	0.100	6	4	5	5	0	1
310	0.050	0	0	0	0	1	1
310	0.150	6	4	5	5	0	1
310	0.150	6	0	5	0	0	1
310	0.100	0	0	0	0	1	1
310	0.050	0	0	0	0	0	1
310	0.300	6	1	5	5	1	1
310	0.250	0	5	0	5	0	0
310	0.050	6	0	5	0	0	1
310	0.150	0	4	0	5	1	1
310	0.150	6	4	5	5	0	1
311	0.150	6	0	5	0	0	1
311	0.100	0	5	0	5	0	0
311	0.050	0	0	0	0	1	1
311	0.300	6	1	5	5	1	1
311	0.300	6	0	5	0	0	1
311	0.100	0	4	0	5	0	1
311	0.050	0	0	0	0	1	1
311	0.150	6	4	5	5	0	1
311	0.150	6	0	5	0	0	1
311	0.100	0	5	0	5	1	0
311	0.050	0	0	0	0	0	1
311	0.100	6	0	5	0	0	1
311	0.150	0	0	0	0	1	1
311	0.050	0	1	0	5	0	1
311	0.250	6	0	5	0	0	1
311	0.050	0	0	0	0	0	1
311	0.100	0	4	0	5	1	1
311	0.150	6	4	5	5	0	1
312	0.150	6	0	5	0	0	1
312	0.150	6	5	5	5	1	1
312	0.150	6	0	5	0	0	1
312	0.150	0	1	0	5	1	1
312	0.300	6	0	5	0	0	1
312	0.150	0	4	0	5	1	1
312	0.200	6	4	5	5	0	1
312	0.150	6	0	5	0	0	1
312	0.100	0	0	0	0	1	1
312	0.350	6	1	5	5	1	1
312	0.250	0	0	0	0	0	1
312	0.050	6	0	5	0	0	1
312	0.150	0	4	0	5	1	1
313	0.150	6	4	5	5	0	1
313	0.150	6	0	5	0	0	1
313	0.050	0	5	0	5	0	0
313	0.050	0	5	0	5	0	0
313	0.050	6	0	5	0	1	1
313	0.050	0	8	0	5	0	1
313	0.100	6	0	5	0	0	1
313	0.050	0	5	0	5	0	0
313	0.050	0	0	0	0	0	1
313	0.050	0	1	0	5	1	1
313	0.250	6	0	5	0	0	1
313	0.150	0	4	0	5	1	1
313	0.150	6	5	5	5	0	1
313	0.050	0	4	0	5	0	1
313	0.100	6	0	5	0	0	1
313	0.150	6	0	5	0	1	1
313	0.300	6	1	5	5	1	1
313	0.300	6	5	5	5	0	1
313	0.150	0	4	0	5	0	1
313	0.050	0	0	0	0	1	1
314	0.150	6	4	5	5	0	1
314	0.150	6	0	5	0	0	1
314	0.100	0	5	0	5	1	0
314	0.050	0	0	0	0	0	1
314	0.150	6	0	5	0	0	1
314	0.050	0	5	0	5	0	0
314	0.100	0	1	0	5	1	1
314	0.300	6	0	5	0	0	1
314	0.150	0	4	0	5	1	1
314	0.100	0	5	0	5	0	0
314	0.050	6	4	5	5	0	1
314	0.150	6	0	5	0	0	1
314	0.100	0	0	0	0	1	1
314	0.350	6	1	5	5	1	1
314	0.250	0	5	0	5	0	0
314	0.050	6	0	5	0	0	1
314	0.150	0	4	0	5	1	1
315	0.150	6	4	5	5	0	1
315	0.150	6	0	5	0	0	1
315	0.150	0	5	0	5	1	1
315	0.150	6	0	5	0	0	1
315	0.100	0	0	0	0	0	1
315	0.050	6	1	5	5	1	1
315	0.300	6	0	5	0	0	1
315	0.150	0	4	0	5	1	1
315	0.100	0	5	0	5	0	0
315	0.050	6	4	5	5	0	1
315	0.150	6	0	5	0	0	1
315	0.100	0	0	0	0	1	1
315	0.350	6	1	5	5	1	1
315	0.300	6	5	5	5	0	1
315	0.150	0	4	0	5	1	1
316	0.150	6	4	5	5	0	1
316	0.200	6	0	5	0	0	1
316	0.100	0	5	0	5	1	1
316	0.150	6	0	5	0	0	1
316	0.150	5	1	5	5	1	1
316	0.300	6	0	5	0	0	1
316	0.150	0	4	0	5	1	1
316	0.150	6	5	5	5	0	1
316	0.150	6	0	5	0	0	1
316	0.150	0	0	0	0	1	1
316	0.300	6	1	5	5	1	1
316	0.300	6	5	5	5	0	1
316	0.150	0	4	0	5	1	1
317	0.150	6	0	5	0	0	1
317	0.050	0	4	0	5	0	1
317	0.100	6	0	5	0	0	1
317	0.150	6	5	5	5	1	1
317	0.150	6	0	5	0	0	1
317	0.150	5	1	5	5	1	1
317	0.300	6	0	5	0	0	1
317	0.150	0	4	0	5	1	1
317	0.150	6	5	5	5	0	1
317	0.150	6	0	5	0	0	1
317	0.150	0	0	0	0	1	1
317	0.300	6	1	5	5	1	1
317	0.300	6	5	5	5	0	1
317	0.150	0	4	0	5	1	1
318	0.150	6	4	5	5	0	1
318	0.150	6	0	5	0	0	1
318	0.150	0	5	0	5	1	1
318	0.150	6	0	5	0	0	1
318	0.150	0	1	0	5	1	1
318	0.300	6	0	5	0	0	1
318	0.150	0	4	0	5	1	1
318	0.100	0	5	0	5	0	0
318	0.050	6	4	5	5	0	1
318	0.150	6	0	5	0	0	1
318	0.100	0	0	0	0	1	1
318	0.350	6	1	5	5	1	1
318	0.250	0	5	0	5	0	0
318	0.050	6	0	5	0	0	1
318	0.150	0	4	0	5	1	1
319	0.150	6	4	5	5	0	1
319	0.150	6	0	5	0	0	1
319	0.150	0	5	0	5	1	1
319	0.150	6	0	5	0	0	1
319	0.150	5	1	5	5	1	1
319	0.300	6	0	5	0	0	1
319	0.150	0	4	0	5	1	1
319	0.150	6	5	5	5	0	1
319	0.150	6	0	5	0	0	1
319	0.150	0	0	0	0	1	1
319	0.300	6	1	5	5	1	1
319	0.300	6	5	5	5	0	1
319	0.150	0	4	0	5	1	1
320	0.150	6	4	5	5	0	1
320	0.150	6	0	5	0	0	1
320	0.100	0	5	0	5	0	0
320	0.050	6	5	5	5	1	1
320	0.100	0	8	0	5	0	1
320	0.050	6	0	5	0	0	1
320	0.150	5	1	5	5	1	1
320	0.300	6	0	5	0	0	1
320	0.150	0	4	0	5	1	1
320	0.100	0	5	0	5	0	0
320	0.050	6	4	5	5	0	1
320	0.150	6	0	5	0	0	1
320	0.150	6	0	5	0	1	1
320	0.300	6	1	5	5	1	1
320	0.300	6	5	5	5	0	1
320	0.150	0	4	0	5	1	1
321	0.150	6	4	5	5	0	1
321	0.150	6	0	5	0	0	1
321	0.150	6	5	5	5	1	1
321	0.150	6	0	5	0	0	1
321	0.150	5	1	5	5	1	1
321	0.300	6	0	5	0	0	1
321	0.150	0	4	0	5	1	1
321	0.150	4	5	5	5	0	1
321	0.150	6	0	5	0	0	1
321	0.100	0	0	0	0	1	1
321	0.050	6	0	5	0	0	1
321	0.300	6	1	5	5	1	1
321	0.250	0	5	0	5	0	0
321	0.050	6	0	5	0	0	1
321	0.150	0	4	0	5	1	1
322	0.150	6	4	5	5	0	1
322	0.150	6	0	5	0	0	1
322	0.150	6	5	5	5	1	1
322	0.150	6	0	5	0	0	1
322	0.100	5	5	5	5	0	0
322	0.050	1	0	5	0	1	1
322	0.300	6	0	5	0	0	1
322	0.150	0	4	0	5	1	1
322	0.100	0	5	0	5	0	0
322	0.050	6	4	5	5	0	1
322	0.150	6	0	5	0	0	1
322	0.100	0	0	0	0	1	1
322	0.300	0	0	0	0	1	1
322	0.050	6	1	5	5	0	1
322	0.250	0	5	0	5	0	1
322	0.050	6	0	5	0	0	1
322	0.150	0	4	0	5	1	1
323	0.150	6	4	5	5	0	1
323	0.150	6	0	5	0	0	1
323	0.100	0	5	0	5	0	0
323	0.050	0	5	0	5	1	1
323	0.150	6	0	5	0	0	1
323	0.050	0	5	0	5	0	0
323	0.050	0	5	0	5	0	0
323	0.050	0	1	0	5	1	1
323	0.300	6	0	5	0	0	1
323	0.150	0	4	0	5	1	1
323	0.100	0	5	0	5	0	1
323	0.050	6	4	5	5	0	1
323	0.150	6	0	5	0	0	1
323	0.100	0	0	0	0	1	1
323	0.050	6	0	5	0	0	1
323	0.300	6	1	5	5	1	1
323	0.250	0	5	0	5	0	0
323	0.050	6	0	5	0	0	1
323	0.150	0	4	0	5	1	1
324	0.150	6	4	5	5	0	1
324	0.150	6	0	5	0	0	1
324	0.100	0	5	0	5	0	0
324	0.050	0	5	0	5	1	1
324	0.150	6	0	5	0	0	1
324	0.150	6	5	5	5	1	1
324	0.300	6	0	5	0	0	1
324	0.100	0	4	0	5	0	1
324	0.050	0	0	0	0	1	1
324	0.100	0	5	0	5	0	0
324	0.050	6	4	5	5	0	1
324	0.150	6	0	5	0	0	1
324	0.100	0	0	0	0	1	1
324	0.050	6	0	5	0	0	1
324	0.300	6	1	5	5	1	1
324	0.250	0	5	0	5	0	0
324	0.050	6	0	5	0	0	1
324	0.150	0	4	0	5	1	1
325	0.150	6	4	5	5	0	1
325	0.150	6	0	5	0	0	1
325	0.150	0	5	0	5	1	1
325	0.150	6	0	5	0	0	1
325	0.150	5	1	5	5	1	1
325	0.300	6	0	5	0	0	1
325	0.150	0	4	0	5	1	1
325	0.100	0	5	0	5	0	0
325	0.050	6	4	5	5	0	1
325	0.150	6	0	5	0	0	1
325	0.100	0	0	0	0	1	1
325	0.300	0	0	0	0	1	1
325	0.050	6	1	5	5	0	1
325	0.250	0	5	0	5	0	1
325	0.050	6	0	5	0	0	1
325	0.150	0	4	0	5	1	1
326	0.150	6	4	5	5	0	1
326	0.150	6	0	5	0	0	1
326	0.150	0	5	0	5	1	1
326	0.150	6	0	5	0	0	1
326	0.100	0	0	0	0	1	1
326	0.050	0	1	0	5	0	1
326	0.300	6	0	5	0	0	1
326	0.150	0	4	0	5	0	1
326	0.050	0	5	0	5	0	0
326	0.100	4	0	5	0	0	1
326	0.300	6	1	5	5	0	1
326	0.300	6	0	5	0	0	1
326	0.150	0	1	0	5	0	1
326	0.100	0	1	0	5	0	1
326	0.200	0	1	0	5	0	1
327	0.100	5	0	5	0	0	0
327	0.050	0	1	0	5	0	0
327	0.150	0	1	0	5	0	0
327	0.100	4	0	5	0	0	0
327	0.150	0	1	0	5	0	0
327	0.050	0	1	0	5	0	0
327	0.100	0	1	0	5	0	0
327	0.150	4	0	5	0	0	0
327	0.150	0	1	0	5	0	0
327	0.150	4	0	5	0	0	0
327	0.100	0	5	0	5	0	0
327	0.050	3	0	5	0	0	0
327	0.150	0	4	0	5	0	0
327	0.100	0	0	0	0	0	1
327	0.050	3	0	5	0	0	1
327	0.300	6	1	5	5	1	1
327	0.250	0	5	0	5	0	0
327	0.050	6	0	5	0	0	1
327	0.150	0	4	0	5	1	1
328	0.150	6	4	5	5	0	1
328	0.150	6	0	5	0	0	1
328	0.100	0	5	0	5	0	0
328	0.050	0	0	0	0	1	1
328	0.050	0	8	0	5	0	1
328	0.100	6	0	5	0	0	1
328	0.050	0	5	0	5	0	0
328	0.050	0	5	0	5	0	0
328	0.050	0	1	0	5	1	1
328	0.300	6	0	5	0	0	1
328	0.150	0	4	0	5	1	1
328	0.050	0	5	0	5	0	0
328	0.100	6	4	5	5	0	1
328	0.150	6	0	5	0	0	1
328	0.150	0	0	0	0	1	1
328	0.300	6	1	5	5	1	1
328	0.300	6	5	5	5	0	1
328	0.150	0	4	0	5	1	1
329	0.150	6	4	5	5	0	1
329	0.200	6	0	5	0	0	1
329	0.050	0	5	0	5	0	0
329	0.050	0	5	0	5	1	0
329	0.050	0	0	0	0	0	1
329	0.100	6	0	5	0	0	1
329	0.100	0	5	0	5	0	0
329	0.050	5	1	5	5	1	1
329	0.300	6	0	5	0	0	1
329	0.150	0	4	0	5	1	1
329	0.100	0	5	0	5	0	0
329	0.050	6	5	5	5	0	1
329	0.050	0	4	0	5	0	1
329	0.100	6	0	5	0	0	1
329	0.150	0	0	0	0	1	1
329	0.300	6	0	5	0	1	1
329	0.050	0	1	0	5	0	1
329	0.250	0	5	0	5	0	1
329	0.050	6	0	5	0	0	1
329	0.100	0	4	0	5	0	1
330	0.050	0	0	0	0	1	1
330	0.150	6	4	5	5	0	1
330	0.150	6	0	5	0	0	1
330	0.100	0	5	0	5	1	0
330	0.050	0	0	0	0	0	1
330	0.150	6	0	5	0	0	1
330	0.150	0	1	0	5	1	1
330	0.300	6	0	5	0	0	1
330	0.150	0	4	0	5	1	1
330	0.150	6	4	5	5	0	1
330	0.150	6	0	5	0	0	1
330	0.150	0	5	0	5	1	1
330	0.300	6	1	5	5	1	1
330	0.250	0	5	0	5	0	0
330	0.050	6	0	5	0	0	1
331	0.150	0	4	0	5	1	1
331	0.150	6	4	5	5	0	1
331	0.150	6	0	5	0	0	1
331	0.100	0	5	0	5	0	0
331	0.050	0	5	0	5	1	1
331	0.150	6	0	5	0	0	1
331	0.150	5	1	5	5	1	1
331	0.300	6	0	5	0	0	1
331	0.150	0	4	0	5	1	1
331	0.150	6	5	5	5	0	1
331	0.150	6	0	5	0	0	1
331	0.100	0	0	0	0	1	1
331	0.300	0	5	0	5	0	1
331	0.050	6	1	5	5	1	1
331	0.300	6	0	5	0	0	1
332	0.150	0	4	0	5	1	1
332	0.100	0	5	0	5	0	0
332	0.050	6	4	5	5	0	1
332	0.150	6	0	5	0	0	1
332	0.150	0	0	0	0	1	1
332	0.250	0	5	0	5	0	1
332	0.050	6	1	5	5	1	1
332	0.300	6	0	5	0	0	1
332	0.150	0	4	0	5	1	1
332	0.100	0	5	0	5	0	0
332	0.050	6	4	5	5	0	1
332	0.150	6	0	5	0	0	1
332	0.100	0	0	0	0	1	1
332	0.300	6	0	5	0	0	1
332	0.050	0	1	0	5	1	1
332	0.300	6	0	5	0	0	1
333	0.150	0	4	0	5	1	1
333	0.100	0	5	0	5	0	0
333	0.050	6	4	5	5	0	1
333	0.100	6	0	5	0	0	1
333	0.050	6	0	5	0	0	1
333	0.100	0	0	0	0	1	1
333	0.200	6	0	5	0	0	1
333	0.150	0	1	0	5	1	1
333	0.300	6	0	5	0	0	1
333	0.150	0	4	0	5	1	1
333	0.150	6	5	5	5	0	1
333	0.150	6	0	5	0	0	1
333	0.150	6	0	5	0	1	1
333	0.300	6	1	5	5	1	1
333	0.300	6	0	5	0	0	1
334	0.150	0	4	0	5	1	1
334	0.150	4	5	5	5	0	1
334	0.150	6	0	5	0	0	1
334	0.150	0	0	0	0	1	1
334	0.200	6	0	5	0	0	1
334	0.100	0	0	0	0	1	1
334	0.050	0	1	0	5	0	1
334	0.250	6	0	5	0	0	1
334	0.150	0	4	0	5	1	1
334	0.150	6	5	5	5	0	1
334	0.050	0	4	0	5	0	1
334	0.100	6	0	5	0	0	1
334	0.150	6	0	5	0	1	1
334	0.300	6	1	5	5	1	1
334	0.300	6	0	5	0	0	1
335	0.150	0	4	0	5	1	1
335	0.150	6	5	5	5	0	1
335	0.150	6	0	5	0	0	1
335	0.100	0	0	0	0	1	1
335	0.200	6	0	5	0	0	1
335	0.150	0	1	0	5	1	1
335	0.300	6	0	5	0	0	1
335	0.150	0	4	0	5	1	1
335	0.100	0	5	0	5	0	0
335	0.050	6	4	5	5	0	1
335	0.150	6	0	5	0	0	1
335	0.100	0	0	0	0	1	1
335	0.050	6	0	5	0	0	1
335	0.250	0	0	0	0	1	1
335	0.050	6	1	5	5	0	1
335	0.250	0	0	0	0	0	1
335	0.050	6	0	5	0	0	1
336	0.100	0	4	0	5	0	1
336	0.050	0	0	0	0	1	1
336	0.100	6	0	5	0	0	1
336	0.050	0	4	0	5	0	1
336	0.150	6	0	5	0	0	1
336	0.100	0	5	0	5	1	1
336	0.150	6	0	5	0	0	1
336	0.150	0	5	0	5	0	0
336	0.050	0	1	0	5	1	1
336	0.250	6	0	5	0	0	1
336	0.150	0	4	0	5	1	1
336	0.100	0	5	0	5	0	0
336	0.050	6	5	5	5	0	1
336	0.050	0	4	0	5	0	1
336	0.150	6	0	5	0	0	1
336	0.100	6	0	5	0	1	1
336	0.300	6	1	5	5	1	1
336	0.300	0	5	0	5	0	1
336	0.050	6	0	5	0	0	1
337	0.100	0	4	0	5	0	1
337	0.050	0	0	0	0	1	1
337	0.100	6	4	5	5	0	1
337	0.150	6	0	5	0	0	1
337	0.150	0	5	0	5	1	0
337	0.050	0	0	0	0	0	1
337	0.100	6	0	5	0	0	1
337	0.100	0	5	0	5	0	0
337	0.050	6	0	5	0	0	1
337	0.050	0	1	0	5	1	1
337	0.250	6	0	5	0	0	1
337	0.150	0	4	0	5	1	1
337	0.100	0	5	0	5	0	0
337	0.050	6	4	5	5	0	1
337	0.150	6	0	5	0	0	1
337	0.150	0	0	0	0	1	1
337	0.300	6	5	5	5	1	1
337	0.300	6	0	5	0	0	1
338	0.150	0	4	0	5	1	1
338	0.150	6	5	5	5	0	1
338	0.050	0	4	0	5	0	1
338	0.100	6	0	5	0	0	1
338	0.150	0	0	0	0	1	1
338	0.300	6	1	5	5	0	1
338	0.050	0	0	0	0	1	1
338	0.250	6	0	5	0	0	1
338	0.150	0	4	0	5	0	1
338	0.050	0	0	0	0	1	1
338	0.100	0	5	0	5	0	1
338	0.050	6	4	5	5	0	1
338	0.150	6	0	5	0	0	1
338	0.100	0	0	0	0	1	1
338	0.050	6	0	5	0	0	1
338	0.300	6	1	5	5	1	1
339	0.300	6	0	5	0	0	1
339	0.150	0	4	0	5	1	1
339	0.100	0	5	0	5	0	0
339	0.050	6	4	5	5	0	1
339	0.150	6	0	5	0	0	1
339	0.150	0	0	0	0	1	1
339	0.300	6	1	5	5	1	1
339	0.300	6	0	5	0	0	1
339	0.150	0	4	0	5	1	1
339	0.150	6	5	5	5	0	1
339	0.150	6	0	5	0	0	1
339	0.150	0	0	0	0	1	1
339	0.150	6	0	5	0	0	1
339	0.150	0	1	0	5	0	1
340	0.050	0	0	0	0	1	1
340	0.250	6	0	5	0	0	1
340	0.150	0	4	0	5	1	1
340	0.150	0	5	0	5	0	1
340	0.050	6	4	5	5	0	1
340	0.100	6	0	5	0	0	1
340	0.150	6	0	5	0	1	1
340	0.300	6	1	5	5	1	1
340	0.300	6	0	5	0	0	1
340	0.150	0	4	0	5	1	1
340	0.150	6	5	5	5	0	1
340	0.050	0	4	0	5	0	1
340	0.100	6	0	5	0	0	1
340	0.150	0	0	0	0	1	1
340	0.150	6	0	5	0	0	1
340	0.150	0	1	0	5	1	1
341	0.300	6	0	5	0	0	1
341	0.150	0	4	0	5	1	1
341	0.150	6	4	5	5	0	1
341	0.150	6	0	5	0	0	1
341	0.100	0	0	0	0	1	1
341	0.050	6	0	5	0	0	1
341	0.300	6	1	5	5	1	1
341	0.300	6	0	5	0	0	1
341	0.150	0	4	0	5	1	1
341	0.100	0	5	0	5	0	0
341	0.050	6	4	5	5	0	1
341	0.150	6	0	5	0	0	1
341	0.100	0	0	0	0	1	1
341	0.200	6	0	5	0	0	1
341	0.150	0	1	0	5	1	1
342	0.300	6	0	5	0	0	1
342	0.100	0	0	0	0	1	1
342	0.050	0	4	0	5	0	1
342	0.100	0	5	0	5	0	0
342	0.050	6	4	5	5	0	1
342	0.150	6	0	5	0	0	1
342	0.100	0	0	0	0	1	1
342	0.350	6	1	5	5	1	1
342	0.300	6	0	5	0	0	1
342	0.150	0	4	0	5	1	1
342	0.150	6	4	5	5	0	1
342	0.150	6	0	5	0	0	1
342	0.050	0	5	0	5	0	0
342	0.050	0	5	0	5	0	0
342	0.050	6	0	5	0	1	1
342	0.150	6	0	5	0	0	1
342	0.050	0	5	0	5	0	0
342	0.100	0	1	0	5	1	1
343	0.250	6	0	5	0	0	1
343	0.150	0	4	0	5	1	1
343	0.150	0	5	0	5	0	1
343	0.050	6	4	5	5	0	1
343	0.150	6	0	5	0	0	1
343	0.100	6	0	5	0	1	1
343	0.200	6	0	5	0	0	1
343	0.100	0	0	0	0	1	1
343	0.050	0	1	0	5	0	1
343	0.250	6	5	5	5	0	1
343	0.150	0	4	0	5	0	1
343	0.050	0	0	0	0	1	1
343	0.100	6	0	5	0	0	1
343	0.050	0	4	0	5	0	1
343	0.100	6	0	5	0	0	1
343	0.100	0	5	0	5	0	0
343	0.050	0	0	0	0	1	0
343	0.050	0	0	0	0	0	1
343	0.150	6	0	5	0	0	1
343	0.100	0	1	0	5	1	1
344	0.300	6	5	5	5	0	1
344	0.150	0	4	0	5	0	1
344	0.050	0	0	0	0	1	1
344	0.100	6	4	5	5	0	1
344	0.150	6	0	5	0	0	1
344	0.150	6	5	5	5	1	1
344	0.350	6	1	5	5	1	1
344	0.250	0	5	0	5	0	1
344	0.050	6	0	5	0	0	1
344	0.100	0	4	0	5	0	1
344	0.050	0	0	0	0	1	1
344	0.150	6	4	5	5	0	1
344	0.150	6	0	5	0	0	1
344	0.050	0	5	0	5	0	0
344	0.050	0	5	0	5	1	1
344	0.200	6	0	5	0	0	1
344	0.100	0	5	0	5	0	1
345	0.050	0	1	0	5	1	1
345	0.250	6	0	5	0	0	1
345	0.150	0	4	0	5	1	1
345	0.150	0	5	0	5	0	1
345	0.050	6	4	5	5	0	1
345	0.150	6	0	5	0	0	1
345	0.100	0	0	0	0	1	1
345	0.300	6	1	5	5	1	1
345	0.300	6	5	5	5	0	1
345	0.150	0	4	0	5	0	1
345	0.050	0	0	0	0	1	1
345	0.100	6	0	5	0	0	1
345	0.050	0	4	0	5	0	1
345	0.150	6	0	5	0	0	1
345	0.100	0	5	0	5	1	1
345	0.200	6	0	5	0	0	1
345	0.100	0	5	0	5	1	1
346	0.050	0	1	0	5	0	1
346	0.250	6	0	5	0	0	1
346	0.150	0	4	0	5	1	1
346	0.150	6	5	5	5	0	1
346	0.050	0	4	0	5	0	1
346	0.100	6	0	5	0	0	1
346	0.150	0	0	0	0	1	1
346	0.300	6	1	5	5	1	1
346	0.300	6	5	5	5	0	1
346	0.150	0	4	0	5	1	1
346	0.150	6	4	5	5	0	1
346	0.200	6	0	5	0	0	1
346	0.100	0	5	0	5	1	1
346	0.150	6	0	5	0	0	1
346	0.150	5	1	5	5	1	1
347	0.300	6	0	5	0	0	1
347	0.150	0	4	0	5	1	1
347	0.150	6	5	5	5	0	1
347	0.150	6	0	5	0	0	1
347	0.150	0	0	0	0	1	1
347	0.300	6	1	5	5	1	1
347	0.300	0	5	0	5	0	1
347	0.050	6	0	5	0	0	1
347	0.100	0	4	0	5	0	1
347	0.050	0	0	0	0	1	1
347	0.150	6	4	5	5	0	1
347	0.150	6	0	5	0	0	1
347	0.100	0	5	0	5	1	0
347	0.050	0	0	0	0	0	1
347	0.100	6	0	5	0	0	1
348	0.200	0	1	0	5	1	1
348	0.250	6	5	5	5	0	0
348	0.050	0	0	0	0	0	1
348	0.100	0	4	0	5	0	1
348	0.050	0	0	0	0	1	1
348	0.150	6	4	5	5	0	1
348	0.150	6	0	5	0	0	1
348	0.100	0	5	0	5	0	0
348	0.050	0	0	0	0	1	1
348	0.300	6	1	5	5	1	1
348	0.250	0	5	0	5	0	0
348	0.050	6	0	5	0	0	1
348	0.150	0	4	0	5	1	1
348	0.150	6	4	5	5	0	1
348	0.150	6	0	5	0	0	1
348	0.100	0	5	0	5	0	0
348	0.050	0	0	0	0	1	1
349	0.150	6	0	5	0	0	1
349	0.100	0	5	0	5	0	0
349	0.050	0	1	0	5	1	1
349	0.300	6	0	5	0	0	1
349	0.100	0	0	0	0	1	1
349	0.050	0	4	0	5	0	1
349	0.100	0	5	0	5	0	0
349	0.050	6	4	5	5	0	1
349	0.150	6	0	5	0	0	1
349	0.100	0	0	0	0	1	1
349	0.300	0	0	0	0	1	1
349	0.050	6	1	5	5	0	1
349	0.250	0	5	0	5	0	1
349	0.050	6	0	5	0	0	1
349	0.100	0	4	0	5	1	1
349	0.200	6	4	5	5	0	1
349	0.150	6	0	5	0	0	1
349	0.100	0	5	0	5	1	0
349	0.050	6	0	5	0	0	1
350	0.100	6	0	5	0	0	1
350	0.150	0	0	0	0	1	1
350	0.050	0	1	0	5	0	1
350	0.250	0	5	0	5	0	0
350	0.050	6	0	5	0	0	1
350	0.100	0	4	0	5	0	1
350	0.050	0	0	0	0	1	1
350	0.150	6	4	5	5	0	1
350	0.150	6	0	5	0	0	1
350	0.100	0	0	0	0	1	1
350	0.300	6	5	5	5	0	1
350	0.050	0	1	0	5	1	1
350	0.300	6	0	5	0	0	1
350	0.100	0	4	0	5	0	1
350	0.050	0	0	0	0	1	1
350	0.100	6	5	5	5	0	1
350	0.150	6	0	5	0	0	1
350	0.150	0	0	0	0	1	1
351	0.300	0	0	0	0	0	1
351	0.050	6	1	5	5	1	1
351	0.300	6	0	5	0	0	1
351	0.100	0	4	0	5	0	1
351	0.050	0	0	0	0	1	1
351	0.100	0	5	0	5	0	0
351	0.050	6	4	5	5	0	1
351	0.150	6	0	5	0	0	1
351	0.100	6	0	5	0	1	1
351	0.300	6	0	5	0	0	1
351	0.050	0	1	0	5	1	1
351	0.300	6	0	5	0	0	1
351	0.150	0	4	0	5	1	1
351	0.150	6	5	5	5	0	1
351	0.150	6	0	5	0	0	1
351	0.100	0	0	0	0	1	1
352	0.050	6	0	5	0	0	1
352	0.300	6	1	5	5	1	1
352	0.300	6	0	5	0	0	1
352	0.150	0	4	0	5	1	1
352	0.150	6	5	5	5	0	1
352	0.150	6	0	5	0	0	1
352	0.150	0	0	0	0	1	1
352	0.150	6	0	5	0	0	1
352	0.150	0	1	0	5	1	1
352	0.300	6	0	5	0	0	1
352	0.150	0	4	0	5	1	1
352	0.100	0	5	0	5	0	0
352	0.050	6	4	5	5	0	1
352	0.150	6	0	5	0	0	1
352	0.100	0	0	0	0	1	1
353	0.350	6	1	5	5	1	1
353	0.300	6	0	5	0	0	1
353	0.150	0	4	0	5	1	1
353	0.100	0	5	0	5	0	0
353	0.050	6	4	5	5	0	1
353	0.150	6	0	5	0	0	1
353	0.100	0	0	0	0	1	1
353	0.200	6	0	5	0	0	1
353	0.150	0	1	0	5	1	1
353	0.300	6	0	5	0	0	1
353	0.150	0	4	0	5	1	1
353	0.150	6	5	5	5	0	1
353	0.150	6	0	5	0	0	1
353	0.100	0	0	0	0	1	1
354	0.350	6	1	5	5	1	1
354	0.300	6	0	5	0	0	1
354	0.150	0	4	0	5	1	1
354	0.150	6	4	5	5	0	1
354	0.150	6	0	5	0	0	1
354	0.100	0	0	0	0	1	1
354	0.200	6	0	5	0	0	1
354	0.150	0	1	0	5	1	1
354	0.300	6	0	5	0	0	1
354	0.150	0	4	0	5	1	1
354	0.150	6	4	5	5	0	1
354	0.150	6	0	5	0	0	1
354	0.100	0	0	0	0	1	1
355	0.350	6	1	5	5	1	1
355	0.300	6	0	5	0	0	1
355	0.150	0	4	0	5	1	1
355	0.100	0	5	0	5	0	0
355	0.050	6	4	5	5	0	1
355	0.150	6	0	5	0	0	1
355	0.100	0	0	0	0	1	1
355	0.200	6	0	5	0	0	1
355	0.100	0	0	0	0	0	1
355	0.050	0	1	0	5	1	1
355	0.300	6	0	5	0	0	1
355	0.150	0	4	0	5	1	1
355	0.100	0	5	0	5	0	0
355	0.050	6	4	5	5	0	1
355	0.150	6	0	5	0	0	1
355	0.100	0	0	0	0	1	1
356	0.350	6	1	5	5	1	1
356	0.300	6	0	5	0	0	1
356	0.150	0	4	0	5	1	1
356	0.150	6	4	5	5	0	1
356	0.150	6	0	5	0	0	1
356	0.100	0	5	0	5	0	0
356	0.050	0	0	0	0	1	1
356	0.150	6	0	5	0	0	1
356	0.100	0	5	0	5	0	0
356	0.050	0	1	0	5	1	1
356	0.300	6	0	5	0	0	1
356	0.150	0	4	0	5	1	1
356	0.150	6	4	5	5	0	1
356	0.150	6	0	5	0	0	1
356	0.100	0	0	0	0	1	1
357	0.300	6	0	5	0	1	1
357	0.050	0	1	0	5	0	1
357	0.300	6	0	5	0	0	1
357	0.100	0	4	0	5	0	1
357	0.050	0	0	0	0	1	1
357	0.150	6	4	5	5	0	1
357	0.100	6	0	5	0	0	1
357	0.200	0	5	0	5	1	1
357	0.150	6	0	5	0	0	1
357	0.150	0	1	0	5	1	1
357	0.250	6	0	5	0	0	1
357	0.150	0	4	0	5	1	1
357	0.150	6	4	5	5	0	1
357	0.150	6	0	5	0	0	1
357	0.150	0	5	0	5	1	1
358	0.300	6	1	5	5	1	1
358	0.300	0	0	0	0	0	1
358	0.050	6	0	5	0	0	1
358	0.100	0	4	0	5	1	1
358	0.150	6	4	5	5	0	1
358	0.150	6	0	5	0	0	1
358	0.150	0	5	0	5	1	1
358	0.200	6	0	5	0	0	1
358	0.100	0	1	0	5	1	1
358	0.300	6	0	5	0	0	1
358	0.150	0	4	0	5	1	1
358	0.150	6	4	5	5	0	1
358	0.150	6	0	5	0	0	1
358	0.100	0	0	0	0	1	1
359	0.350	6	1	5	5	1	1
359	0.300	6	5	5	5	0	1
359	0.100	0	4	0	5	0	1
359	0.050	0	0	0	0	1	1
359	0.150	6	4	5	5	0	1
359	0.150	6	0	5	0	0	1
359	0.150	0	5	0	5	1	1
359	0.150	6	0	5	0	0	1
359	0.150	0	1	0	5	1	1
359	0.300	6	0	5	0	0	1
359	0.150	0	4	0	5	0	1
359	0.100	0	5	0	5	0	0
359	0.050	6	4	5	5	1	1
360	0.600	6	1	5	5	1	1
360	0.300	6	5	5	5	0	1
360	0.150	0	4	0	5	0	1
360	0.050	0	0	0	0	1	1
360	0.100	6	4	5	5	0	1
360	0.150	6	0	5	0	0	1
360	0.150	0	5	0	5	1	1
360	0.150	6	0	5	0	0	1
360	0.150	0	1	0	5	0	1
360	0.050	0	0	0	0	1	1
360	0.250	6	0	5	0	0	1
360	0.150	0	4	0	5	0	1
360	0.150	6	5	5	5	0	1
361	0.050	0	0	0	0	1	1
361	0.100	6	0	5	0	0	1
361	0.450	0	1	0	5	1	1
361	0.050	6	0	5	0	0	1
361	0.250	6	0	5	0	0	1
361	0.150	0	4	0	5	0	1
361	0.050	0	0	0	0	1	1
361	0.150	6	4	5	5	0	1
361	0.150	6	0	5	0	0	1
361	0.100	0	5	0	5	0	0
361	0.050	0	0	0	0	1	1
361	0.100	6	0	5	0	0	1
361	0.150	0	1	0	5	1	1
361	0.300	6	0	5	0	0	1
361	0.150	0	4	0	5	0	1
361	0.150	6	5	5	5	0	1
362	0.050	0	0	0	0	1	1
362	0.100	6	0	5	0	0	1
362	0.450	6	1	5	5	1	1
362	0.300	6	0	5	0	0	1
362	0.150	0	4	0	5	0	1
362	0.050	0	0	0	0	1	1
362	0.100	6	4	5	5	0	1
362	0.150	6	0	5	0	0	1
362	0.150	0	5	0	5	1	1
362	0.150	6	0	5	0	0	1
362	0.150	0	1	0	5	1	1
362	0.300	6	0	5	0	0	1
362	0.150	0	4	0	5	1	1
362	0.150	6	4	5	5	0	1
363	0.150	6	0	5	0	0	1
363	0.150	0	0	0	0	1	1
363	0.300	6	0	5	0	1	1
363	0.300	6	5	5	5	0	1
363	0.150	0	1	0	5	1	1
363	0.200	6	0	5	0	0	1
363	0.100	0	1	0	5	0	1
363	0.100	0	5	0	5	0	0
363	0.050	1	0	5	0	1	1
363	0.150	1	0	5	0	0	1
363	0.050	0	5	0	5	0	0
363	0.100	1	0	5	0	0	0
363	0.150	1	0	5	0	0	0
363	0.100	1	0	5	0	0	1
363	0.050	1	0	5	0	0	1
363	0.150	0	1	0	5	0	1
363	0.150	1	0	5	0	0	1
364	0.250	0	5	0	5	0	1
364	0.350	6	1	5	5	1	1
364	0.300	6	0	5	0	0	1
364	0.150	0	4	0	5	1	1
364	0.150	6	4	5	5	0	1
364	0.150	6	0	5	0	0	1
364	0.150	0	5	0	5	1	1
364	0.200	6	0	5	0	0	1
364	0.100	0	0	0	0	1	1
364	0.050	0	1	0	5	0	1
364	0.250	6	0	5	0	0	1
364	0.150	0	4	0	5	1	1
364	0.150	6	4	5	5	0	1
365	0.150	6	0	5	0	0	1
365	0.150	0	0	0	0	1	1
365	0.300	6	1	5	5	1	1
365	0.300	0	0	0	0	0	1
365	0.050	6	0	5	0	0	1
365	0.100	0	4	0	5	0	1
365	0.050	0	0	0	0	1	1
365	0.100	6	0	5	0	0	1
365	0.050	0	4	0	5	0	1
365	0.100	6	0	5	0	0	1
365	0.150	0	0	0	0	1	1
365	0.150	6	0	5	0	0	1
365	0.150	0	1	0	5	1	1
365	0.300	6	0	5	0	0	1
365	0.150	0	4	0	5	1	1
365	0.150	6	4	5	5	0	1
366	0.150	6	0	5	0	0	1
366	0.150	0	0	0	0	1	1
366	0.050	0	8	0	5	0	1
366	0.250	6	1	5	5	0	1
366	0.050	0	0	0	0	1	1
366	0.250	6	0	5	0	0	1
366	0.150	0	4	0	5	1	1
366	0.150	6	4	5	5	0	1
366	0.150	6	0	5	0	0	1
366	0.150	0	0	0	0	1	1
366	0.050	0	8	0	5	0	1
366	0.100	6	0	5	0	0	1
366	0.150	6	0	5	0	1	1
366	0.050	0	1	0	5	0	1
366	0.250	6	0	5	0	0	1
366	0.150	0	0	0	0	1	1
366	0.050	0	4	0	5	0	1
366	0.100	0	0	0	0	0	1
367	0.050	6	4	5	5	0	1
367	0.150	6	0	5	0	0	1
367	0.100	0	0	0	0	1	1
367	0.300	6	1	5	5	1	1
367	0.300	6	5	5	5	0	1
367	0.150	0	4	0	5	1	1
367	0.150	6	4	5	5	0	1
367	0.150	6	0	5	0	0	1
367	0.150	0	5	0	5	1	1
367	0.050	0	8	0	5	0	1
367	0.100	6	0	5	0	0	1
367	0.150	0	0	0	0	1	1
367	0.050	6	1	5	5	0	1
367	0.250	6	0	5	0	0	1
367	0.200	0	4	0	5	1	1
367	0.100	6	5	5	5	0	0
368	0.050	0	4	0	5	0	1
368	0.150	6	0	5	0	0	1
368	0.150	0	0	0	0	1	1
368	0.300	6	1	5	5	1	1
368	0.250	0	5	0	5	0	1
368	0.050	6	0	5	0	0	1
368	0.100	0	4	0	5	0	1
368	0.050	0	0	0	0	1	1
368	0.100	6	0	5	0	0	1
368	0.050	0	4	0	5	0	1
368	0.100	6	0	5	0	0	1
368	0.150	0	0	0	0	1	1
368	0.050	0	8	0	5	0	1
368	0.100	6	0	5	0	0	1
368	0.150	6	1	5	5	1	1
368	0.300	6	0	5	0	0	1
368	0.250	0	5	0	5	0	0
368	0.050	6	0	5	0	1	1
369	0.050	0	4	0	5	0	1
369	0.550	6	1	5	5	1	1
369	0.300	6	0	5	0	0	1
369	0.150	0	4	0	5	1	1
369	0.150	6	4	5	5	0	1
369	0.150	6	0	5	0	0	1
369	0.150	0	0	0	0	0	1
369	0.050	0	0	0	0	1	1
369	0.150	6	0	5	0	0	1
369	0.100	0	1	0	5	1	1
369	0.300	6	0	5	0	0	1
369	0.150	0	4	0	5	1	1
369	0.150	6	5	5	5	0	1
370	0.150	6	0	5	0	0	1
370	0.450	6	1	5	5	1	1
370	0.300	6	0	5	0	0	1
370	0.150	0	4	0	5	1	1
370	0.150	6	4	5	5	0	1
370	0.150	6	0	5	0	0	1
370	0.150	0	5	0	5	1	1
370	0.200	6	0	5	0	0	1
370	0.100	0	1	0	5	1	1
370	0.250	0	5	0	5	0	0
370	0.050	6	0	5	0	0	1
370	0.150	0	4	0	5	1	1
370	0.150	6	4	5	5	0	1
371	0.150	6	0	5	0	0	1
371	0.150	0	0	0	0	1	1
371	0.300	6	1	5	5	1	1
371	0.300	6	0	5	0	0	1
371	0.150	0	4	0	5	1	1
371	0.150	6	4	5	5	0	1
371	0.150	6	0	5	0	0	1
371	0.150	0	0	0	0	1	1
371	0.150	6	0	5	0	0	1
371	0.150	6	1	5	5	1	1
371	0.350	6	0	5	0	0	1
371	0.100	0	4	0	5	0	1
371	0.150	4	5	5	5	1	1
372	0.200	6	0	5	0	0	1
372	0.450	6	1	5	5	1	1
372	0.300	6	0	5	0	0	1
372	0.150	0	4	0	5	1	1
372	0.150	6	4	5	5	0	1
372	0.150	6	0	5	0	0	1
372	0.150	0	0	0	0	1	1
372	0.150	6	0	5	0	0	1
372	0.100	0	0	0	0	1	1
372	0.050	6	1	5	5	0	1
372	0.300	6	0	5	0	0	1
372	0.100	0	4	0	5	0	1
372	0.150	0	0	0	0	0	1
373	0.050	6	4	5	5	1	1
373	0.150	6	0	5	0	0	1
373	0.150	0	0	0	0	1	1
373	0.300	6	1	5	5	1	1
373	0.300	6	0	5	0	0	1
373	0.100	0	4	0	5	0	1
373	0.050	0	0	0	0	1	1
373	0.100	6	0	5	0	0	1
373	0.050	0	4	0	5	0	1
373	0.150	6	0	5	0	0	1
373	0.150	0	5	0	5	1	1
373	0.100	6	0	5	0	0	1
373	0.150	0	0	0	0	1	1
373	0.050	6	1	5	5	0	1
373	0.300	6	0	5	0	0	1
373	0.100	0	4	0	5	0	1
373	0.150	0	4	0	5	1	1
374	0.050	6	0	5	0	0	1
374	0.150	6	0	5	0	0	1
374	0.100	0	5	0	5	1	1
374	0.300	6	1	5	5	0	1
374	0.300	6	0	5	0	1	1
374	0.150	0	4	0	5	0	1
374	0.100	0	0	0	0	0	1
374	0.050	6	4	5	5	1	1
374	0.150	6	0	5	0	0	1
374	0.150	0	0	0	0	1	1
374	0.150	6	0	5	0	0	1
374	0.100	0	0	0	0	1	1
374	0.050	6	1	5	5	0	1
374	0.300	6	0	5	0	0	1
374	0.150	0	4	0	5	1	1
374	0.150	6	4	5	5	0	1
375	0.100	6	0	5	0	0	1
375	0.200	0	0	0	0	1	1
375	0.050	0	8	0	5	0	1
375	0.200	6	1	5	5	0	1
375	0.050	0	0	0	0	1	1
375	0.250	0	0	0	0	0	1
375	0.050	6	0	5	0	0	1
375	0.100	0	4	0	5	0	1
375	0.050	0	0	0	0	1	1
375	0.100	6	0	5	0	0	1
375	0.050	0	4	0	5	0	1
375	0.150	6	0	5	0	0	1
375	0.100	0	0	0	0	0	1
375	0.050	0	0	0	0	1	1
375	0.150	6	0	5	0	0	1
375	0.150	6	1	5	5	1	1
375	0.300	0	0	0	0	0	1
375	0.050	6	0	5	0	0	1
375	0.150	0	4	0	5	1	1
376	0.150	6	4	5	5	0	1
376	0.150	6	0	5	0	0	1
376	0.100	0	0	0	0	1	1
376	0.300	6	0	5	0	1	1
376	0.050	0	1	0	5	0	1
376	0.250	0	0	0	0	0	1
376	0.050	6	0	5	0	0	1
376	0.100	0	4	0	5	0	1
376	0.050	0	0	0	0	1	1
376	0.100	6	0	5	0	0	1
376	0.050	0	4	0	5	0	1
376	0.100	6	0	5	0	0	1
376	0.150	0	0	0	0	1	1
376	0.150	6	0	5	0	0	1
376	0.150	0	1	0	5	1	1
376	0.050	6	0	5	0	0	1
376	0.250	6	0	5	0	0	1
376	0.150	0	4	0	5	1	1
377	0.150	6	5	5	5	0	1
377	0.150	6	0	5	0	0	1
377	0.150	0	0	0	0	1	1
377	0.300	6	0	5	0	1	1
377	0.050	0	1	0	5	0	1
377	0.250	0	0	0	0	0	1
377	0.050	6	0	5	0	0	1
377	0.100	0	4	0	5	1	1
377	0.150	6	4	5	5	0	1
377	0.150	6	0	5	0	0	1
377	0.150	0	0	0	0	1	1
377	0.150	6	0	5	0	0	1
377	0.150	6	1	5	5	1	1
377	0.300	6	0	5	0	0	1
377	0.150	0	4	0	5	1	1
378	0.150	6	0	5	0	0	1
378	0.050	0	4	0	5	0	1
378	0.100	6	0	5	0	0	1
378	0.150	0	0	0	0	1	1
378	0.300	0	0	0	0	1	1
378	0.050	6	1	5	5	0	1
378	0.250	0	0	0	0	0	1
378	0.050	6	0	5	0	0	1
378	0.100	0	4	0	5	0	1
378	0.050	0	0	0	0	1	1
378	0.100	6	0	5	0	0	1
378	0.050	0	4	0	5	0	1
378	0.150	6	0	5	0	0	1
378	0.100	0	0	0	0	1	1
378	0.050	0	8	0	5	0	1
378	0.150	6	0	5	0	0	1
378	0.150	6	1	5	5	1	1
378	0.250	0	0	0	0	0	1
378	0.050	6	0	5	0	0	1
379	0.150	0	4	0	5	1	1
379	0.150	6	4	5	5	0	1
379	0.150	6	0	5	0	0	1
379	0.100	0	0	0	0	1	1
379	0.300	6	1	5	5	1	1
379	0.300	0	0	0	0	0	1
379	0.050	6	0	5	0	0	1
379	0.100	0	4	0	5	0	1
379	0.050	0	0	0	0	1	1
379	0.100	6	4	5	5	0	1
379	0.150	6	0	5	0	0	1
379	0.150	0	0	0	0	1	1
379	0.150	6	0	5	0	0	1
379	0.100	0	5	0	5	0	0
379	0.050	6	1	5	5	1	1
379	0.300	6	0	5	0	0	1
380	0.150	0	4	0	5	0	1
380	0.050	0	0	0	0	1	1
380	0.100	6	4	5	5	0	1
380	0.050	0	0	0	0	0	1
380	0.100	6	0	5	0	0	1
380	0.150	0	0	0	0	1	1
380	0.300	6	1	5	5	0	1
380	0.050	0	0	0	0	1	1
380	0.250	0	0	0	0	0	1
380	0.050	6	0	5	0	0	1
380	0.100	0	4	0	5	1	1
380	0.150	6	4	5	5	0	1
380	0.150	6	0	5	0	0	1
380	0.150	0	0	0	0	1	1
380	0.150	6	0	5	0	0	1
380	0.100	0	0	0	0	1	1
380	0.050	6	1	5	5	0	1
380	0.300	6	0	5	0	0	1
381	0.100	0	0	0	0	1	1
381	0.050	0	4	0	5	0	1
381	0.100	0	0	0	0	0	1
381	0.050	6	4	5	5	0	1
381	0.150	6	0	5	0	0	1
381	0.100	0	0	0	0	1	1
381	0.350	6	1	5	5	1	1
381	0.300	6	0	5	0	0	1
381	0.150	0	4	0	5	1	1
381	0.150	6	4	5	5	0	1
381	0.150	6	0	5	0	0	1
381	0.150	0	0	0	0	1	1
381	0.150	6	0	5	0	0	1
381	0.150	6	1	5	5	1	1
381	0.300	6	0	5	0	0	1
382	0.150	0	4	0	5	0	1
382	0.150	6	5	5	5	1	1
382	0.150	6	0	5	0	0	1
382	0.450	0	1	0	5	0	1
382	0.050	6	0	5	0	1	1
382	0.250	0	0	0	0	1	1
382	0.050	6	0	5	0	0	1
382	0.100	0	4	0	5	0	1
382	0.150	6	4	5	5	0	1
382	0.050	0	0	0	0	0	1
382	0.100	6	0	5	0	0	1
382	0.450	6	1	5	5	0	1
382	0.300	6	0	5	0	0	1
383	0.300	4	1	5	5	0	1
383	0.600	6	1	5	5	0	1
383	0.300	6	0	5	0	1	1
383	0.150	0	4	0	5	0	1
383	0.150	6	0	5	0	1	1
383	0.150	0	1	0	5	0	1
383	0.150	0	1	0	5	0	1
383	0.100	0	0	0	0	1	1
383	0.200	3	1	5	5	0	1
383	0.300	3	0	5	0	1	1
384	0.300	3	1	5	5	0	1
384	0.600	6	1	5	5	0	1
384	0.050	0	0	0	0	1	1
384	0.250	6	0	5	0	0	1
384	0.150	0	4	0	5	1	1
384	0.150	6	4	5	5	0	1
384	0.100	6	0	5	0	0	1
384	0.200	0	0	0	0	0	1
384	0.250	0	1	0	5	0	1
384	0.050	0	1	0	5	0	1
384	0.300	3	0	5	0	0	1
385	0.300	3	1	5	5	0	1
385	0.200	0	1	0	5	0	1
385	0.050	5	0	5	0	0	1
385	0.100	0	1	0	5	0	1
385	0.250	0	0	0	0	1	1
385	0.300	3	0	5	0	0	1
385	0.050	0	1	0	5	0	1
385	0.100	0	1	0	5	0	1
385	0.050	0	1	0	5	0	1
385	0.100	0	1	0	5	0	1
385	0.150	1	0	5	0	0	1
385	0.150	3	0	5	0	0	1
385	0.150	0	1	0	5	0	1
385	0.150	0	1	0	5	0	1
385	0.300	0	1	0	5	0	1
386	0.300	4	0	5	0	0	1
386	0.050	4	0	5	0	0	1
386	0.100	0	1	0	5	0	1
386	0.150	1	0	5	0	0	1
386	0.100	0	0	0	0	0	1
386	0.050	0	1	0	5	0	1
386	0.200	6	1	5	5	1	1
386	0.250	6	0	5	0	0	1
386	0.050	0	0	0	0	0	1
386	0.150	0	4	0	5	1	1
386	0.150	6	4	5	5	0	1
386	0.150	6	0	5	0	0	1
386	0.100	0	0	0	0	1	1
386	0.350	6	1	5	5	1	1
386	0.250	0	0	0	0	0	1
387	0.050	6	0	5	0	0	1
387	0.150	0	4	0	5	1	1
387	0.150	6	0	5	0	0	1
387	0.300	6	1	5	5	1	1
387	0.300	6	4	5	5	1	1
387	0.300	6	0	5	0	0	1
387	0.150	0	1	0	5	1	1
387	0.150	6	0	5	0	0	1
387	0.100	6	0	5	0	0	1
387	0.050	0	1	0	5	0	1
387	0.100	0	0	0	0	1	1
387	0.050	0	1	0	5	0	1
387	0.150	0	1	0	5	0	1
387	0.150	4	1	5	5	1	1
387	0.250	0	0	0	0	0	1
388	0.050	0	1	0	5	0	1
388	0.150	1	0	5	0	1	1
388	0.100	1	0	5	0	0	1
388	0.200	0	4	0	5	0	1
388	0.100	1	0	5	0	0	1
388	0.050	0	0	0	0	1	1
388	0.150	1	0	5	0	0	1
388	0.150	0	1	0	5	1	1
388	0.050	6	0	5	0	0	1
388	0.100	0	1	0	5	0	1
388	0.150	6	0	5	0	0	1
388	0.150	0	4	0	5	1	1
388	0.150	6	0	5	0	0	1
388	0.150	6	0	5	0	0	1
388	0.100	0	0	0	0	1	1
388	0.050	0	1	0	5	0	1
388	0.300	6	1	5	5	1	1
388	0.250	0	0	0	0	0	1
389	0.050	6	0	5	0	0	1
389	0.150	6	0	5	0	1	1
389	0.150	6	4	5	5	0	1
389	0.300	6	0	5	0	0	1
389	0.300	6	1	5	5	1	1
389	0.300	6	0	5	0	0	1
389	0.150	0	4	0	5	1	1
389	0.100	6	0	5	0	0	1
389	0.050	0	4	0	5	0	1
389	0.100	6	0	5	0	0	1
389	0.150	0	0	0	0	1	1
389	0.150	6	0	5	0	0	1
389	0.200	6	1	5	5	1	1
389	0.250	0	0	0	0	0	1
390	0.050	6	0	5	0	0	1
390	0.150	0	4	0	5	1	1
390	0.150	6	0	5	0	0	1
390	0.150	0	4	0	5	0	1
390	0.150	0	1	0	5	0	1
390	0.050	0	1	0	5	0	1
390	0.100	0	1	0	5	0	1
390	0.050	0	1	0	5	0	1
390	0.100	6	0	5	0	1	1
390	0.300	6	1	5	5	0	1
390	0.150	0	0	0	0	1	1
390	0.150	6	0	5	0	0	1
390	0.100	0	4	0	5	0	1
390	0.150	0	1	0	5	0	1
390	0.050	0	0	0	0	0	1
390	0.100	0	0	0	0	1	1
390	0.150	0	0	0	0	1	1
390	0.050	6	0	5	0	0	1
390	0.250	0	0	0	0	0	1
391	0.050	6	1	5	5	0	1
391	0.300	6	0	5	0	1	1
391	0.200	0	5	0	5	0	0
391	0.050	8	5	5	5	0	0
391	0.050	6	0	5	0	0	1
391	0.050	0	1	0	5	0	1
391	0.100	5	1	5	5	0	0
391	0.050	0	1	0	5	0	0
391	0.050	0	0	0	0	1	0
391	0.050	6	0	5	0	0	0
391	0.300	6	1	5	5	0	1
391	0.300	6	0	5	0	1	1
391	0.100	5	1	5	5	0	0
391	0.150	5	0	5	0	0	1
391	0.050	6	0	5	0	0	1
391	0.100	0	0	0	0	1	1
391	0.150	0	0	0	0	1	1
391	0.050	6	0	5	0	0	1
391	0.100	0	1	0	5	0	1
391	0.050	0	1	0	5	0	1
391	0.100	0	8	0	5	1	1
392	0.200	0	8	0	5	0	1
392	0.100	6	0	5	0	0	1
392	0.050	0	5	0	5	0	1
392	0.150	0	1	0	5	0	1
392	0.100	0	0	0	0	0	1
392	0.050	6	0	5	0	0	1
392	0.100	0	0	0	0	1	1
392	0.200	6	6	5	5	1	1
392	0.300	6	1	5	5	0	1
392	0.150	0	0	0	0	1	1
392	0.150	6	0	5	0	1	1
392	0.150	0	4	0	5	0	1
392	0.100	0	0	0	0	0	1
392	0.050	0	1	0	5	0	1
392	0.150	0	0	0	0	1	1
392	0.150	6	5	5	5	1	1
393	0.300	6	1	5	5	0	1
393	0.300	6	0	5	0	1	1
393	0.300	6	1	5	5	0	1
393	0.050	6	0	5	0	0	1
393	0.200	0	0	0	0	0	1
393	0.050	4	1	5	5	0	1
393	0.300	6	0	5	0	0	1
393	0.300	6	0	5	0	1	1
393	0.300	4	1	5	5	0	1
393	0.300	6	0	5	0	0	1
394	0.050	0	1	0	5	0	1
394	0.250	6	0	5	0	1	1
394	0.300	4	1	5	5	0	1
394	0.300	8	0	5	0	0	1
394	0.300	6	0	5	0	1	1
394	0.300	6	1	5	5	0	1
394	0.300	6	0	5	0	0	1
394	0.150	0	4	0	5	0	1
394	0.150	0	1	0	5	0	1
394	0.150	0	0	0	0	1	1
394	0.150	0	0	0	0	1	1
395	0.050	6	0	5	0	0	1
395	0.150	0	1	0	5	0	1
395	0.100	0	0	0	0	0	1
395	0.050	6	0	5	0	0	1
395	0.100	0	0	0	0	1	1
395	0.150	0	1	0	5	0	1
395	0.050	4	0	5	0	0	1
395	0.250	6	0	5	0	1	1
395	0.150	0	1	0	5	0	1
395	0.150	6	5	5	5	0	1
395	0.100	0	1	0	5	0	1
395	0.050	0	0	0	0	1	1
395	0.100	6	0	5	0	0	1
395	0.050	0	0	0	0	1	1
395	0.150	0	4	0	5	0	1
395	0.150	5	1	5	5	0	1
395	0.150	0	0	0	0	1	1
395	0.150	5	0	5	0	0	1
395	0.050	0	1	0	5	0	1
395	0.100	0	1	0	5	0	1
395	0.150	0	0	0	0	1	1
396	0.150	4	0	5	0	0	1
396	0.150	0	1	0	5	0	1
396	0.300	0	1	0	5	0	1
396	0.050	0	1	0	5	0	1
396	0.200	5	0	5	0	0	0
396	0.050	0	1	0	5	0	1
396	0.150	0	1	0	5	0	1
396	0.150	6	0	5	0	1	1
396	0.150	0	1	0	5	0	1
396	0.150	1	1	5	5	0	1
396	0.100	0	0	0	0	1	1
396	0.200	0	0	0	0	1	1
396	0.100	1	1	5	5	0	1
396	0.100	1	0	5	0	0	1
396	0.050	1	0	5	0	0	1
396	0.150	0	0	0	0	1	1
396	0.050	0	5	0	5	0	0
396	0.100	0	0	0	0	0	1
396	0.050	6	0	5	0	0	1
397	0.100	0	4	0	5	0	1
397	0.200	0	1	0	5	0	1
397	0.100	0	0	0	0	1	1
397	0.200	0	0	0	0	1	1
397	0.150	0	4	0	5	0	1
397	0.150	0	1	0	5	0	1
397	0.100	5	0	5	0	0	0
397	0.050	0	0	0	0	1	0
397	0.100	5	0	5	0	0	1
397	0.050	0	1	0	5	0	1
397	0.100	5	0	5	0	0	0
397	0.050	8	0	5	0	0	0
397	0.200	8	0	5	0	0	0
397	0.250	8	0	5	0	0	0
397	0.600	8	0	5	0	0	0
398	0.500	0	1	0	5	0	0
398	0.100	0	1	0	5	0	0
398	0.300	3	0	5	0	0	0
398	0.300	6	1	5	5	0	0
398	0.050	0	0	0	0	1	0
398	0.250	6	0	5	0	0	1
398	0.150	0	4	0	5	0	1
398	0.150	6	0	5	0	0	1
398	0.150	6	0	5	0	0	1
398	0.150	0	1	0	5	0	1
398	0.300	6	1	5	5	0	1
399	0.600	6	1	5	5	0	1
399	0.600	6	1	5	5	1	1
399	0.300	6	0	5	0	0	1
399	0.150	0	4	0	5	1	1
399	0.150	6	4	5	5	0	1
399	0.150	6	0	5	0	0	1
399	0.150	0	0	0	0	1	1
399	0.300	6	1	5	5	1	1
400	0.100	0	1	0	5	0	1
400	0.200	6	0	5	0	0	1
400	0.150	0	4	0	5	1	1
400	0.150	6	0	5	0	0	1
400	0.300	6	1	5	5	1	1
400	0.300	6	1	5	5	1	1
400	0.300	6	0	5	0	0	1
400	0.150	0	4	0	5	1	1
400	0.150	6	4	5	5	0	1
400	0.150	6	0	5	0	0	1
400	0.100	0	0	0	0	1	1
400	0.200	6	0	5	0	0	1
400	0.150	0	1	0	5	1	1
401	0.250	0	0	0	0	0	1
401	0.050	6	0	5	0	0	1
401	0.150	0	4	0	5	1	1
401	0.150	6	4	5	5	0	1
401	0.150	6	0	5	0	0	1
401	0.100	0	0	0	0	1	1
401	0.300	6	1	5	5	0	1
401	0.050	0	0	0	0	1	1
401	0.250	0	0	0	0	0	1
401	0.050	6	0	5	0	0	1
401	0.150	0	4	0	5	1	1
401	0.100	6	0	5	0	0	1
401	0.050	0	4	0	5	0	1
401	0.150	6	0	5	0	0	1
401	0.150	0	0	0	0	1	1
401	0.150	6	0	5	0	0	1
401	0.150	0	1	0	5	1	1
402	0.250	6	0	5	0	0	1
402	0.050	0	0	0	0	0	1
402	0.150	0	4	0	5	1	1
402	0.150	6	4	5	5	0	1
402	0.150	6	0	5	0	0	1
402	0.150	0	0	0	0	1	1
402	0.300	6	1	5	5	1	1
402	0.300	6	0	5	0	0	1
402	0.150	0	4	0	5	1	1
402	0.150	6	4	5	5	0	1
402	0.150	6	0	5	0	0	1
402	0.150	0	5	0	5	1	1
402	0.100	6	0	5	0	0	1
402	0.200	5	1	5	5	1	1
403	0.300	6	0	5	0	0	1
403	0.150	0	0	0	0	1	1
403	0.100	0	5	0	5	0	0
403	0.050	6	0	5	0	0	1
403	0.300	1	1	5	5	0	1
403	0.300	6	0	5	0	1	1
403	0.300	6	1	5	5	0	1
403	0.150	0	0	0	0	1	1
403	0.150	6	0	5	0	0	1
403	0.150	0	4	0	5	0	1
403	0.100	6	0	5	0	0	1
403	0.050	0	4	0	5	1	1
403	0.100	6	0	5	0	0	1
403	0.200	0	0	0	0	1	1
404	0.050	6	1	5	5	0	1
404	0.550	0	1	0	5	0	1
404	0.050	0	1	0	5	0	1
404	0.550	6	1	5	5	1	1
404	0.300	6	0	5	0	0	1
404	0.150	0	4	0	5	1	1
404	0.150	6	4	5	5	0	1
404	0.150	6	0	5	0	0	1
404	0.150	0	0	0	0	1	1
404	0.150	6	0	5	0	0	1
404	0.150	0	1	0	5	1	1
405	0.300	6	0	5	0	0	1
405	0.150	0	4	0	5	1	1
405	0.150	6	4	5	5	0	1
405	0.150	6	0	5	0	0	1
405	0.100	0	0	0	0	1	1
405	0.050	0	0	0	0	0	1
405	0.250	6	1	5	5	1	1
405	0.300	6	0	5	0	0	1
405	0.150	0	0	0	0	1	1
405	0.050	0	4	0	5	0	1
405	0.100	6	0	5	0	0	1
405	0.050	0	4	0	5	0	1
405	0.100	6	0	5	0	0	1
405	0.150	0	0	0	0	1	1
405	0.200	6	0	5	0	0	1
405	0.100	0	1	0	5	1	1
406	0.200	6	0	5	0	0	1
406	0.100	0	4	0	5	0	1
406	0.150	0	0	0	0	1	1
406	0.150	6	1	5	5	0	1
406	0.300	6	5	5	5	1	1
406	0.300	6	1	5	5	1	1
406	0.300	6	0	5	0	0	1
406	0.150	0	4	0	5	1	1
406	0.150	6	4	5	5	0	1
406	0.150	6	0	5	0	0	1
406	0.150	0	0	0	0	1	1
406	0.150	6	0	5	0	0	1
406	0.150	0	1	0	5	1	1
407	0.300	6	0	5	0	0	1
407	0.150	0	4	0	5	1	1
407	0.150	6	4	5	5	0	1
407	0.150	6	0	5	0	0	1
407	0.150	0	0	0	0	1	1
407	0.300	6	1	5	5	1	1
407	0.300	6	0	5	0	0	1
407	0.150	0	4	0	5	1	1
407	0.150	6	4	5	5	0	1
407	0.150	6	0	5	0	0	1
407	0.150	0	5	0	5	1	1
407	0.150	6	0	5	0	0	1
407	0.100	0	5	0	5	0	0
407	0.050	6	1	5	5	1	1
408	0.300	6	0	5	0	0	1
408	0.150	0	4	0	5	1	1
408	0.150	6	5	5	5	0	1
408	0.150	6	0	5	0	0	1
408	0.150	0	0	0	0	1	1
408	0.300	6	1	5	5	1	1
408	0.300	6	5	5	5	0	1
408	0.150	0	4	0	5	0	1
408	0.050	0	0	0	0	1	1
408	0.100	6	0	5	0	0	1
408	0.050	0	4	0	5	0	1
408	0.100	6	0	5	0	0	1
408	0.150	0	5	0	5	1	1
408	0.200	6	0	5	0	0	1
408	0.100	0	1	0	5	1	1
409	0.300	6	0	5	0	0	1
409	0.200	0	4	0	5	0	1
409	0.100	6	5	5	5	0	1
409	0.050	0	4	0	5	1	1
409	0.100	6	0	5	0	0	1
409	0.500	6	1	5	5	1	1
409	0.250	0	5	0	5	0	1
409	0.050	6	0	5	0	0	1
409	0.100	0	4	0	5	0	1
409	0.050	0	0	0	0	1	1
409	0.150	6	4	5	5	0	1
409	0.150	6	0	5	0	0	1
409	0.100	0	5	0	5	0	0
409	0.050	0	0	0	0	1	1
409	0.150	6	0	5	0	0	1
409	0.100	0	0	0	0	0	1
410	0.050	6	1	5	5	1	1
410	0.300	6	0	5	0	0	1
410	0.150	0	4	0	5	0	1
410	0.100	0	0	0	0	0	1
410	0.050	6	4	5	5	1	1
410	0.150	6	0	5	0	0	1
410	0.150	0	0	0	0	1	1
410	0.300	6	1	5	5	1	1
410	0.300	6	0	5	0	0	1
410	0.150	0	4	0	5	1	1
410	0.150	6	4	5	5	0	1
410	0.150	6	0	5	0	0	1
410	0.150	0	0	0	0	1	1
410	0.050	0	8	0	5	0	1
410	0.100	6	0	5	0	0	1
411	0.150	6	1	5	5	1	1
411	0.300	6	0	5	0	0	1
411	0.150	0	4	0	5	0	1
411	0.150	6	4	5	5	1	1
411	0.150	6	0	5	0	0	1
411	0.150	0	0	0	0	1	1
411	0.300	6	1	5	5	1	1
411	0.300	6	0	5	0	0	1
411	0.150	0	4	0	5	1	1
411	0.100	6	0	5	0	0	1
411	0.050	0	4	0	5	0	1
411	0.150	6	0	5	0	0	1
411	0.150	0	0	0	0	1	1
411	0.050	0	8	0	5	0	1
411	0.100	6	0	5	0	0	1
412	0.150	6	1	5	5	1	1
412	0.300	6	0	5	0	0	1
412	0.150	0	4	0	5	0	1
412	0.150	6	4	5	5	1	1
412	0.150	6	0	5	0	0	1
412	0.150	0	0	0	0	1	1
412	0.300	6	1	5	5	1	1
412	0.300	6	0	5	0	0	1
412	0.100	0	4	0	5	0	1
412	0.050	0	0	0	0	1	1
412	0.100	6	0	5	0	0	1
412	0.050	0	4	0	5	0	1
412	0.100	6	0	5	0	0	1
412	0.150	0	0	0	0	1	1
412	0.200	6	0	5	0	0	1
413	0.100	6	0	5	0	1	1
413	0.050	6	1	5	5	0	1
413	0.300	6	0	5	0	0	1
413	0.100	0	4	0	5	0	1
413	0.200	6	4	5	5	1	1
413	0.150	6	0	5	0	0	1
413	0.150	0	0	0	0	1	1
413	0.300	6	1	5	5	1	1
413	0.300	6	0	5	0	0	1
413	0.150	0	4	0	5	1	1
413	0.100	6	0	5	0	0	1
413	0.050	0	4	0	5	0	1
413	0.150	6	0	5	0	0	1
413	0.150	0	0	0	0	1	1
413	0.050	0	8	0	5	0	1
413	0.100	6	0	5	0	0	1
414	0.100	0	0	0	0	1	1
414	0.050	6	1	5	5	0	1
414	0.300	6	0	5	0	0	1
414	0.150	0	4	0	5	0	1
414	0.150	6	4	5	5	1	1
414	0.150	6	0	5	0	0	1
414	0.150	0	0	0	0	1	1
414	0.300	6	1	5	5	1	1
414	0.300	6	0	5	0	0	1
414	0.150	0	4	0	5	1	1
414	0.100	6	0	5	0	0	1
414	0.050	0	4	0	5	0	1
414	0.150	6	0	5	0	0	1
414	0.150	0	0	0	0	1	1
414	0.050	0	8	0	5	0	1
414	0.100	6	0	5	0	0	1
415	0.100	0	0	0	0	1	1
415	0.050	6	1	5	5	0	1
415	0.300	6	0	5	0	0	1
415	0.100	0	0	0	0	1	1
415	0.050	0	4	0	5	0	1
415	0.100	0	0	0	0	0	1
415	0.050	6	4	5	5	0	1
415	0.150	6	0	5	0	0	1
415	0.100	0	0	0	0	1	1
415	0.300	6	1	5	5	1	1
415	0.300	6	0	5	0	0	1
415	0.150	0	4	0	5	1	1
415	0.150	6	4	5	5	0	1
415	0.150	6	0	5	0	0	1
415	0.150	0	0	0	0	1	1
415	0.200	6	0	5	0	0	1
416	0.100	0	1	0	5	1	1
416	0.050	6	0	5	0	0	1
416	0.250	6	0	5	0	0	1
416	0.150	0	4	0	5	1	1
416	0.150	6	4	5	5	0	1
416	0.200	6	0	5	0	0	1
416	0.100	0	0	0	0	1	1
416	0.300	6	1	5	5	1	1
416	0.300	0	0	0	0	0	1
416	0.050	6	0	5	0	0	1
416	0.100	0	4	0	5	1	1
416	0.150	6	4	5	5	0	1
416	0.150	6	0	5	0	0	1
416	0.150	0	0	0	0	1	1
416	0.150	6	0	5	0	0	1
417	0.100	0	0	0	0	0	1
417	0.050	6	1	5	5	1	1
417	0.300	6	0	5	0	0	1
417	0.100	0	0	0	0	1	1
417	0.050	0	4	0	5	0	1
417	0.150	6	4	5	5	0	1
417	0.150	6	0	5	0	0	1
417	0.100	0	0	0	0	1	1
417	0.200	6	0	5	0	0	1
417	0.100	0	0	0	0	1	1
417	0.050	6	1	5	5	0	1
417	0.250	6	0	5	0	0	1
417	0.150	0	4	0	5	1	1
417	0.150	6	4	5	5	0	1
417	0.150	6	0	5	0	0	1
417	0.150	6	0	5	0	1	1
417	0.150	0	6	0	5	0	1
418	0.150	6	1	5	5	1	1
418	0.300	6	0	5	0	0	1
418	0.150	0	4	0	5	1	1
418	0.150	6	4	5	5	0	1
418	0.150	6	0	5	0	0	1
418	0.150	0	0	0	0	1	1
418	0.200	6	0	5	0	0	1
418	0.150	6	1	5	5	1	1
418	0.300	6	0	5	0	0	1
418	0.150	0	4	0	5	1	1
418	0.150	6	4	5	5	0	1
418	0.150	6	0	5	0	0	1
418	0.150	0	0	0	0	1	1
419	0.150	6	0	5	0	0	1
419	0.150	6	1	5	5	1	1
419	0.300	6	5	5	5	0	1
419	0.150	0	4	0	5	1	1
419	0.150	0	4	0	5	0	1
419	0.050	6	0	5	0	0	1
419	0.100	6	0	5	0	0	1
419	0.150	0	0	0	0	1	1
419	0.150	6	0	5	0	0	1
419	0.150	6	1	5	5	1	1
419	0.300	6	0	5	0	0	1
419	0.150	0	4	0	5	0	1
419	0.050	0	0	0	0	1	1
419	0.100	6	4	5	5	0	1
419	0.200	6	0	5	0	0	1
419	0.100	0	0	0	0	1	1
420	0.050	0	0	0	0	0	1
420	0.050	0	8	0	5	0	1
420	0.050	6	0	5	0	0	1
420	0.200	6	1	5	5	1	1
420	0.250	0	0	0	0	0	1
420	0.050	6	0	5	0	0	1
420	0.100	0	4	0	5	1	1
420	0.200	6	4	5	5	0	1
420	0.150	6	0	5	0	0	1
420	0.150	0	0	0	0	1	1
420	0.150	6	0	5	0	0	1
420	0.150	6	1	5	5	1	1
420	0.300	6	0	5	0	0	1
420	0.100	0	4	0	5	0	1
420	0.050	0	0	0	0	1	1
420	0.100	6	0	5	0	0	1
420	0.050	0	4	0	5	0	1
420	0.150	6	0	5	0	0	1
420	0.100	0	0	0	0	1	1
421	0.150	6	0	5	0	0	1
421	0.150	5	1	5	5	1	1
421	0.300	6	0	5	0	0	1
421	0.150	0	4	0	5	1	1
421	0.150	6	5	5	5	0	1
421	0.150	6	0	5	0	0	1
421	0.150	0	0	0	0	1	1
421	0.150	6	0	5	0	0	1
421	0.150	6	1	5	5	1	1
421	0.300	6	0	5	0	0	1
421	0.150	0	4	0	5	0	1
421	0.050	0	0	0	0	1	1
421	0.150	6	4	5	5	0	1
421	0.200	6	0	5	0	0	1
421	0.050	0	5	0	5	0	0
422	0.050	0	0	0	0	1	1
422	0.300	6	1	5	5	1	1
422	0.300	6	0	5	0	1	1
422	0.150	0	4	0	5	0	1
422	0.050	6	0	5	0	0	1
422	0.100	0	4	0	5	0	1
422	0.050	6	0	5	0	0	1
422	0.250	6	1	5	5	0	1
422	0.050	0	0	0	0	0	1
422	0.150	6	1	5	5	0	1
422	0.100	0	5	0	5	0	0
422	0.200	6	1	5	5	0	0
422	0.050	0	0	0	0	0	1
422	0.150	0	1	0	5	0	1
422	0.050	6	0	5	0	0	1
422	0.150	0	1	0	5	0	1
422	0.050	6	0	5	0	0	1
422	0.200	3	1	5	5	0	1
423	0.150	3	0	5	0	0	1
423	0.050	0	1	0	5	0	1
423	0.150	3	1	5	5	0	1
423	0.200	3	1	5	5	0	1
423	0.200	4	1	5	5	0	1
423	0.200	4	1	5	5	0	1
423	0.200	4	0	5	0	0	1
423	0.050	0	1	0	5	0	1
423	0.150	4	0	5	0	0	1
423	0.050	0	1	0	5	0	1
423	0.150	6	1	5	5	0	1
423	0.050	0	0	0	0	1	1
423	0.250	6	0	5	0	0	1
423	0.150	0	4	0	5	1	1
423	0.100	6	0	5	0	0	1
423	0.200	6	0	5	0	0	1
424	0.150	6	5	5	5	1	1
424	0.300	6	1	5	5	1	1
424	0.150	0	1	0	5	0	1
424	0.100	0	0	0	0	0	1
424	0.050	0	1	0	5	0	1
424	0.150	0	1	0	5	1	1
424	0.150	0	1	0	5	0	1
424	0.300	0	8	0	5	0	1
424	0.300	6	1	5	5	1	1
424	0.300	6	0	5	0	0	1
424	0.150	0	4	0	5	1	1
424	0.100	6	0	5	0	0	1
424	0.050	0	4	0	5	0	1
424	0.100	6	0	5	0	0	1
425	0.150	0	0	0	0	1	1
425	0.150	6	0	5	0	0	1
425	0.150	6	1	5	5	1	1
425	0.300	6	0	5	0	0	1
425	0.150	0	4	0	5	0	1
425	0.050	0	0	0	0	1	1
425	0.100	6	0	5	0	0	1
425	0.150	6	0	5	0	0	1
425	0.150	0	0	0	0	1	1
425	0.300	6	1	5	5	1	1
425	0.250	0	1	0	5	0	1
425	0.050	6	0	5	0	0	1
425	0.150	0	1	0	5	1	1
425	0.150	0	5	0	5	0	1
425	0.050	1	0	5	0	0	1
426	0.150	0	4	0	5	0	1
426	0.100	0	0	0	0	1	1
426	0.050	6	0	5	0	0	1
426	0.300	6	1	5	5	0	1
426	0.250	0	0	0	0	1	1
426	0.050	6	0	5	0	0	1
426	0.150	0	4	0	5	0	1
426	0.100	0	0	0	0	0	1
426	0.050	6	0	5	0	0	1
426	0.150	0	0	0	0	1	1
426	0.100	0	5	0	5	0	1
426	0.050	1	0	5	0	0	1
426	0.300	6	1	5	5	1	1
426	0.250	0	0	0	0	0	1
426	0.050	6	0	5	0	0	1
426	0.150	0	4	0	5	1	1
426	0.100	6	0	5	0	0	1
426	0.050	0	4	0	5	0	1
427	0.150	6	0	5	0	0	1
427	0.100	0	5	0	5	1	1
427	0.200	6	0	5	0	0	1
427	0.100	0	0	0	0	1	1
427	0.050	6	1	5	5	0	1
427	0.250	0	0	0	0	0	1
427	0.050	6	0	5	0	0	1
427	0.150	0	4	0	5	1	1
427	0.100	6	0	5	0	0	1
427	0.050	0	4	0	5	0	1
427	0.150	6	0	5	0	0	1
427	0.150	0	0	0	0	1	1
427	0.300	0	1	0	5	1	1
427	0.050	6	0	5	0	0	1
427	0.250	6	0	5	0	0	1
427	0.150	0	4	0	5	1	1
427	0.150	6	4	5	5	0	1
428	0.150	6	0	5	0	0	1
428	0.150	0	0	0	0	1	1
428	0.050	0	8	0	5	0	1
428	0.100	6	0	5	0	0	1
428	0.150	6	1	5	5	1	1
428	0.250	0	0	0	0	0	1
428	0.050	6	0	5	0	0	1
428	0.150	0	4	0	5	1	1
428	0.150	6	4	5	5	0	1
428	0.150	6	0	5	0	0	1
428	0.100	0	0	0	0	0	1
428	0.050	0	0	0	0	1	1
428	0.300	6	1	5	5	1	1
428	0.250	0	0	0	0	0	1
428	0.050	6	0	5	0	0	1
428	0.150	6	4	5	5	1	1
428	0.150	6	4	5	5	0	1
429	0.150	6	0	5	0	0	1
429	0.100	0	5	0	5	0	1
429	0.050	0	0	0	0	1	1
429	0.150	6	0	5	0	0	1
429	0.100	0	5	0	5	1	1
429	0.050	6	1	5	5	0	1
429	0.300	6	0	5	0	0	1
429	0.100	0	4	0	5	1	1
429	0.150	6	5	5	5	0	1
429	0.050	0	4	0	5	0	1
429	0.150	6	0	5	0	0	1
429	0.100	0	0	0	0	1	1
429	0.200	6	0	5	0	0	1
429	0.100	0	0	0	0	1	1
429	0.050	6	1	5	5	0	1
429	0.250	0	0	0	0	0	1
429	0.050	6	0	5	0	0	1
429	0.150	0	4	0	5	1	1
429	0.100	6	0	5	0	0	1
429	0.050	0	4	0	5	0	1
430	0.150	6	0	5	0	0	1
430	0.100	0	5	0	5	0	0
430	0.050	0	0	0	0	1	1
430	0.100	6	0	5	0	0	1
430	0.150	6	0	5	0	0	1
430	0.050	0	1	0	5	1	1
430	0.300	6	0	5	0	0	1
430	0.150	0	4	0	5	1	1
430	0.100	6	0	5	0	0	1
430	0.050	0	4	0	5	0	1
430	0.150	6	0	5	0	0	1
430	0.150	0	0	0	0	1	1
430	0.150	6	0	5	0	0	1
430	0.150	6	1	5	5	1	1
430	0.300	6	0	5	0	0	1
430	0.150	0	4	0	5	1	1
430	0.100	6	0	5	0	0	1
430	0.050	0	4	0	5	0	1
431	0.150	6	0	5	0	0	1
431	0.150	0	5	0	5	1	1
431	0.100	6	0	5	0	0	1
431	0.200	6	1	5	5	1	1
431	0.300	6	0	5	0	0	1
431	0.150	0	4	0	5	1	1
431	0.100	6	5	5	5	0	0
431	0.050	0	4	0	5	0	1
431	0.150	6	0	5	0	0	1
431	0.150	0	0	0	0	1	1
431	0.150	6	0	5	0	0	1
431	0.150	6	6	5	5	1	1
431	0.300	0	6	0	5	0	1
431	0.150	0	4	0	5	1	1
431	0.100	6	0	5	0	0	1
431	0.050	0	4	0	5	0	1
432	0.150	6	0	5	0	0	1
432	0.150	0	5	0	5	1	1
432	0.100	6	0	5	0	0	1
432	0.200	6	1	5	5	1	1
432	0.300	6	0	5	0	0	1
432	0.100	0	0	0	0	1	1
432	0.050	0	4	0	5	0	1
432	0.100	6	5	5	5	0	0
432	0.050	0	4	0	5	0	1
432	0.150	6	0	5	0	0	1
432	0.100	0	0	0	0	1	1
432	0.050	6	0	5	0	0	1
432	0.150	0	6	0	5	0	1
432	0.150	6	1	5	5	1	1
432	0.250	0	5	0	5	0	0
432	0.050	6	0	5	0	0	1
432	0.100	0	4	0	5	0	1
432	0.050	0	0	0	0	1	1
432	0.100	6	0	5	0	0	1
432	0.050	0	4	0	5	0	1
433	0.150	6	0	5	0	0	1
433	0.150	0	0	0	0	1	1
433	0.100	6	0	5	0	0	1
433	0.200	6	1	5	5	1	1
433	0.250	0	5	0	5	0	1
433	0.050	6	0	5	0	0	1
433	0.100	0	4	0	5	1	1
433	0.150	6	0	5	0	0	1
433	0.050	0	4	0	5	0	1
433	0.150	6	0	5	0	0	1
433	0.100	0	0	0	0	1	1
433	0.150	6	0	5	0	0	1
433	0.150	0	0	0	0	1	1
433	0.050	6	1	5	5	0	1
433	0.250	6	0	5	0	0	1
433	0.150	0	4	0	5	0	1
433	0.050	0	0	0	0	1	1
433	0.100	6	4	5	5	0	1
434	0.150	6	0	5	0	0	1
434	0.150	0	5	0	5	1	1
434	0.150	6	0	5	0	0	1
434	0.100	0	5	0	5	0	0
434	0.050	6	1	5	5	1	1
434	0.300	6	0	5	0	0	1
434	0.150	0	4	0	5	1	1
434	0.100	6	5	5	5	0	0
434	0.050	0	4	0	5	0	1
434	0.150	6	0	5	0	0	1
434	0.150	6	0	5	0	1	1
434	0.150	0	6	0	5	0	1
434	0.150	6	1	5	5	1	1
434	0.300	6	0	5	0	0	1
434	0.150	0	4	0	5	1	1
434	0.150	6	4	5	5	0	1
435	0.150	6	0	5	0	0	1
435	0.150	0	5	0	5	1	1
435	0.150	6	0	5	0	0	1
435	0.150	6	1	5	5	1	1
435	0.300	6	0	5	0	0	1
435	0.150	0	4	0	5	1	1
435	0.150	6	4	5	5	0	1
435	0.150	6	0	5	0	0	1
435	0.150	0	5	0	5	1	1
435	0.200	6	0	5	0	0	1
435	0.100	0	1	0	5	1	1
435	0.050	6	0	5	0	0	1
435	0.250	6	0	5	0	0	1
435	0.150	0	4	0	5	1	1
435	0.150	6	4	5	5	0	1
436	0.150	6	0	5	0	0	1
436	0.150	0	5	0	5	1	1
436	0.300	6	1	5	5	1	1
436	0.300	6	0	5	0	0	1
436	0.150	0	4	0	5	1	1
436	0.150	6	4	5	5	0	1
436	0.150	6	0	5	0	0	1
436	0.150	0	0	0	0	1	1
436	0.050	6	0	5	0	0	1
436	0.100	6	0	5	0	0	1
436	0.150	6	1	5	5	1	1
436	0.300	6	0	5	0	0	1
436	0.150	0	4	0	5	1	1
436	0.150	6	4	5	5	0	1
437	0.150	6	0	5	0	0	1
437	0.150	0	0	0	0	1	1
437	0.150	6	0	5	0	0	1
437	0.150	6	1	5	5	1	1
437	0.300	6	0	5	0	0	1
437	0.150	0	4	0	5	0	1
437	0.050	0	0	0	0	1	1
437	0.100	6	0	5	0	0	1
437	0.050	0	4	0	5	0	1
437	0.150	6	0	5	0	0	1
437	0.100	0	0	0	0	0	1
437	0.050	0	0	0	0	1	1
437	0.100	6	0	5	0	0	1
437	0.200	6	1	5	5	1	1
437	0.250	0	0	0	0	0	1
437	0.050	6	0	5	0	0	1
437	0.100	0	4	0	5	0	1
437	0.050	0	0	0	0	1	1
438	0.150	6	4	5	5	0	1
438	0.150	6	0	5	0	0	1
438	0.100	0	0	0	0	1	1
438	0.050	6	0	5	0	0	1
438	0.150	0	6	0	5	0	1
438	0.150	6	1	5	5	1	1
438	0.300	6	0	5	0	0	1
438	0.150	0	4	0	5	1	1
438	0.150	6	4	5	5	0	1
438	0.150	6	0	5	0	0	1
438	0.150	0	0	0	0	1	1
438	0.150	6	0	5	0	0	1
438	0.150	6	1	5	5	1	1
438	0.300	6	0	5	0	0	1
438	0.150	0	4	0	5	1	1
439	0.150	6	4	5	5	0	1
439	0.150	6	0	5	0	0	1
439	0.150	0	0	0	0	1	1
439	0.150	6	0	5	0	0	1
439	0.150	6	1	5	5	1	1
439	0.300	6	0	5	0	0	1
439	0.150	0	4	0	5	1	1
439	0.150	6	4	5	5	0	1
439	0.150	6	0	5	0	0	1
439	0.100	0	0	0	0	0	1
439	0.050	6	8	5	5	1	1
439	0.150	6	0	5	0	0	1
439	0.150	6	1	5	5	1	1
439	0.250	0	0	0	0	0	1
439	0.050	6	0	5	0	0	1
439	0.100	0	4	0	5	0	1
439	0.050	0	0	0	0	1	1
440	0.150	6	4	5	5	0	1
440	0.150	6	0	5	0	0	1
440	0.100	0	5	0	5	1	1
440	0.200	6	0	5	0	0	1
440	0.050	6	0	5	0	0	1
440	0.050	6	5	5	5	1	1
440	0.050	0	1	0	5	0	1
440	0.050	6	0	5	0	0	1
440	0.600	0	0	0	0	0	1
440	0.500	6	0	5	0	0	1
440	0.050	0	1	0	5	1	1
440	0.300	6	0	5	0	0	1
440	0.100	0	4	0	5	0	1
440	0.050	0	0	0	0	1	1
441	0.100	6	0	5	0	0	1
441	0.050	0	4	0	5	0	1
441	0.150	6	0	5	0	0	1
441	0.100	0	5	0	5	1	1
441	0.150	6	0	5	0	0	1
441	0.100	0	5	0	5	0	0
441	0.050	6	1	5	5	1	1
441	0.600	0	0	0	0	0	1
441	0.600	6	1	5	5	1	1
441	0.300	6	0	5	0	0	1
441	0.150	0	4	0	5	1	1
442	0.150	6	4	5	5	0	1
442	0.150	6	0	5	0	0	1
442	0.150	0	5	0	5	1	1
442	0.050	0	8	0	5	0	1
442	0.100	6	0	5	0	0	1
442	0.150	6	1	5	5	1	1
442	0.300	6	0	5	0	0	1
442	0.150	0	4	0	5	1	1
442	0.150	6	4	5	5	0	1
442	0.150	6	0	5	0	0	1
442	0.150	0	0	0	0	1	1
442	0.150	6	0	5	0	0	1
442	0.150	6	1	5	5	1	1
442	0.300	6	0	5	0	0	1
442	0.150	0	4	0	5	1	1
443	0.100	0	5	0	5	0	0
443	0.050	6	4	5	5	0	1
443	0.150	6	0	5	0	0	1
443	0.150	0	0	0	0	1	1
443	0.150	6	0	5	0	0	1
443	0.150	6	5	5	5	0	1
443	0.300	6	0	5	0	1	1
443	0.150	0	4	0	5	0	1
443	0.150	6	4	5	5	0	1
443	0.150	6	0	5	0	0	1
443	0.450	6	1	5	5	1	1
443	0.300	6	5	5	5	0	1
443	0.150	0	4	0	5	1	1
444	0.150	6	4	5	5	0	1
444	0.150	6	0	5	0	0	1
444	0.150	0	5	0	5	1	1
444	0.150	6	0	5	0	0	1
444	0.150	6	1	5	5	1	1
444	0.300	6	5	5	5	0	1
444	0.150	0	4	0	5	1	1
444	0.150	6	4	5	5	0	1
444	0.150	6	0	5	0	0	1
444	0.150	5	5	5	5	1	0
444	0.050	0	0	0	0	0	1
444	0.250	6	1	5	5	1	1
444	0.200	0	1	0	5	0	1
444	0.100	0	0	0	0	0	1
445	0.300	0	0	0	0	1	1
445	0.350	0	0	0	0	1	1
445	0.300	1	1	5	5	0	1
445	0.600	0	0	0	0	0	0
445	0.600	0	0	0	0	0	0
446	0.600	0	0	0	0	0	0
446	0.600	0	0	0	0	0	0
end	100
